file,experiment,run_id,job_id,array_id,seed,base_model,base_only,num_agents,num_news_agents,graph_type,graph_mean_degree,homophily,question_number,add_survey_to_context,proportions_option,activity_exponent,stimulus_mode,survey_order_mode,max_steps,survey_interval,model,model_family,lora_finetuned,mean_opinion_shift_rate,mean_current_majority_follow_rate,mean_consensus_gain,mean_neighbor_alignment_shift_rate,initial_consensus,final_consensus,net_consensus_change,initial_diversity,final_diversity,network_assortativity,mean_local_agreement,cross_cutting_edge_fraction,mean_same_option_exposure_share,mean_exposure_diversity,delta_assortativity,order_consistency_rate,mean_abs_margin,flip_count,low_margin_flip_share,mean_abs_margin_before_flip,bert_accuracy,bert_auc,survey_count,run_complete
visualizer_v2_e1_core_10000.json,e1_core,10000,9858256,0,10000,marcelbinz/Llama-3.1-Minitaur-8B,False,64,0,powerlaw_cluster,13.75,False,25,True,distribution,0.0,normal,both,2500,250,Llama-3.1-Minitaur-8B-BluePrint,Llama-3.1-Minitaur-8B,True,0.2875,0.5270852187028657,-0.003125,0.103125,0.671875,0.640625,-0.03125,0.9129992135852474,0.9421631690835512,-0.028130671506352213,0.5284150541335141,0.4681818181818182,0.5436284935783553,0.4581914561192618,-0.026262385658617316,0.6761363636363636,0.7256594571200284,184,0.8152173913043478,0.5872902248216711,,,11,True
visualizer_v2_e1_core_10001.json,e1_core,10001,9858279,1,10001,Qwen/Qwen2.5-7B-Instruct,False,256,4,random,15.784615384615385,True,25,True,uniform,0.0,normal,both,2500,250,Qwen2.5-7B-Instruct-BluePrint,Qwen2.5-7B-Instruct,True,0.163671875,0.4449657476200051,-0.012890625,0.07109375,1.0,0.87109375,-0.12890625,0.0,0.5544309233552464,0.01156614352832139,0.7925078855254938,0.22860071758072784,0.7806645200354451,0.22666277688368652,0.01156614352832139,0.9247159090909091,1.5047162066806445,419,0.5918854415274463,0.9936910187714424,,,11,True
visualizer_v2_e1_core_10002.json,e1_core,10002,9858286,2,10002,meta-llama/Llama-3.1-8B,False,256,1,powerlaw_cluster,15.30739299610895,True,25,True,average,1.0,normal,both,2500,250,Llama-3.1-8B-BluePrint,Llama-3.1-8B,True,0.271484375,0.4922712931678167,-0.016015625,0.083203125,0.6796875,0.51953125,-0.16015625,0.9047209661860878,0.9988990309438097,0.11113041133085429,0.5785642192838033,0.4439102564102564,0.5069672989250472,0.4643211560992229,-0.08468328874278923,0.5720880681818182,1.2185875597325238,695,0.6690647482014388,0.9846117252926174,,,11,True
visualizer_v2_e1_core_10003.json,e1_core,10003,9858297,3,10003,google/gemma-3-4b-pt,False,256,1,powerlaw_cluster,15.315175097276265,True,29,True,distribution,1.0,normal,both,2500,250,gemma-3-4b-pt-BluePrint,gemma-3-4b-pt,True,0.303515625,0.551319653548602,0.005859375,0.096484375,0.58203125,0.640625,0.05859375,0.980495792602403,0.9421631690835512,-0.014020046092233604,0.5311294942067615,0.4543982730706962,0.6976537878672947,0.2869825722749107,-0.3098144662272674,0.5841619318181818,1.2095833745869724,777,0.5907335907335908,1.12976682999266,,,11,True
visualizer_v2_e1_core_10004.json,e1_core,10004,9858399,4,10004,meta-llama/Llama-3.1-8B,False,256,1,random,16.023346303501945,False,25,True,distribution,0.0,normal,both,2500,250,Llama-3.1-8B-BluePrint,Llama-3.1-8B,True,0.418359375,0.5374279384770538,-0.001953125,0.15703125,0.55078125,0.53125,-0.01953125,0.9925464978639335,0.9971803988942641,-0.020183543367763915,0.4901523966300559,0.5078740157480315,0.5035776010558153,0.4675760180048252,-0.027653776929269715,0.7045454545454546,0.8119444847106934,1071,0.7338935574229691,0.7495232590106355,,,11,True
visualizer_v2_e1_core_10005.json,e1_core,10005,9858400,5,10005,meta-llama/Llama-3.1-8B,False,256,0,random,16.0078125,False,28,True,blueprint,1.0,normal,both,2500,250,Llama-3.1-8B-BluePrint,Llama-3.1-8B,True,0.32109375,0.5977420257956926,-0.0265625,0.11015625,0.84375,0.578125,-0.265625,0.6252624052234231,0.9823166080205502,0.005480373285251365,0.523613288691256,0.486090775988287,0.5118301315211385,0.46128618794606746,-0.00715272738038658,0.6051136363636364,1.2821508219296283,822,0.7299270072992701,0.8371039898726191,,,11,True
visualizer_v2_e1_core_10006.json,e1_core,10006,9858455,6,10006,Qwen/Qwen2.5-7B-Instruct,False,1024,4,random,16.20622568093385,False,25,False,distribution,1.0,normal,both,2500,250,Qwen2.5-7B-Instruct-BluePrint,Qwen2.5-7B-Instruct,True,0.21787109375,0.5375502572632543,-0.03388671875,0.07197265625,1.0,0.6611328125,-0.3388671875,0.0,0.9237305539014362,0.01718474414209298,0.554059225121853,0.44044287626231904,0.6440578243716636,0.29307856961972295,0.01718474414209298,0.7426313920454546,0.7158478742296045,2231,0.7991931869116988,0.5904476040951717,,,11,True
visualizer_v2_e1_core_10007.json,e1_core,10007,9858456,7,10007,meta-llama/Llama-3.1-8B,False,256,1,powerlaw_cluster,15.400778210116732,False,28,True,uniform,0.0,normal,both,2500,250,Llama-3.1-8B-BluePrint,Llama-3.1-8B,True,0.236328125,0.5398350120061342,0.018359375,0.083984375,0.5625,0.74609375,0.18359375,0.9886994082884974,0.8174108828059471,0.054681259085640144,0.6507215370807391,0.32065504490227154,0.626637896423118,0.33148143828409754,0.07918471968339545,0.8377130681818182,1.0208648361942985,605,0.8049586776859504,0.6429277908703512,,,11,True
visualizer_v2_e1_core_10008.json,e1_core,10008,9858514,8,10008,marcelbinz/Llama-3.1-Minitaur-8B,False,1024,4,powerlaw_cluster,15.780155642023347,True,28,True,distribution,1.0,normal,both,2500,250,Llama-3.1-Minitaur-8B-BluePrint,Llama-3.1-Minitaur-8B,True,0.25888671875,0.5432637558389357,0.01552734375,0.07607421875,0.5263671875,0.681640625,0.1552734375,0.9979930635696015,0.9025884080335268,0.09048938587482361,0.6449830670293043,0.38034129692832763,0.7071349231650385,0.2487856576593444,-0.19723406832459375,0.7603870738636364,2.574413793796504,2651,0.5926065635609205,1.0971888918464745,,,11,True
visualizer_v2_e1_core_10009.json,e1_core,10009,9858515,9,10009,marcelbinz/Llama-3.1-Minitaur-8B,False,256,0,powerlaw_cluster,15.3671875,False,25,True,average,0.0,normal,both,2500,250,Llama-3.1-Minitaur-8B-BluePrint,Llama-3.1-Minitaur-8B,True,0.3359375,0.5208955264853443,0.01171875,0.125390625,0.66796875,0.78515625,0.1171875,0.916988243682839,0.7506399446452308,0.033068098442148065,0.6921100331388121,0.30757498729028976,0.6607408085746864,0.3008630347064546,0.0205398320965368,0.7919034090909091,1.2748022059148008,860,0.577906976744186,1.094765765167946,,,11,True
visualizer_v2_e1_core_10010.json,e1_core,10010,9858597,10,10010,meta-llama/Llama-3.1-8B,False,64,4,powerlaw_cluster,13.764705882352942,True,29,False,uniform,0.5,normal,both,2500,250,Llama-3.1-8B-BluePrint,Llama-3.1-8B,True,0.1390625,0.49389527139527134,-0.0015625,0.0453125,0.953125,0.9375,-0.015625,0.2729708579140699,0.3372900666170139,-0.03393760539628933,0.8746684115105169,0.09174311926605505,0.8646262238026251,0.12007837204256427,-0.03393760539628933,0.13210227272727273,1.244023409756747,89,0.8314606741573034,0.5851419856039326,,,11,True
visualizer_v2_e1_core_10011.json,e1_core,10011,9858667,11,10011,meta-llama/Llama-3.1-8B,False,256,0,powerlaw_cluster,15.3359375,True,28,True,uniform,1.0,normal,both,2500,250,Llama-3.1-8B-BluePrint,Llama-3.1-8B,True,0.35625,0.5067493480096852,0.0015625,0.126171875,0.5625,0.578125,0.015625,0.9886994082884974,0.9823166080205502,-0.03390208725414779,0.4816354760403794,0.4905756495160469,0.4963934776667567,0.45886215254979507,-0.027911975084633747,0.6001420454545454,1.0297647301446309,912,0.7203947368421053,0.8302286591446191,,,11,True
visualizer_v2_e1_core_10012.json,e1_core,10012,9858668,12,10012,google/gemma-3-4b-pt,False,1024,4,powerlaw_cluster,15.826848249027238,True,29,True,distribution,0.5,normal,both,2500,250,gemma-3-4b-pt-BluePrint,gemma-3-4b-pt,True,0.18017578125,0.5894854335636999,0.01923828125,0.06025390625,0.603515625,0.7958984375,0.1923828125,0.9688569007596826,0.7300557601206709,0.03140558458387076,0.6831234680843676,0.3052401149268026,0.6347385258393374,0.29925789290055693,-0.2484954769703871,0.763671875,1.3416717133738778,1845,0.6314363143631436,1.016623131563347,,,11,True
visualizer_v2_e1_core_10013.json,e1_core,10013,9858669,13,10013,Qwen/Qwen2.5-7B-Instruct,False,1024,0,powerlaw_cluster,15.8203125,True,28,False,blueprint,0.5,normal,both,2500,250,Qwen2.5-7B-Instruct-BluePrint,Qwen2.5-7B-Instruct,True,0.00849609375,0.43,-0.00087890625,0.00361328125,1.0,0.9912109375,-0.0087890625,0.0,0.07265400657557865,0.013241123387033009,0.9836308659899973,0.012839506172839505,0.9629108173769549,0.03529753167942869,0.013241123387033009,0.9922762784090909,1.0530297268520703,87,0.9310344827586207,0.27634193157327586,,,11,True
visualizer_v2_e1_core_10014.json,e1_core,10014,9858670,14,10014,marcelbinz/Llama-3.1-Minitaur-8B,False,256,0,random,15.8046875,True,29,True,distribution,0.0,normal,both,2500,250,Llama-3.1-Minitaur-8B-BluePrint,Llama-3.1-Minitaur-8B,True,0.2015625,0.4838661726811596,-0.00859375,0.083984375,1.0,0.9140625,-0.0859375,0.0,0.4227623437791517,0.010743242741102025,0.8275230130728024,0.16262975778546712,0.8442296442945734,0.15749099214791562,0.010743242741102025,0.4375,1.931771415878426,516,0.4903100775193798,1.3704091301260068,,,11,True
visualizer_v2_e1_core_10015.json,e1_core,10015,9858671,15,10015,google/gemma-3-4b-pt,False,64,0,powerlaw_cluster,13.65625,True,28,False,blueprint,1.0,normal,both,2500,250,gemma-3-4b-pt-BluePrint,gemma-3-4b-pt,True,0.209375,0.5311965811965813,0.0125,0.0765625,0.53125,0.65625,0.125,0.9971803988942641,0.9283620723948678,0.05766742652948056,0.5607543884365747,0.40045766590389015,0.5523127226270121,0.43062800938570006,0.0429140264941555,0.7642045454545454,0.5054806795987216,134,0.9552238805970149,0.35987785680970147,,,11,True
visualizer_v2_e1_core_10016.json,e1_core,10016,9858862,16,10016,Qwen/Qwen2.5-7B-Instruct,False,64,1,random,16.246153846153845,True,25,False,distribution,0.5,normal,both,2500,250,Qwen2.5-7B-Instruct-BluePrint,Qwen2.5-7B-Instruct,True,0.1921875,0.4238782051282051,-0.0265625,0.0734375,1.0,0.734375,-0.265625,0.0,0.8351164948421137,0.11560838547270144,0.6676062375090291,0.3373253493013972,0.6212470277298653,0.39328589191333685,0.11560838547270144,0.8267045454545454,0.6827300895344127,123,0.8130081300813008,0.5412307367092226,,,11,True
visualizer_v2_e1_core_10017.json,e1_core,10017,9859009,17,10017,marcelbinz/Llama-3.1-Minitaur-8B,False,256,4,random,15.515384615384615,False,29,False,average,1.0,normal,both,2500,250,Llama-3.1-Minitaur-8B-BluePrint,Llama-3.1-Minitaur-8B,True,0.094140625,0.42415062016695415,-0.010546875,0.037890625,1.0,0.89453125,-0.10546875,0.0,0.4860951951851023,-0.024510500334234214,0.8040311081226488,0.18603439291297552,0.7870971977006771,0.188457797702963,-0.024510500334234214,0.13316761363636365,1.6061296463012695,241,0.7219917012448133,0.7368974487811203,,,11,True
visualizer_v2_e1_core_10018.json,e1_core,10018,9859010,18,10018,Qwen/Qwen2.5-7B-Instruct,False,64,4,powerlaw_cluster,13.705882352941176,False,28,True,uniform,1.0,normal,both,2500,250,Qwen2.5-7B-Instruct-BluePrint,Qwen2.5-7B-Instruct,True,0.1578125,0.464469696969697,-0.0109375,0.059375,1.0,0.890625,-0.109375,0.0,0.4980278865344765,-0.005984664297737107,0.8099970613722225,0.20245398773006135,0.8727477358691151,0.11673325741280093,-0.005984664297737107,0.9105113636363636,0.9659055904908613,101,0.8811881188118812,0.4515513807240099,,,11,True
visualizer_v2_e1_core_10019.json,e1_core,10019,9859011,19,10019,google/gemma-3-4b-pt,False,64,0,powerlaw_cluster,13.78125,False,28,False,distribution,1.0,normal,both,2500,250,gemma-3-4b-pt-BluePrint,gemma-3-4b-pt,True,0.384375,0.6233351463351462,-0.00625,0.1359375,0.78125,0.71875,-0.0625,0.7578784625383954,0.8571484374283717,-0.0746183856672094,0.5645824663088799,0.4376417233560091,0.6414998392615852,0.3613732495401798,-0.06549486381061696,0.703125,0.34576901522549713,246,0.9878048780487805,0.26834825965447157,,,11,True
visualizer_v2_e1_core_10020.json,e1_core,10020,9859012,20,10020,Qwen/Qwen2.5-7B-Instruct,False,256,0,powerlaw_cluster,15.3203125,False,25,True,distribution,0.0,normal,both,2500,250,Qwen2.5-7B-Instruct-BluePrint,Qwen2.5-7B-Instruct,True,0.1,0.41033524234269175,-0.01015625,0.034375,1.0,0.8984375,-0.1015625,0.0,0.4739291234809582,-0.0025933313376009094,0.8245739451655256,0.15502294747577766,0.8109274168227305,0.18001204412314623,-0.0025933313376009094,0.9620028409090909,1.6454796389337967,256,0.53515625,1.2765418104827404,,,11,True
visualizer_v2_e1_core_10021.json,e1_core,10021,9859013,21,10021,marcelbinz/Llama-3.1-Minitaur-8B,False,64,4,powerlaw_cluster,13.676470588235293,False,29,True,average,0.0,normal,both,2500,250,Llama-3.1-Minitaur-8B-BluePrint,Llama-3.1-Minitaur-8B,True,0.10625,0.4016233766233766,0.0,0.0359375,1.0,1.0,0.0,0.0,0.0,0.0,1.0,0.0,1.0,0.0,0.0,0.19318181818181818,1.9152136715975674,68,0.5735294117647058,1.098166073069853,,,11,True
visualizer_v2_e1_core_10022.json,e1_core,10022,9859014,22,10022,meta-llama/Llama-3.1-8B,False,64,1,powerlaw_cluster,13.876923076923077,True,25,False,uniform,0.0,normal,both,2500,250,Llama-3.1-8B-BluePrint,Llama-3.1-8B,True,0.275,0.5601286522514145,0.028125,0.0859375,0.546875,0.828125,0.28125,0.9936507116910405,0.6619760641115653,0.020540299173922607,0.7187806398690864,0.26097560975609757,0.7099360433528586,0.2776187742895677,0.07820342512232938,0.4005681818181818,0.4864845275878906,176,0.9431818181818182,0.38899092240767047,,,11,True
visualizer_v2_e1_core_10023.json,e1_core,10023,9859015,23,10023,Qwen/Qwen2.5-7B-Instruct,False,1024,0,powerlaw_cluster,15.822265625,True,25,True,distribution,0.0,normal,both,2500,250,Qwen2.5-7B-Instruct-BluePrint,Qwen2.5-7B-Instruct,True,0.19423828125,0.4602265569180715,-0.01142578125,0.065625,1.0,0.8857421875,-0.1142578125,0.0,0.5126267091302459,0.001583668501374299,0.7956757576868315,0.19293914331564005,0.8025559690325831,0.17228613014193894,0.001583668501374299,0.9157492897727273,2.4683640394783155,1989,0.45098039215686275,1.6457423476971473,,,11,True
visualizer_v2_e1_core_10024.json,e1_core,10024,9859016,24,10024,google/gemma-3-4b-pt,False,64,1,powerlaw_cluster,13.661538461538461,True,28,False,average,0.5,normal,both,2500,250,gemma-3-4b-pt-BluePrint,gemma-3-4b-pt,True,0.3796875,0.5056945607282939,0.0046875,0.115625,0.515625,0.5625,0.046875,0.9992954443621548,0.9886994082884974,0.03742230775232084,0.5861378540374051,0.46733668341708545,0.5100596050008211,0.4796680027162331,-0.14254322757396973,0.7144886363636364,0.38708045265891333,243,0.9670781893004116,0.3137056327160494,,,11,True
visualizer_v2_e1_core_10025.json,e1_core,10025,9859017,25,10025,Qwen/Qwen2.5-7B-Instruct,False,1024,1,random,15.92390243902439,False,29,False,blueprint,0.5,normal,both,2500,250,Qwen2.5-7B-Instruct-BluePrint,Qwen2.5-7B-Instruct,True,0.15029296875,0.5277401811685107,0.00595703125,0.06865234375,0.744140625,0.8037109375,0.0595703125,0.8204336100852311,0.7144438432285521,0.006799619767316115,0.7012958246248783,0.3091020910209102,0.6680139269880623,0.29305229618177964,0.014524476604256268,0.7492009943181818,0.9091498038985513,1539,0.8544509421702404,0.52365498979654,,,11,True
visualizer_v2_e1_core_10026.json,e1_core,10026,9859018,26,10026,Qwen/Qwen2.5-7B-Instruct,False,64,1,random,15.415384615384616,False,29,True,average,1.0,normal,both,2500,250,Qwen2.5-7B-Instruct-BluePrint,Qwen2.5-7B-Instruct,True,0.228125,0.6742905705405706,-0.025,0.0640625,0.765625,0.515625,-0.25,0.7855602922535473,0.9992954443621548,0.009549795361527934,0.4989676915412865,0.5041666666666667,0.49168027778974005,0.5278165295493094,-0.03706645810836768,0.5,1.4580900018865413,146,0.5753424657534246,1.0427645330559718,,,11,True
visualizer_v2_e1_core_10027.json,e1_core,10027,9859019,27,10027,marcelbinz/Llama-3.1-Minitaur-8B,False,1024,4,random,15.826848249027238,False,29,True,average,0.0,normal,both,2500,250,Llama-3.1-Minitaur-8B-BluePrint,Llama-3.1-Minitaur-8B,True,0.12626953125,0.439617284893363,-0.01943359375,0.04814453125,1.0,0.8056640625,-0.1943359375,0.0,0.7104542924579511,0.006617865476120159,0.688712403977236,0.30776904850978926,0.684292434739861,0.28264749218339297,0.006617865476120159,0.6583806818181818,3.318769183168611,1293,0.3774168600154679,1.8832039869947206,,,11,True
visualizer_v2_e1_core_10028.json,e1_core,10028,9859020,28,10028,marcelbinz/Llama-3.1-Minitaur-8B,False,256,1,powerlaw_cluster,15.315175097276265,False,28,False,distribution,1.0,normal,both,2500,250,Llama-3.1-Minitaur-8B-BluePrint,Llama-3.1-Minitaur-8B,True,0.146484375,0.5494984403680057,0.022265625,0.05234375,0.5234375,0.74609375,0.22265625,0.9984144269374465,0.8174108828059471,-0.003130377359688464,0.6169049030150607,0.35306553911205074,0.5350161286684345,0.438374044915555,0.03861692517411133,0.7521306818181818,0.588427023454146,375,0.9386666666666666,0.2727278645833333,,,11,True
visualizer_v2_e1_core_10029.json,e1_core,10029,9859021,29,10029,google/gemma-3-4b-pt,False,64,1,random,16.46153846153846,False,25,True,uniform,0.0,normal,both,2500,250,gemma-3-4b-pt-BluePrint,gemma-3-4b-pt,True,0.271875,0.5015755735492577,0.003125,0.125,0.578125,0.609375,0.03125,0.9823166080205502,0.9652016987500656,-0.014851562867952868,0.5498586849237765,0.49901768172888017,0.5269381362956235,0.4763124104923122,-0.01643295114439166,0.6974431818181818,0.681336142800071,174,0.8448275862068966,0.5003760326867817,,,11,True
visualizer_v2_e1_core_10030.json,e1_core,10030,9859022,30,10030,meta-llama/Llama-3.1-8B,False,256,1,random,15.929961089494164,False,29,False,average,0.5,normal,both,2500,250,Llama-3.1-8B-BluePrint,Llama-3.1-8B,True,0.08515625,0.4167335480593975,-0.0046875,0.0390625,1.0,0.953125,-0.046875,0.0,0.2729708579140699,-0.018835752872372827,0.9067412090577534,0.0941059930658742,0.931604797837017,0.057546965170671455,-0.018835752872372827,0.10759943181818182,1.2684490897438743,218,0.6788990825688074,0.763275426462156,,,11,True
visualizer_v2_e1_core_10031.json,e1_core,10031,9859144,31,10031,meta-llama/Llama-3.1-8B,False,1024,1,random,15.914146341463415,False,28,False,distribution,0.5,normal,both,2500,250,Llama-3.1-8B-BluePrint,Llama-3.1-8B,True,0.1599609375,0.5321513071379458,0.00234375,0.06787109375,0.708984375,0.732421875,0.0234375,0.8700295850755477,0.8379678908509602,-0.00015772925703227533,0.6268396994302528,0.3905500184569952,0.6005497409510874,0.3573505988824541,-0.00371160838367483,0.43510298295454547,0.6274442022497003,1638,0.9615384615384616,0.34569984594398656,,,11,True
visualizer_v2_e1_core_10032.json,e1_core,10032,9859155,32,10032,google/gemma-3-4b-pt,False,64,0,powerlaw_cluster,13.625,True,29,False,uniform,0.0,normal,both,2500,250,gemma-3-4b-pt-BluePrint,gemma-3-4b-pt,True,0.1359375,0.5502564102564101,0.0203125,0.0546875,0.625,0.828125,0.203125,0.954434002924965,0.6619760641115653,-0.050436128306133844,0.6649656627815785,0.31422018348623854,0.7221327221908861,0.24620290873324668,-0.0010750220572276342,0.3650568181818182,1.2264868996360085,87,0.7126436781609196,0.8627761314655172,,,11,True
visualizer_v2_e1_core_10033.json,e1_core,10033,9859165,33,10033,meta-llama/Llama-3.1-8B,False,64,0,random,16.03125,False,28,True,distribution,1.0,normal,both,2500,250,Llama-3.1-8B-BluePrint,Llama-3.1-8B,True,0.2078125,0.5150658981541334,0.0078125,0.0890625,0.625,0.703125,0.078125,0.954434002924965,0.877437311089633,0.06429758749269979,0.6186799304818467,0.39571150097465885,0.6253555173851817,0.40965306054023837,-0.0032840622233538536,0.3977272727272727,0.7337566722523082,133,0.8646616541353384,0.5069001850328947,,,11,True
visualizer_v2_e1_core_10034.json,e1_core,10034,9859166,34,10034,google/gemma-3-4b-pt,False,256,0,powerlaw_cluster,15.3203125,True,29,False,average,0.5,normal,both,2500,250,gemma-3-4b-pt-BluePrint,gemma-3-4b-pt,True,0.065625,0.5663095238095238,0.0484375,0.006640625,0.5078125,0.9921875,0.484375,0.9998238825988729,0.06591441234324169,-0.009717069564188958,0.983007259902303,0.01988781234064253,0.9921784736928502,0.00817241607915713,-0.28285016930962636,0.2805397727272727,1.724787625399503,168,0.9166666666666666,0.34035528273809523,,,11,True
visualizer_v2_e1_core_10035.json,e1_core,10035,9859167,35,10035,meta-llama/Llama-3.1-8B,False,1024,0,random,16.28125,False,25,True,blueprint,1.0,normal,both,2500,250,Llama-3.1-8B-BluePrint,Llama-3.1-8B,True,0.15048828125,0.552838224346225,-0.00458984375,0.05986328125,0.57421875,0.5283203125,-0.0458984375,0.9840471637045681,0.9976845624726705,-0.0015689166655869413,0.5021435378995669,0.49844049904030713,0.5075797562389518,0.4431911277697337,0.023695730471955605,0.7084517045454546,2.4956527279097247,1541,0.6359506813757301,1.095400929683064,,,11,True
visualizer_v2_e1_core_10036.json,e1_core,10036,9859168,36,10036,Qwen/Qwen2.5-7B-Instruct,False,1024,1,powerlaw_cluster,15.816585365853658,False,28,False,average,0.5,normal,both,2500,250,Qwen2.5-7B-Instruct-BluePrint,Qwen2.5-7B-Instruct,True,0.11064453125,0.4032211536660659,-0.01630859375,0.034765625,1.0,0.8369140625,-0.1630859375,0.0,0.6416412484398643,-0.011086008406846039,0.738655037232622,0.260319068118511,0.7179044037735395,0.26561325996602103,-0.011086008406846039,0.9280894886363636,0.6290116201747548,1133,0.9143865842894969,0.42246110988526037,,,11,True
visualizer_v2_e1_core_10037.json,e1_core,10037,9859169,37,10037,marcelbinz/Llama-3.1-Minitaur-8B,False,64,0,random,16.40625,False,29,False,blueprint,0.0,normal,both,2500,250,Llama-3.1-Minitaur-8B-BluePrint,Llama-3.1-Minitaur-8B,True,0.0640625,0.44214285714285706,-0.0046875,0.028125,1.0,0.953125,-0.046875,0.0,0.2729708579140699,0.011976047904191718,0.8751030294213811,0.0838095238095238,0.9120070288579691,0.09695007247583172,0.011976047904191718,0.06392045454545454,1.7216817682439631,41,0.5121951219512195,0.9661299542682927,,,11,True
visualizer_v2_e1_core_10038.json,e1_core,10038,9859170,38,10038,marcelbinz/Llama-3.1-Minitaur-8B,False,256,0,powerlaw_cluster,15.3046875,False,29,True,average,1.0,normal,both,2500,250,Llama-3.1-Minitaur-8B-BluePrint,Llama-3.1-Minitaur-8B,True,0.184375,0.5239080718937282,-0.009375,0.063671875,1.0,0.90625,-0.09375,0.0,0.4488644887230295,0.022990349772782966,0.833988168458801,0.14599285349668198,0.9581299716625696,0.05174360436397304,0.022990349772782966,0.41015625,2.6277044644071297,472,0.3156779661016949,2.00773165589672,,,11,True
visualizer_v2_e1_core_10039.json,e1_core,10039,9859190,39,10039,google/gemma-3-4b-pt,False,1024,4,powerlaw_cluster,15.797665369649806,False,28,False,distribution,0.5,normal,both,2500,250,gemma-3-4b-pt-BluePrint,gemma-3-4b-pt,True,0.27734375,0.5696871571625939,-0.0275390625,0.08193359375,0.7890625,0.513671875,-0.275390625,0.7432709194035553,0.999460595178071,-0.023739987608320457,0.4918966979464053,0.5118886787354769,0.5021092721398274,0.4125209910226279,-0.04127871916636508,0.6602450284090909,0.29584888978437945,2840,0.9926056338028169,0.2162563270246479,,,11,True
visualizer_v2_e1_core_10040.json,e1_core,10040,9859197,40,10040,meta-llama/Llama-3.1-8B,False,64,0,random,15.375,False,25,True,average,1.0,normal,both,2500,250,Llama-3.1-8B-BluePrint,Llama-3.1-8B,True,0.2265625,0.5480425390655569,0.0046875,0.0828125,0.609375,0.65625,0.046875,0.9652016987500656,0.9283620723948678,0.03682968329765643,0.5448295386530682,0.4349593495934959,0.5020568468594084,0.5206844329504011,-0.04177429350433211,0.48863636363636365,0.6002166054465554,145,0.9310344827586207,0.4740916285021552,,,11,True
visualizer_v2_e1_core_10041.json,e1_core,10041,9859217,41,10041,meta-llama/Llama-3.1-8B,False,1024,0,random,16.0390625,False,29,True,uniform,0.5,normal,both,2500,250,Llama-3.1-8B-BluePrint,Llama-3.1-8B,True,0.2517578125,0.4989910982814587,-0.0291015625,0.0876953125,0.9619140625,0.6708984375,-0.291015625,0.23344638460526349,0.9140058089098427,-0.0033201871780682906,0.5593230290427439,0.4449585971748661,0.544868812384811,0.4001960841430435,0.005715065033221744,0.6244673295454546,1.9761623396453531,2578,0.4678044996121024,1.4149593030694292,,,11,True
visualizer_v2_e1_core_10042.json,e1_core,10042,9859218,42,10042,Qwen/Qwen2.5-7B-Instruct,False,256,4,powerlaw_cluster,15.361538461538462,True,28,True,uniform,1.0,normal,both,2500,250,Qwen2.5-7B-Instruct-BluePrint,Qwen2.5-7B-Instruct,True,0.1234375,0.4465995895503568,-0.0046875,0.04375,1.0,0.953125,-0.046875,0.0,0.2729708579140699,0.005263744368800678,0.9117929512923116,0.06811332127787824,0.9601961349423278,0.025075072379998172,0.005263744368800678,0.9325284090909091,1.6729342007840222,316,0.620253164556962,1.0718833773950986,,,11,True
visualizer_v2_e1_core_10043.json,e1_core,10043,9859232,43,10043,google/gemma-3-4b-pt,False,64,1,random,16.646153846153847,False,25,True,uniform,0.5,normal,both,2500,250,gemma-3-4b-pt-BluePrint,gemma-3-4b-pt,True,0.259375,0.5314724704110894,0.01875,0.115625,0.578125,0.765625,0.1875,0.9823166080205502,0.7855602922535473,0.006595731441726853,0.5869943482443483,0.3611650485436893,0.5937916671467266,0.43442248564128216,0.04089938572737549,0.7073863636363636,0.6858686967329546,166,0.8614457831325302,0.49771154932228917,,,11,True
visualizer_v2_e1_core_10044.json,e1_core,10044,9859247,44,10044,meta-llama/Llama-3.1-8B,False,64,0,powerlaw_cluster,13.75,True,28,True,average,0.0,normal,both,2500,250,Llama-3.1-8B-BluePrint,Llama-3.1-8B,True,0.1390625,0.48628427128427126,-0.0046875,0.0515625,0.578125,0.53125,-0.046875,0.9823166080205502,0.9971803988942641,0.10599390450389429,0.6185811143984221,0.43636363636363634,0.5228920965937873,0.43928736910860466,-0.030058793747942597,0.45170454545454547,0.6951172568581321,89,0.9213483146067416,0.4069138430477528,,,11,True
visualizer_v2_e1_core_10045.json,e1_core,10045,9859249,45,10045,Qwen/Qwen2.5-7B-Instruct,False,256,4,random,15.807692307692308,True,29,False,uniform,0.0,normal,both,2500,250,Qwen2.5-7B-Instruct-BluePrint,Qwen2.5-7B-Instruct,True,0.183984375,0.5335204874062491,0.001171875,0.067578125,0.5703125,0.58203125,0.01171875,0.985687679358613,0.980495792602403,0.009572308355354837,0.5206465906041343,0.4807987711213518,0.5197179288149779,0.4526015454996119,0.05628227240050648,0.5291193181818182,1.1154023083773525,471,0.7834394904458599,0.6191792417230626,,,11,True
visualizer_v2_e1_core_10046.json,e1_core,10046,9859250,46,10046,Qwen/Qwen2.5-7B-Instruct,False,1024,0,random,16.11328125,True,29,True,average,0.0,normal,both,2500,250,Qwen2.5-7B-Instruct-BluePrint,Qwen2.5-7B-Instruct,True,0.22119140625,0.5834087580657462,0.01767578125,0.0875,0.7578125,0.9345703125,0.1767578125,0.798659130358246,0.3486318746837918,0.02421382369580368,0.8671553703246966,0.1290909090909091,0.8765834889191736,0.1287199035753827,-0.021660580187677934,0.8423295454545454,2.3521978333592415,2265,0.577924944812362,1.184621796597445,,,11,True
visualizer_v2_e1_core_10047.json,e1_core,10047,9859357,47,10047,google/gemma-3-4b-pt,False,256,4,random,16.076923076923077,False,28,False,average,0.0,normal,both,2500,250,gemma-3-4b-pt-BluePrint,gemma-3-4b-pt,True,0.33046875,0.5489496590439298,0.01015625,0.130078125,0.59765625,0.69921875,0.1015625,0.9723051006568468,0.8822437977976201,-0.009213072159834421,0.5605834960222958,0.4229030637870417,0.581185735924888,0.4023313391977434,-0.02980993620052179,0.7436079545454546,0.35602534901012073,846,0.9905437352245863,0.26019503546099293,,,11,True
visualizer_v2_e1_core_10048.json,e1_core,10048,9859375,48,10048,meta-llama/Llama-3.1-8B,False,64,4,random,16.823529411764707,True,28,True,average,1.0,normal,both,2500,250,Llama-3.1-8B-BluePrint,Llama-3.1-8B,True,0.2265625,0.5706785714285715,0.0171875,0.0796875,0.578125,0.75,0.171875,0.9823166080205502,0.8112781244591328,0.023657892825144744,0.6535977787204371,0.35,0.6947333700315892,0.3301173449250833,-0.12839096734103658,0.375,0.7530650957064196,145,0.7724137931034483,0.6017830684267241,,,11,True
visualizer_v2_e1_core_10049.json,e1_core,10049,9859376,49,10049,marcelbinz/Llama-3.1-Minitaur-8B,False,1024,0,powerlaw_cluster,15.826171875,True,29,False,blueprint,0.5,normal,both,2500,250,Llama-3.1-Minitaur-8B-BluePrint,Llama-3.1-Minitaur-8B,True,0.0419921875,0.4240617768935399,-0.0041015625,0.01572265625,1.0,0.958984375,-0.041015625,0.0,0.24692957010377295,-0.008226778016058492,0.920456375586433,0.0671356287794644,0.9062699030659693,0.08953103868313668,-0.008226778016058492,0.09419389204545454,1.6195090900767932,430,0.6674418604651163,0.7780795784883721,,,11,True
visualizer_v2_e1_core_10050.json,e1_core,10050,9859591,50,10050,Qwen/Qwen2.5-7B-Instruct,False,64,0,powerlaw_cluster,13.65625,False,29,True,distribution,0.5,normal,both,2500,250,Qwen2.5-7B-Instruct-BluePrint,Qwen2.5-7B-Instruct,True,0.1734375,0.5291802641802642,0.0109375,0.0671875,0.53125,0.640625,0.109375,0.9971803988942641,0.9421631690835512,0.014540414836390887,0.5554622700922929,0.43935926773455375,0.5316634038325129,0.453748936331056,-0.02425182671529886,0.6505681818181818,1.2956573312932795,111,0.6846846846846847,0.9129341744087838,,,11,True
visualizer_v2_e1_core_10051.json,e1_core,10051,9859592,51,10051,marcelbinz/Llama-3.1-Minitaur-8B,False,64,4,powerlaw_cluster,13.764705882352942,False,25,False,distribution,0.5,normal,both,2500,250,Llama-3.1-Minitaur-8B-BluePrint,Llama-3.1-Minitaur-8B,True,0.2875,0.5544661402670557,0.003125,0.090625,0.671875,0.703125,0.03125,0.9129992135852474,0.877437311089633,-0.0851588381827992,0.5174938260642107,0.43130990415335463,0.5745804885126488,0.39975189067083144,0.01966676211444658,0.6051136363636364,0.7291755676269531,184,0.8858695652173914,0.5104317043138586,,,11,True
visualizer_v2_e1_core_10052.json,e1_core,10052,9859756,52,10052,Qwen/Qwen2.5-7B-Instruct,False,1024,0,powerlaw_cluster,15.80078125,True,29,True,uniform,0.0,normal,both,2500,250,Qwen2.5-7B-Instruct-BluePrint,Qwen2.5-7B-Instruct,True,0.18759765625,0.5739326588964632,0.04189453125,0.07109375,0.5244140625,0.943359375,0.4189453125,0.9982794894411453,0.3139625218039491,-0.0008054915711916322,0.8929311097282453,0.15475896168108777,0.8923520640146654,0.08662580886499005,-0.022781433224382072,0.8689630681818182,2.0447043788365344,1921,0.4711087975013014,1.319869782637954,,,11,True
visualizer_v2_e1_core_10053.json,e1_core,10053,9859757,53,10053,google/gemma-3-4b-pt,False,256,0,random,15.9453125,True,29,False,uniform,0.0,normal,both,2500,250,gemma-3-4b-pt-BluePrint,gemma-3-4b-pt,True,0.183984375,0.5588653974937352,0.023828125,0.090625,0.60546875,0.84375,0.23828125,0.967661552439695,0.6252624052234231,0.019967188187747172,0.7586806781507802,0.2586967172954434,0.7441567250282276,0.231396588611694,-0.0007964296261932062,0.4005681818181818,1.2025201970880681,471,0.7855626326963907,0.6901000199044586,,,11,True
visualizer_v2_e1_core_10054.json,e1_core,10054,9859758,54,10054,marcelbinz/Llama-3.1-Minitaur-8B,False,1024,0,powerlaw_cluster,15.78125,True,29,False,distribution,1.0,normal,both,2500,250,Llama-3.1-Minitaur-8B-BluePrint,Llama-3.1-Minitaur-8B,True,0.026953125,0.4154275180137249,-0.0033203125,0.00830078125,1.0,0.966796875,-0.033203125,0.0,0.2102093706837756,0.02807288941465286,0.9382692659833984,0.05235148514851485,0.9356908928476988,0.059148722382449184,0.02807288941465286,0.25932173295454547,2.2513626380400225,276,0.7246376811594203,0.7534215070199275,,,11,True
visualizer_v2_e1_core_10055.json,e1_core,10055,9859807,55,10055,marcelbinz/Llama-3.1-Minitaur-8B,False,64,4,powerlaw_cluster,13.823529411764707,True,29,True,uniform,1.0,normal,both,2500,250,Llama-3.1-Minitaur-8B-BluePrint,Llama-3.1-Minitaur-8B,True,0.1203125,0.49499999999999994,-0.0015625,0.046875,1.0,0.984375,-0.015625,0.0,0.11611507530476971,0.0,0.9572566526610644,0.021671826625386997,0.9819658809681833,0.024691379832622012,0.0,0.234375,1.774605024944652,77,0.36363636363636365,1.4353185876623376,,,11,True
visualizer_v2_e1_core_10056.json,e1_core,10056,9859868,56,10056,google/gemma-3-4b-pt,False,256,0,powerlaw_cluster,15.3125,True,29,True,uniform,1.0,normal,both,2500,250,gemma-3-4b-pt-BluePrint,gemma-3-4b-pt,True,0.245703125,0.5120806863614872,-0.008984375,0.083984375,0.60546875,0.515625,-0.08984375,0.967661552439695,0.9992954443621548,-0.007469444371744973,0.5074790501619909,0.5010204081632653,0.589723196810503,0.3797281482379594,0.0044119934714003375,0.6147017045454546,1.3348107148300519,629,0.5866454689984102,1.0924518142481867,,,11,True
visualizer_v2_e1_core_10057.json,e1_core,10057,9859912,57,10057,google/gemma-3-4b-pt,False,256,4,powerlaw_cluster,15.315384615384616,True,29,True,uniform,1.0,normal,both,2500,250,gemma-3-4b-pt-BluePrint,gemma-3-4b-pt,True,0.262109375,0.5775848211131143,-0.002734375,0.08125,0.60546875,0.578125,-0.02734375,0.967661552439695,0.9823166080205502,-0.027662684904945563,0.49665618701589676,0.4945321992709599,0.6206560257101774,0.2977202788103201,0.022817213755394486,0.5823863636363636,1.2635191733186895,671,0.6333830104321908,0.9725666074568042,,,11,True
visualizer_v2_e1_core_10058.json,e1_core,10058,9859913,58,10058,google/gemma-3-4b-pt,False,256,4,powerlaw_cluster,15.376923076923077,True,28,False,uniform,0.0,normal,both,2500,250,gemma-3-4b-pt-BluePrint,gemma-3-4b-pt,True,0.231640625,0.5271377679013042,0.008203125,0.08125,0.53515625,0.6171875,0.08203125,0.9964308234404787,0.960004207284091,0.014098198966111065,0.56405867568763,0.45306859205776173,0.5271531843564788,0.42583275189361114,-0.06616947360384401,0.72265625,0.536180929704146,593,0.954468802698145,0.33823522146395446,,,11,True
visualizer_v2_e1_core_10059.json,e1_core,10059,9859914,59,10059,google/gemma-3-4b-pt,False,256,0,powerlaw_cluster,15.3359375,True,25,False,uniform,0.0,normal,both,2500,250,gemma-3-4b-pt-BluePrint,gemma-3-4b-pt,True,0.24921875,0.5600710982377719,0.028125,0.096875,0.5078125,0.7890625,0.28125,0.9998238825988729,0.7432709194035553,0.02623041620509561,0.6908299643014998,0.3321446765155374,0.6664064793577993,0.3053862772871176,0.028939132165755336,0.7198153409090909,0.575181700966575,638,0.9482758620689655,0.3465993277331505,,,11,True
visualizer_v2_e1_core_10060.json,e1_core,10060,9859915,60,10060,marcelbinz/Llama-3.1-Minitaur-8B,False,256,4,random,16.053846153846155,True,25,False,uniform,0.0,normal,both,2500,250,Llama-3.1-Minitaur-8B-BluePrint,Llama-3.1-Minitaur-8B,True,0.29609375,0.5168672018504712,0.003125,0.10625,0.56640625,0.59765625,0.03125,0.9872383624334873,0.9723051006568468,0.006528877358581027,0.5215825807254639,0.4750378214826021,0.5174582333624627,0.43985024578307624,-0.25052792780251587,0.5493607954545454,0.5131309682672675,758,0.9353562005277045,0.36784133307222955,,,11,True
visualizer_v2_e1_core_10061.json,e1_core,10061,9859961,61,10061,marcelbinz/Llama-3.1-Minitaur-8B,False,1024,4,random,16.02140077821012,False,25,True,uniform,0.0,normal,both,2500,250,Llama-3.1-Minitaur-8B-BluePrint,Llama-3.1-Minitaur-8B,True,0.14462890625,0.5896496953529299,0.02099609375,0.06455078125,0.5771484375,0.787109375,0.2099609375,0.9827576999984439,0.7469718537159066,-0.0008139652813644688,0.6678494746077428,0.3377263209754896,0.6712355076729695,0.30528849442071465,0.00668306521389416,0.7632279829545454,2.0391814773902297,1481,0.6711681296421337,0.9447880731411353,,,11,True
visualizer_v2_e1_core_10062.json,e1_core,10062,9859962,62,10062,google/gemma-3-4b-pt,False,1024,1,random,15.746341463414634,False,25,False,blueprint,0.5,normal,both,2500,250,gemma-3-4b-pt-BluePrint,gemma-3-4b-pt,True,0.1763671875,0.5361015317435431,0.0205078125,0.0740234375,0.515625,0.720703125,0.205078125,0.9992954443621548,0.8544909836023519,0.00028583971913847894,0.5987480445373027,0.407089552238806,0.5812353199331116,0.3630313830899429,0.0033408975618639757,0.6560724431818182,0.5107619762420654,1806,0.9656699889258029,0.32213584925249167,,,11,True
visualizer_v2_e1_core_10063.json,e1_core,10063,9859963,63,10063,Qwen/Qwen2.5-7B-Instruct,False,256,0,powerlaw_cluster,15.3671875,True,28,False,blueprint,0.5,normal,both,2500,250,Qwen2.5-7B-Instruct-BluePrint,Qwen2.5-7B-Instruct,True,0.0140625,0.4683333333333334,0.0,0.00546875,1.0,1.0,0.0,0.0,0.0,0.0,1.0,0.0,1.0,0.0,0.0,0.9939630681818182,0.9985094287178733,36,0.8888888888888888,0.3099297417534722,,,11,True
visualizer_v2_e1_core_10064.json,e1_core,10064,9859964,64,10064,marcelbinz/Llama-3.1-Minitaur-8B,False,1024,0,powerlaw_cluster,15.794921875,False,28,True,distribution,1.0,normal,both,2500,250,Llama-3.1-Minitaur-8B-BluePrint,Llama-3.1-Minitaur-8B,True,0.26923828125,0.527404181551571,0.01162109375,0.09345703125,0.5263671875,0.642578125,0.1162109375,0.9979930635696015,0.940522320381105,-0.019168688881828894,0.5284926969873492,0.47953505626313836,0.7699978009160453,0.19978465629106013,-0.027243207525691975,0.7700639204545454,2.8888650027908045,2757,0.5567645992020311,1.1274497605857532,,,11,True
visualizer_v2_e1_core_10065.json,e1_core,10065,9859965,65,10065,meta-llama/Llama-3.1-8B,False,256,1,powerlaw_cluster,15.346303501945526,True,25,False,average,0.0,normal,both,2500,250,Llama-3.1-8B-BluePrint,Llama-3.1-8B,True,0.242578125,0.521818552556861,-0.012109375,0.080078125,0.6796875,0.55859375,-0.12109375,0.9047209661860878,0.9900710003428677,0.21902287719168495,0.6758841694693666,0.3856837606837607,0.5228990656663143,0.43101410056081413,-0.014263993067723885,0.5131392045454546,0.5225603797219016,621,0.964573268921095,0.3805389650010064,,,11,True
visualizer_v2_e1_core_10066.json,e1_core,10066,9860043,66,10066,Qwen/Qwen2.5-7B-Instruct,False,1024,4,random,16.138132295719846,False,25,False,distribution,0.5,normal,both,2500,250,Qwen2.5-7B-Instruct-BluePrint,Qwen2.5-7B-Instruct,True,0.28095703125,0.4297073286800145,-0.03583984375,0.10595703125,1.0,0.6416015625,-0.3583984375,0.0,0.9413457364011429,0.003052807364511331,0.5350839296174977,0.4608142804743856,0.5396750723341301,0.37307275530739736,0.003052807364511331,0.7571022727272727,0.658341873775829,2877,0.8408063955509211,0.531238989486933,,,11,True
visualizer_v2_e1_core_10067.json,e1_core,10067,9860044,67,10067,marcelbinz/Llama-3.1-Minitaur-8B,False,256,0,powerlaw_cluster,15.2890625,False,25,False,blueprint,0.5,normal,both,2500,250,Llama-3.1-Minitaur-8B-BluePrint,Llama-3.1-Minitaur-8B,True,0.353125,0.5065105952685154,-0.02109375,0.095703125,0.72265625,0.51171875,-0.2109375,0.8518061887486322,0.9996037156868481,-0.008131613133546803,0.5020759442310156,0.5043433827286663,0.5024135544695325,0.4458172715740546,0.015320200717680895,0.44921875,0.3627433776855469,904,0.9756637168141593,0.2751988773852323,,,11,True
visualizer_v2_e1_core_10068.json,e1_core,10068,9860196,68,10068,google/gemma-3-4b-pt,False,64,1,powerlaw_cluster,13.63076923076923,True,29,False,blueprint,0.5,normal,both,2500,250,gemma-3-4b-pt-BluePrint,gemma-3-4b-pt,True,0.140625,0.5457395382395382,0.0125,0.0546875,0.65625,0.78125,0.125,0.9283620723948678,0.7578784625383954,-0.004033078018030503,0.7044760694990628,0.379746835443038,0.6334526142515035,0.3569222685627712,0.05486125138536707,0.4375,1.275782498446378,90,0.7111111111111111,0.7771158854166667,,,11,True
visualizer_v2_e1_core_10069.json,e1_core,10069,9860233,69,10069,google/gemma-3-4b-pt,False,64,0,random,16.53125,True,29,True,blueprint,0.0,normal,both,2500,250,gemma-3-4b-pt-BluePrint,gemma-3-4b-pt,True,0.1515625,0.5388764013764014,0.0171875,0.0796875,0.65625,0.828125,0.171875,0.9283620723948678,0.6619760641115653,0.0044268213292296505,0.6713494049338702,0.3005671077504726,0.7037546991750636,0.3349818184606085,0.03177413217699621,0.46448863636363635,1.4012312455610796,97,0.6701030927835051,0.832665512242268,,,11,True
visualizer_v2_e1_core_10070.json,e1_core,10070,9860234,70,10070,marcelbinz/Llama-3.1-Minitaur-8B,False,1024,4,random,15.785992217898833,False,28,True,distribution,0.0,normal,both,2500,250,Llama-3.1-Minitaur-8B-BluePrint,Llama-3.1-Minitaur-8B,True,0.12529296875,0.6276131196757551,0.03564453125,0.0595703125,0.5263671875,0.8828125,0.3564453125,0.9979930635696015,0.5212220180699689,-0.013810730363666913,0.7744571408893292,0.2122423485321674,0.7930798112073785,0.20253100652187994,-0.0021739689914662044,0.7969637784090909,2.721939093189907,1283,0.6531566640685893,1.0228724278979997,,,11,True
visualizer_v2_e1_core_10071.json,e1_core,10071,9860337,71,10071,meta-llama/Llama-3.1-8B,False,1024,4,random,16.089494163424124,False,29,True,uniform,1.0,normal,both,2500,250,Llama-3.1-8B-BluePrint,Llama-3.1-8B,True,0.311328125,0.5390028100280383,-0.0451171875,0.09873046875,0.9619140625,0.5107421875,-0.451171875,0.23344638460526349,0.999667015968799,0.00858552390518373,0.5027333596116709,0.4960755457444199,0.5084917125338428,0.38205867324155807,0.0076302818532109845,0.5470525568181818,2.3413302276537498,3188,0.4049560853199498,1.5560677127826168,,,11,True
visualizer_v2_e1_core_10072.json,e1_core,10072,9860451,72,10072,Qwen/Qwen2.5-7B-Instruct,False,64,1,random,14.892307692307693,True,28,True,distribution,1.0,normal,both,2500,250,Qwen2.5-7B-Instruct-BluePrint,Qwen2.5-7B-Instruct,True,0.128125,0.47042213020473883,0.0,0.05625,1.0,1.0,0.0,0.0,0.0,0.0,1.0,0.0,1.0,0.0,0.0,0.9559659090909091,0.7708620429039001,82,0.7804878048780488,0.6252797289592463,,,11,True
visualizer_v2_e1_core_10073.json,e1_core,10073,9860452,73,10073,Qwen/Qwen2.5-7B-Instruct,False,1024,4,random,15.931906614785992,True,28,False,average,0.0,normal,both,2500,250,Qwen2.5-7B-Instruct-BluePrint,Qwen2.5-7B-Instruct,True,0.07763671875,0.43748555232210595,-0.00673828125,0.0330078125,1.0,0.9326171875,-0.0673828125,0.0,0.3560800303620462,0.02306148898664184,0.8651881663692417,0.12246161466072313,0.8803514933810049,0.1038885580476114,0.02306148898664184,0.9533025568181818,0.6402271606705405,795,0.9270440251572327,0.3486302021914308,,,11,True
visualizer_v2_e1_core_10074.json,e1_core,10074,9860501,74,10074,marcelbinz/Llama-3.1-Minitaur-8B,False,256,0,powerlaw_cluster,15.2890625,True,29,False,uniform,0.0,normal,both,2500,250,Llama-3.1-Minitaur-8B-BluePrint,Llama-3.1-Minitaur-8B,True,0.0609375,0.44438576129752605,-0.0015625,0.0234375,1.0,0.984375,-0.015625,0.0,0.11611507530476971,-0.011476187964771893,0.9635388187433133,0.025038323965252938,0.9722010154675443,0.02931776602234887,-0.011476187964771893,0.17400568181818182,1.8504870154640891,156,0.6282051282051282,0.8362630208333334,,,11,True
visualizer_v2_e1_core_10075.json,e1_core,10075,9860502,75,10075,Qwen/Qwen2.5-7B-Instruct,False,256,1,powerlaw_cluster,15.330739299610896,False,28,False,distribution,1.0,normal,both,2500,250,Qwen2.5-7B-Instruct-BluePrint,Qwen2.5-7B-Instruct,True,0.1046875,0.5559032091251719,0.0,0.044140625,1.0,1.0,0.0,0.0,0.0,0.0,1.0,0.0,1.0,0.0,0.0,0.9481534090909091,0.7743732278997247,268,0.835820895522388,0.4960441019997668,,,11,True
visualizer_v2_e1_core_10076.json,e1_core,10076,9860574,76,10076,marcelbinz/Llama-3.1-Minitaur-8B,False,64,4,random,16.764705882352942,False,28,False,average,0.0,normal,both,2500,250,Llama-3.1-Minitaur-8B-BluePrint,Llama-3.1-Minitaur-8B,True,0.2734375,0.5695475599669149,-0.0015625,0.09375,0.671875,0.65625,-0.015625,0.9129992135852474,0.9283620723948678,-0.0989585380231872,0.5269670453618609,0.4895397489539749,0.5474178942597998,0.4419556430878117,0.03971925856696128,0.6846590909090909,0.5671138763427734,175,0.9142857142857143,0.38015066964285715,,,11,True
visualizer_v2_e1_core_10077.json,e1_core,10077,9860575,77,10077,Qwen/Qwen2.5-7B-Instruct,False,1024,4,powerlaw_cluster,15.82295719844358,True,29,False,uniform,1.0,normal,both,2500,250,Qwen2.5-7B-Instruct-BluePrint,Qwen2.5-7B-Instruct,True,0.119921875,0.5032438077948539,-0.0015625,0.039453125,0.5244140625,0.5087890625,-0.015625,0.9982794894411453,0.9997770990046065,0.023995136370657633,0.5351632386765819,0.49063973063973065,0.5047957232363872,0.4035492042825386,0.026405481310561734,0.5504261363636364,1.2231912314891815,1228,0.7320846905537459,0.7123614382666175,,,11,True
visualizer_v2_e1_core_10078.json,e1_core,10078,9860782,78,10078,Qwen/Qwen2.5-7B-Instruct,False,64,0,random,15.6875,True,28,False,distribution,0.5,normal,both,2500,250,Qwen2.5-7B-Instruct-BluePrint,Qwen2.5-7B-Instruct,True,0.059375,0.34978354978354975,0.0,0.0265625,1.0,1.0,0.0,0.0,0.0,0.0,1.0,0.0,1.0,0.0,0.0,0.96875,0.7088777368718927,38,0.9736842105263158,0.33365671258223684,,,11,True
visualizer_v2_e1_core_10079.json,e1_core,10079,9860816,79,10079,meta-llama/Llama-3.1-8B,False,1024,0,random,15.791015625,True,25,False,distribution,1.0,normal,both,2500,250,Llama-3.1-8B-BluePrint,Llama-3.1-8B,True,0.105078125,0.5582711100108697,0.012890625,0.04638671875,0.5244140625,0.6533203125,0.12890625,0.9982794894411453,0.931067727403991,0.160376974623029,0.6309771016635192,0.3778602350030921,0.5114194249257273,0.41112470460161354,-0.051840078257947036,0.38529829545454547,0.49110429937189276,1076,0.9405204460966543,0.3451640189358736,,,11,True
visualizer_v2_e1_core_10080.json,e1_core,10080,9860875,80,10080,marcelbinz/Llama-3.1-Minitaur-8B,False,1024,1,random,15.773658536585366,False,29,True,uniform,0.0,normal,both,2500,250,Llama-3.1-Minitaur-8B-BluePrint,Llama-3.1-Minitaur-8B,True,0.13046875,0.42183228992528676,-0.0216796875,0.050390625,1.0,0.783203125,-0.216796875,0.0,0.7542754098178032,0.00020049775826348434,0.6608605403357851,0.34132108269183015,0.6450848249481692,0.3321216571181846,0.00020049775826348434,0.6149680397727273,2.7159297983162105,1336,0.36676646706586824,1.827163981820295,,,11,True
visualizer_v2_e1_core_10081.json,e1_core,10081,9860876,81,10081,Qwen/Qwen2.5-7B-Instruct,False,1024,4,powerlaw_cluster,15.82295719844358,False,28,False,uniform,1.0,normal,both,2500,250,Qwen2.5-7B-Instruct-BluePrint,Qwen2.5-7B-Instruct,True,0.061328125,0.44590196517862646,-0.00625,0.02021484375,1.0,0.9375,-0.0625,0.0,0.3372900666170139,-0.022147289706987504,0.8786165395174742,0.12867398076662603,0.9143387317644889,0.065091080062817,-0.022147289706987504,0.9396306818181818,1.09612476690249,628,0.8487261146496815,0.49742194497661224,,,11,True
visualizer_v2_e1_core_10082.json,e1_core,10082,9860877,82,10082,marcelbinz/Llama-3.1-Minitaur-8B,False,64,0,random,16.34375,False,25,True,average,1.0,normal,both,2500,250,Llama-3.1-Minitaur-8B-BluePrint,Llama-3.1-Minitaur-8B,True,0.2640625,0.5663791884444058,0.0046875,0.1046875,0.609375,0.65625,0.046875,0.9652016987500656,0.9283620723948678,-0.0018336907938899325,0.5234908153913909,0.4474187380497132,0.4883865840672119,0.5293059486321565,0.048375130871644155,0.703125,0.8931888721205972,169,0.7514792899408284,0.7263123100325906,,,11,True
visualizer_v2_e1_core_10083.json,e1_core,10083,9860915,83,10083,Qwen/Qwen2.5-7B-Instruct,False,1024,1,powerlaw_cluster,15.800975609756097,False,25,True,average,1.0,normal,both,2500,250,Qwen2.5-7B-Instruct-BluePrint,Qwen2.5-7B-Instruct,True,0.340234375,0.45882745951190457,-0.0228515625,0.10986328125,1.0,0.771484375,-0.228515625,0.0,0.7754147164028865,0.0016520114911134217,0.6334157154422738,0.3670468948035488,0.5691724484572838,0.37084817903646944,0.0016520114911134217,0.7793856534090909,1.8174931562336332,3484,0.46785304247990817,1.37481308520593,,,11,True
visualizer_v2_e1_core_10084.json,e1_core,10084,9860916,84,10084,marcelbinz/Llama-3.1-Minitaur-8B,False,1024,4,powerlaw_cluster,15.793774319066149,False,29,True,distribution,0.5,normal,both,2500,250,Llama-3.1-Minitaur-8B-BluePrint,Llama-3.1-Minitaur-8B,True,0.11484375,0.4514730827674235,-0.015234375,0.03466796875,1.0,0.84765625,-0.15234375,0.0,0.6156745938434387,-0.009878479384458898,0.744636310703412,0.2548646074295823,0.7463048587874834,0.19402704555807077,-0.009878479384458898,0.7180397727272727,3.6816699456169526,1176,0.3741496598639456,1.8520327263137921,,,11,True
visualizer_v2_e1_core_10085.json,e1_core,10085,9860917,85,10085,Qwen/Qwen2.5-7B-Instruct,False,1024,4,random,15.883268482490273,False,28,False,blueprint,0.0,normal,both,2500,250,Qwen2.5-7B-Instruct-BluePrint,Qwen2.5-7B-Instruct,True,0.01005859375,0.45841866466866465,-0.00087890625,0.00458984375,1.0,0.9912109375,-0.0087890625,0.0,0.07265400657557865,-0.009958933038249325,0.9812622227609029,0.02,0.978719676988946,0.026702735723049348,-0.009958933038249325,0.9937855113636364,1.0680327036164023,103,0.9611650485436893,0.25379010543082525,,,11,True
visualizer_v2_e1_core_10086.json,e1_core,10086,9860918,86,10086,meta-llama/Llama-3.1-8B,False,64,4,random,16.323529411764707,False,25,False,uniform,0.5,normal,both,2500,250,Llama-3.1-8B-BluePrint,Llama-3.1-8B,True,0.2296875,0.5200738150738151,0.0296875,0.0859375,0.546875,0.84375,0.296875,0.9936507116910405,0.6252624052234231,0.007328234503504391,0.7107946598101134,0.28085106382978725,0.7688139342577582,0.23986303631134467,0.06083262638308293,0.4659090909090909,0.6992718089710582,147,0.8163265306122449,0.5793639721513606,,,11,True
visualizer_v2_e1_core_10087.json,e1_core,10087,9860919,87,10087,google/gemma-3-4b-pt,False,64,4,powerlaw_cluster,13.794117647058824,False,29,False,average,0.0,normal,both,2500,250,gemma-3-4b-pt-BluePrint,gemma-3-4b-pt,True,0.0984375,0.5132183908045976,0.0421875,0.034375,0.5625,0.984375,0.421875,0.9886994082884974,0.11611507530476971,-0.00906344410876164,0.9604539682539682,0.023952095808383235,0.9670649668431865,0.03237382897841396,-0.04606488572337003,0.24573863636363635,1.3164405822753906,63,0.8571428571428571,0.4905753968253968,,,11,True
visualizer_v2_e1_core_10088.json,e1_core,10088,9860920,88,10088,Qwen/Qwen2.5-7B-Instruct,False,1024,4,powerlaw_cluster,15.793774319066149,False,28,True,distribution,0.5,normal,both,2500,250,Qwen2.5-7B-Instruct-BluePrint,Qwen2.5-7B-Instruct,True,0.23681640625,0.45638861547750426,-0.01240234375,0.07724609375,1.0,0.8759765625,-0.1240234375,0.0,0.5408165819114821,0.004862773040985133,0.7867675677560196,0.21756084442651608,0.8049364283789204,0.17592130203787507,0.004862773040985133,0.8739346590909091,1.9472196308303287,2425,0.4927835051546392,1.3512524458305122,,,11,True
visualizer_v2_e1_core_10089.json,e1_core,10089,9860921,89,10089,Qwen/Qwen2.5-7B-Instruct,False,1024,0,random,15.982421875,False,29,False,average,0.5,normal,both,2500,250,Qwen2.5-7B-Instruct-BluePrint,Qwen2.5-7B-Instruct,True,0.14404296875,0.4598503739169553,-0.02041015625,0.0513671875,0.7578125,0.5537109375,-0.2041015625,0.798659130358246,0.9916599563439634,-0.003876586107105163,0.49682295689015715,0.4956617377489918,0.5039653348654076,0.46790292928374366,0.014928556766691699,0.44140625,1.041279985146089,1475,0.8759322033898305,0.5073352671477754,,,11,True
visualizer_v2_e1_core_10090.json,e1_core,10090,9860922,90,10090,marcelbinz/Llama-3.1-Minitaur-8B,False,64,4,random,16.0,True,29,False,average,0.0,normal,both,2500,250,Llama-3.1-Minitaur-8B-BluePrint,Llama-3.1-Minitaur-8B,True,0.11875,0.4217748917748918,-0.0125,0.046875,1.0,0.875,-0.125,0.0,0.5435644431995964,-0.05691504592409891,0.765034295206709,0.22975929978118162,0.775735152993619,0.22796087311322072,-0.05691504592409891,0.14914772727272727,1.7047448591752485,76,0.6052631578947368,0.952161287006579,,,11,True
visualizer_v2_e1_core_10091.json,e1_core,10091,9860923,91,10091,Qwen/Qwen2.5-7B-Instruct,False,64,4,random,15.617647058823529,True,25,False,average,0.5,normal,both,2500,250,Qwen2.5-7B-Instruct-BluePrint,Qwen2.5-7B-Instruct,True,0.39375,0.6402510822510823,-0.003125,0.1296875,1.0,0.96875,-0.03125,0.0,0.20062232431271465,-0.020547945205478108,0.9242500441270933,0.053691275167785234,0.9286723952133863,0.07958112282071712,-0.020547945205478108,0.78125,0.8032468448985707,252,0.7738095238095238,0.700409177749876,,,11,True
visualizer_v2_e1_core_10092.json,e1_core,10092,9860924,92,10092,meta-llama/Llama-3.1-8B,False,1024,1,random,16.185365853658535,False,25,True,distribution,1.0,normal,both,2500,250,Llama-3.1-8B-BluePrint,Llama-3.1-8B,True,0.17197265625,0.5428375483300854,0.00302734375,0.06396484375,0.5244140625,0.5546875,0.0302734375,0.9982794894411453,0.9913533102170101,0.012862464231990963,0.5033989792678858,0.4883214328936222,0.5605952619062071,0.3850879165750874,-0.01504959976018115,0.7062322443181818,2.2381219903684477,1761,0.6445201590005678,0.9704526915325488,,,11,True
visualizer_v2_e1_core_10093.json,e1_core,10093,9860967,93,10093,marcelbinz/Llama-3.1-Minitaur-8B,False,256,1,random,16.22568093385214,True,29,False,distribution,1.0,normal,both,2500,250,Llama-3.1-Minitaur-8B-BluePrint,Llama-3.1-Minitaur-8B,True,0.049609375,0.4562265512265512,-0.004296875,0.02109375,1.0,0.95703125,-0.04296875,0.0,0.2557420200756248,0.042124782135789775,0.9307408809159264,0.06896551724137931,0.7454974338417448,0.2597811773221965,0.042124782135789775,0.2567471590909091,2.122417016462846,127,0.5984251968503937,0.9001099593996063,,,11,True
visualizer_v2_e1_core_10094.json,e1_core,10094,9860968,94,10094,google/gemma-3-4b-pt,False,256,0,powerlaw_cluster,15.3359375,True,29,True,average,0.5,normal,both,2500,250,gemma-3-4b-pt-BluePrint,gemma-3-4b-pt,True,0.167578125,0.5508651018295337,0.041015625,0.0453125,0.5078125,0.91796875,0.41015625,0.9998238825988729,0.4092962956205902,0.0228483249539554,0.8455903900433177,0.163015792154865,0.8992263846282234,0.09117940619104983,-0.22433250128211785,0.3778409090909091,1.4777414202690125,429,0.710955710955711,0.8442727469064139,,,11,True
visualizer_v2_e1_core_10095.json,e1_core,10095,9860969,95,10095,google/gemma-3-4b-pt,False,1024,1,random,16.001951219512193,True,25,True,uniform,0.0,normal,both,2500,250,gemma-3-4b-pt-BluePrint,gemma-3-4b-pt,True,0.19013671875,0.4849663726480264,0.00068359375,0.07392578125,0.51953125,0.5263671875,0.0068359375,0.9988990309438097,0.9979930635696015,0.013604797386915245,0.5028310122409261,0.4916166931832089,0.5090300172830217,0.40941195378023937,-0.009016779615839077,0.7810724431818182,1.5872806702655824,1947,0.5161787365177196,1.2785775998217912,,,11,True
visualizer_v2_e1_core_10096.json,e1_core,10096,9861140,96,10096,meta-llama/Llama-3.1-8B,False,64,4,powerlaw_cluster,13.852941176470589,True,25,False,average,0.0,normal,both,2500,250,Llama-3.1-8B-BluePrint,Llama-3.1-8B,True,0.278125,0.545582159498568,0.0125,0.0859375,0.609375,0.734375,0.125,0.9652016987500656,0.8351164948421137,0.007464152425849213,0.6247810352628874,0.3803680981595092,0.6109432154635299,0.35319371356042795,-0.1952568800867899,0.45454545454545453,0.5886410799893466,178,0.9382022471910112,0.45023097349016855,,,11,True
visualizer_v2_e1_core_10097.json,e1_core,10097,9861141,97,10097,Qwen/Qwen2.5-7B-Instruct,False,64,0,random,15.96875,False,29,True,average,1.0,normal,both,2500,250,Qwen2.5-7B-Instruct-BluePrint,Qwen2.5-7B-Instruct,True,0.1875,0.554361802413273,-0.025,0.0515625,0.765625,0.515625,-0.25,0.7855602922535473,0.9992954443621548,0.03505206239904148,0.5042821920272901,0.487279843444227,0.49934539424237895,0.5228001097667959,0.04526445046978858,0.578125,1.5206820097836582,120,0.7083333333333334,0.9036548614501954,,,11,True
visualizer_v2_e1_core_10098.json,e1_core,10098,9861142,98,10098,google/gemma-3-4b-pt,False,256,0,random,16.5859375,True,28,False,blueprint,1.0,normal,both,2500,250,gemma-3-4b-pt-BluePrint,gemma-3-4b-pt,True,0.2109375,0.5210667614438914,0.0140625,0.091015625,0.55078125,0.69140625,0.140625,0.9925464978639335,0.8915435098801499,-0.041361236959361176,0.5680033998935632,0.4385303815355629,0.4999431270888618,0.4484442176044154,0.03158576638254287,0.7283380681818182,0.4875001907348633,540,0.937037037037037,0.348145435474537,,,11,True
visualizer_v2_e1_core_10099.json,e1_core,10099,9861143,99,10099,google/gemma-3-4b-pt,False,1024,4,powerlaw_cluster,15.789883268482491,False,25,True,average,0.0,normal,both,2500,250,gemma-3-4b-pt-BluePrint,gemma-3-4b-pt,True,0.171875,0.5140844471446375,0.0046875,0.06064453125,0.7470703125,0.7939453125,0.046875,0.8158886340238983,0.7338734252693226,-0.003976859715750583,0.6644950887982535,0.32345378264988495,0.6760720492142512,0.2861961912746251,0.011120907091642861,0.8000710227272727,1.6419188424267552,1760,0.5642045454545455,1.2194086399945345,,,11,True
visualizer_v2_e1_core_10100.json,e1_core,10100,9861144,100,10100,Qwen/Qwen2.5-7B-Instruct,False,64,4,random,16.58823529411765,True,28,True,uniform,1.0,normal,both,2500,250,Qwen2.5-7B-Instruct-BluePrint,Qwen2.5-7B-Instruct,True,0.1703125,0.5165864690864691,-0.0015625,0.0828125,1.0,0.984375,-0.015625,0.0,0.11611507530476971,0.0,0.9833333333333333,0.017278617710583154,0.980011751931213,0.020283663808402633,0.0,0.8963068181818182,0.89266667582772,109,0.8073394495412844,0.5382035281680045,,,11,True
visualizer_v2_e1_core_10101.json,e1_core,10101,9909405,101,10101,google/gemma-3-4b-pt,False,1024,0,powerlaw_cluster,15.80859375,True,29,True,blueprint,1.0,normal,both,2500,250,gemma-3-4b-pt-BluePrint,gemma-3-4b-pt,True,0.2498046875,0.6256378564815569,-0.016796875,0.0759765625,0.7607421875,0.5927734375,-0.16796875,0.7938038675530564,0.975021208180055,0.007101347114967376,0.5236505849805834,0.4870274277242402,0.5370542845508044,0.40438747773253697,-0.05643427560073255,0.5948153409090909,1.6816777290607041,2558,0.5113369820172009,1.201269320904789,,,11,True
visualizer_v2_e1_core_10102.json,e1_core,10102,9861146,102,10102,marcelbinz/Llama-3.1-Minitaur-8B,False,64,0,random,16.46875,True,25,False,distribution,1.0,normal,both,2500,250,Llama-3.1-Minitaur-8B-BluePrint,Llama-3.1-Minitaur-8B,True,0.184375,0.5828087263613579,-0.0125,0.06875,0.671875,0.546875,-0.125,0.9129992135852474,0.9936507116910405,0.0841655910411815,0.5734828776174004,0.4573055028462998,0.5651467610470932,0.438829092044945,-0.09050459365538856,0.6264204545454546,0.6073747114701704,118,0.9152542372881356,0.4040858381885593,,,11,True
visualizer_v2_e1_core_10103.json,e1_core,10103,9861147,103,10103,google/gemma-3-4b-pt,False,256,0,powerlaw_cluster,15.3359375,True,28,True,blueprint,0.5,normal,both,2500,250,gemma-3-4b-pt-BluePrint,gemma-3-4b-pt,True,0.3671875,0.5893341245488389,0.01953125,0.124609375,0.55078125,0.74609375,0.1953125,0.9925464978639335,0.8174108828059471,0.05735017486222949,0.6497724087472699,0.2954661232806928,0.6052867642619374,0.35367891965893317,0.0016354839943905353,0.7045454545454546,0.7624732120470568,940,0.7755319148936171,0.6885294812790891,,,11,True
visualizer_v2_e1_core_10104.json,e1_core,10104,9861148,104,10104,google/gemma-3-4b-pt,False,64,4,powerlaw_cluster,13.647058823529411,True,25,True,blueprint,1.0,normal,both,2500,250,gemma-3-4b-pt-BluePrint,gemma-3-4b-pt,True,0.2796875,0.5656423978647697,0.0390625,0.0984375,0.5,0.890625,0.390625,1.0,0.4980278865344765,0.057595670660997474,0.7997221918077896,0.14465408805031446,0.8203723252465077,0.17691882182290078,0.07434897083675754,0.6434659090909091,0.6512732939286665,179,0.888268156424581,0.49314769553072624,,,11,True
visualizer_v2_e1_core_10105.json,e1_core,10105,9861149,105,10105,meta-llama/Llama-3.1-8B,False,256,0,powerlaw_cluster,15.328125,False,29,True,uniform,1.0,normal,both,2500,250,Llama-3.1-8B-BluePrint,Llama-3.1-8B,True,0.22734375,0.43845815574806374,-0.0296875,0.069921875,0.95703125,0.66015625,-0.296875,0.2557420200756248,0.924669105974498,-0.013203760430970875,0.5478150144683888,0.44852191641182465,0.6621063968932247,0.2962917303206362,-0.006202852085269338,0.37748579545454547,1.7948386984115297,582,0.4536082474226804,1.4024851756407224,,,11,True
visualizer_v2_e1_core_10106.json,e1_core,10106,9861152,106,10106,meta-llama/Llama-3.1-8B,False,1024,4,powerlaw_cluster,15.787937743190662,True,29,True,average,1.0,normal,both,2500,250,Llama-3.1-8B-BluePrint,Llama-3.1-8B,True,0.29453125,0.43466283287360197,-0.0435546875,0.07119140625,1.0,0.564453125,-0.435546875,0.0,0.9879800782716326,-0.004434103725545303,0.5108765239504333,0.48660410716714264,0.5477655812194692,0.3643743503609527,-0.004434103725545303,0.6050248579545454,2.2799597893079575,3016,0.41478779840848806,1.5891113347653052,,,11,True
visualizer_v2_e1_core_10107.json,e1_core,10107,9861153,107,10107,marcelbinz/Llama-3.1-Minitaur-8B,False,256,1,powerlaw_cluster,15.392996108949417,False,28,False,distribution,1.0,normal,both,2500,250,Llama-3.1-Minitaur-8B-BluePrint,Llama-3.1-Minitaur-8B,True,0.1390625,0.5439375902423259,0.02265625,0.053515625,0.5234375,0.75,0.2265625,0.9984144269374465,0.8112781244591328,0.04189369812379326,0.6152223457084429,0.3299573560767591,0.5167876316045864,0.44755768294857423,0.07593672672440627,0.7599431818181818,0.5971775054931641,356,0.9438202247191011,0.26492069544417135,,,11,True
visualizer_v2_e1_core_10108.json,e1_core,10108,9861180,108,10108,marcelbinz/Llama-3.1-Minitaur-8B,False,64,1,random,16.584615384615386,True,29,True,average,0.0,normal,both,2500,250,Llama-3.1-Minitaur-8B-BluePrint,Llama-3.1-Minitaur-8B,True,0.0890625,0.5068315018315018,-0.0015625,0.0390625,1.0,0.984375,-0.015625,0.0,0.11611507530476971,-0.003688435669343697,0.9500008662010558,0.03501945525291829,0.9650567520837563,0.0359371896341594,-0.003688435669343697,0.2059659090909091,1.9741283763538708,57,0.47368421052631576,1.3175198739035088,,,11,True
visualizer_v2_e1_core_10109.json,e1_core,10109,9861181,109,10109,marcelbinz/Llama-3.1-Minitaur-8B,False,64,4,powerlaw_cluster,13.764705882352942,False,28,False,blueprint,1.0,normal,both,2500,250,Llama-3.1-Minitaur-8B-BluePrint,Llama-3.1-Minitaur-8B,True,0.325,0.4912113899023309,0.0,0.103125,0.609375,0.609375,0.0,0.9652016987500656,0.9652016987500656,-0.04688271722198985,0.47141832857544935,0.4940119760479042,0.535189245114571,0.41216448017687657,0.0271941592913275,0.3536931818181818,0.4901823564009233,208,0.9615384615384616,0.28570321890024036,,,11,True
visualizer_v2_e1_core_10110.json,e1_core,10110,9861188,110,10110,Qwen/Qwen2.5-7B-Instruct,False,256,4,random,15.430769230769231,False,29,False,uniform,0.0,normal,both,2500,250,Qwen2.5-7B-Instruct-BluePrint,Qwen2.5-7B-Instruct,True,0.207421875,0.5244682302435593,0.001953125,0.084765625,0.5703125,0.58984375,0.01953125,0.985687679358613,0.9765824414334774,0.018796542846171865,0.5346142927931055,0.47346295323173937,0.5208936120615031,0.44791784138216184,-0.00754141104273013,0.5230823863636364,1.0987684726715088,531,0.8097928436911488,0.5869370512594162,,,11,True
visualizer_v2_e1_core_10111.json,e1_core,10111,9861189,111,10111,Qwen/Qwen2.5-7B-Instruct,False,1024,0,random,15.990234375,True,29,True,average,1.0,normal,both,2500,250,Qwen2.5-7B-Instruct-BluePrint,Qwen2.5-7B-Instruct,True,0.32822265625,0.5676613575826915,0.01513671875,0.13037109375,0.7578125,0.9091796875,0.1513671875,0.798659130358246,0.43920200261691034,0.001901560239501573,0.8230826929899752,0.1724685476975693,0.7489478122736878,0.2220484528372901,-0.0380353394255109,0.7874644886363636,2.337137909098105,3361,0.41535257363879796,1.5055871899374111,,,11,True
visualizer_v2_e1_core_10112.json,e1_core,10112,9861190,112,10112,marcelbinz/Llama-3.1-Minitaur-8B,False,256,4,random,15.992307692307692,True,28,False,blueprint,0.0,normal,both,2500,250,Llama-3.1-Minitaur-8B-BluePrint,Llama-3.1-Minitaur-8B,True,0.312890625,0.5182133380816902,-0.001171875,0.11171875,0.6796875,0.66796875,-0.01171875,0.9047209661860878,0.916988243682839,0.012706298998022253,0.5438153092131743,0.4350253807106599,0.5620884161389393,0.4138811229653627,-0.22845331178752648,0.3664772727272727,0.4642659967595881,801,0.9525593008739076,0.3133650076076779,,,11,True
visualizer_v2_e1_core_10113.json,e1_core,10113,9861191,113,10113,meta-llama/Llama-3.1-8B,False,256,1,powerlaw_cluster,15.346303501945526,True,29,True,distribution,1.0,normal,both,2500,250,Llama-3.1-8B-BluePrint,Llama-3.1-8B,True,0.20234375,0.43926626572133476,-0.0234375,0.067578125,1.0,0.765625,-0.234375,0.0,0.7855602922535473,0.028035041077382406,0.6382916811013108,0.3035143769968051,0.8529258789364013,0.13602192944926364,0.028035041077382406,0.4236505681818182,1.662783313881267,518,0.4362934362934363,1.4299050850297494,,,11,True
visualizer_v2_e1_core_10114.json,e1_core,10114,9861234,114,10114,meta-llama/Llama-3.1-8B,False,64,4,random,17.441176470588236,False,28,False,blueprint,1.0,normal,both,2500,250,Llama-3.1-8B-BluePrint,Llama-3.1-8B,True,0.2171875,0.5392757242757242,0.0109375,0.09375,0.828125,0.9375,0.109375,0.6619760641115653,0.3372900666170139,-0.0454863540937717,0.9092108083487394,0.10843373493975904,0.9219099615287363,0.06942286466760458,0.014700379886337933,0.26136363636363635,0.7209958163174716,139,0.8129496402877698,0.5428861988534173,,,11,True
visualizer_v2_e1_core_10115.json,e1_core,10115,9861301,115,10115,marcelbinz/Llama-3.1-Minitaur-8B,False,64,0,powerlaw_cluster,13.40625,True,28,True,average,0.0,normal,both,2500,250,Llama-3.1-Minitaur-8B-BluePrint,Llama-3.1-Minitaur-8B,True,0.2078125,0.5154914529914529,0.0140625,0.0421875,0.671875,0.8125,0.140625,0.9129992135852474,0.6962122601251458,-0.05022506515043822,0.6638498341584161,0.289044289044289,0.6915952694252797,0.2973547671584057,-0.3044623532860314,0.7911931818181818,0.9196149652654474,133,0.8872180451127819,0.4466883150258459,,,11,True
visualizer_v2_e1_core_10116.json,e1_core,10116,9861302,116,10116,marcelbinz/Llama-3.1-Minitaur-8B,False,1024,1,powerlaw_cluster,15.799024390243902,False,29,False,blueprint,0.5,normal,both,2500,250,Llama-3.1-Minitaur-8B-BluePrint,Llama-3.1-Minitaur-8B,True,0.04599609375,0.44060509891053634,-0.00439453125,0.01552734375,1.0,0.9560546875,-0.0439453125,0.0,0.2600976827179172,-0.007902432066189189,0.9145621344737281,0.08597630875047764,0.9139963222698616,0.08923077850340297,-0.007902432066189189,0.0869140625,1.6161413626237349,471,0.7048832271762208,0.7552010764994692,,,11,True
visualizer_v2_e1_core_10117.json,e1_core,10117,9861303,117,10117,Qwen/Qwen2.5-7B-Instruct,False,1024,4,powerlaw_cluster,15.795719844357977,False,29,False,uniform,1.0,normal,both,2500,250,Qwen2.5-7B-Instruct-BluePrint,Qwen2.5-7B-Instruct,True,0.111328125,0.5242330916546633,0.00390625,0.0376953125,0.5244140625,0.5634765625,0.0390625,0.9982794894411453,0.9883425400806773,-0.0064372645304331105,0.5175638476766667,0.4971506105834464,0.4970358130825407,0.3968744768754583,-0.008559068826365306,0.5686257102272727,1.2475813247940757,1140,0.7359649122807017,0.7031256960149397,,,11,True
visualizer_v2_e1_core_10118.json,e1_core,10118,9861304,118,10118,marcelbinz/Llama-3.1-Minitaur-8B,False,64,0,powerlaw_cluster,13.78125,True,25,False,blueprint,0.0,normal,both,2500,250,Llama-3.1-Minitaur-8B-BluePrint,Llama-3.1-Minitaur-8B,True,0.3515625,0.5101314818781086,-0.0109375,0.090625,0.640625,0.53125,-0.109375,0.9421631690835512,0.9971803988942641,0.013199005949864385,0.5136585594002474,0.49206349206349204,0.5010052152980172,0.4508660095472541,-0.1046094324539033,0.5071022727272727,0.3723439303311435,225,0.9511111111111111,0.2996332465277778,,,11,True
visualizer_v2_e1_core_10119.json,e1_core,10119,9861346,119,10119,meta-llama/Llama-3.1-8B,False,256,0,powerlaw_cluster,15.3671875,False,29,False,blueprint,0.5,normal,both,2500,250,Llama-3.1-8B-BluePrint,Llama-3.1-8B,True,0.118359375,0.46183701111594855,-0.005859375,0.043359375,0.99609375,0.9375,-0.05859375,0.03687450625387198,0.3372900666170139,-0.03206566285391821,0.8732870174038677,0.09405185561769192,0.9123155691158126,0.08142588215441016,-0.028927300294570024,0.13352272727272727,1.2836211811412463,303,0.8646864686468647,0.5106068224009901,,,11,True
visualizer_v2_e1_core_10120.json,e1_core,10120,9861347,120,10120,meta-llama/Llama-3.1-8B,False,64,4,powerlaw_cluster,13.882352941176471,False,28,True,distribution,0.5,normal,both,2500,250,Llama-3.1-8B-BluePrint,Llama-3.1-8B,True,0.2734375,0.5517251870936082,0.0015625,0.084375,0.625,0.640625,0.015625,0.954434002924965,0.9421631690835512,-0.12194945062914735,0.44318024970198877,0.5352941176470588,0.540222537229429,0.40211517405084435,-0.09510381304525455,0.3963068181818182,0.6919964877041903,175,0.8,0.5479534040178572,,,11,True
visualizer_v2_e1_core_10121.json,e1_core,10121,9861364,121,10121,marcelbinz/Llama-3.1-Minitaur-8B,False,1024,4,powerlaw_cluster,15.80739299610895,False,25,False,average,0.5,normal,both,2500,250,Llama-3.1-Minitaur-8B-BluePrint,Llama-3.1-Minitaur-8B,True,0.198046875,0.4763024385419854,-0.0154296875,0.06142578125,0.6787109375,0.5244140625,-0.154296875,0.9057777606948741,0.9982794894411453,0.01878354262641441,0.5089866699503433,0.4912849614916903,0.4973169488900619,0.4088967072976358,0.02303887970065568,0.6563387784090909,0.6259672208265825,2028,0.9161735700197239,0.3767188559387327,,,11,True
visualizer_v2_e1_core_10122.json,e1_core,10122,9861365,122,10122,meta-llama/Llama-3.1-8B,False,256,4,powerlaw_cluster,15.353846153846154,False,29,False,blueprint,0.5,normal,both,2500,250,Llama-3.1-8B-BluePrint,Llama-3.1-8B,True,0.17890625,0.46665012116421056,-0.0125,0.062109375,0.99609375,0.87109375,-0.125,0.03687450625387198,0.5544309233552464,-0.008537177382200788,0.7870882501511545,0.22840236686390533,0.7893790070667062,0.19376113612136517,-0.005299184937545961,0.18288352272727273,1.1708734685724431,458,0.8668122270742358,0.524362888919214,,,11,True
visualizer_v2_e1_core_10123.json,e1_core,10123,9861394,123,10123,Qwen/Qwen2.5-7B-Instruct,False,256,0,powerlaw_cluster,15.3359375,True,29,False,uniform,0.0,normal,both,2500,250,Qwen2.5-7B-Instruct-BluePrint,Qwen2.5-7B-Instruct,True,0.210546875,0.5300868784475854,-0.000390625,0.06640625,0.5703125,0.56640625,-0.00390625,0.985687679358613,0.9872383624334873,0.007847522068577192,0.5127203186825329,0.49923586347427407,0.5111325017408753,0.4409562038385375,0.03544066506459166,0.5184659090909091,1.0740092450922185,539,0.8126159554730983,0.600910929890422,,,11,True
visualizer_v2_e1_core_10124.json,e1_core,10124,9861395,124,10124,meta-llama/Llama-3.1-8B,False,1024,1,random,16.206829268292683,True,25,True,blueprint,0.0,normal,both,2500,250,Llama-3.1-8B-BluePrint,Llama-3.1-8B,True,0.16103515625,0.6342798149336135,0.02939453125,0.073046875,0.57421875,0.8681640625,0.2939453125,0.9840471637045681,0.5624518380356175,0.005513094895259216,0.7729580726430112,0.22426292895118416,0.7654080447483962,0.21377003995160251,-0.10469054169778409,0.6653941761363636,1.913793331774121,1649,0.6646452395391146,0.976215566701062,,,11,True
visualizer_v2_e1_core_10125.json,e1_core,10125,9861396,125,10125,Qwen/Qwen2.5-7B-Instruct,False,1024,4,powerlaw_cluster,15.809338521400779,True,28,True,uniform,0.0,normal,both,2500,250,Qwen2.5-7B-Instruct-BluePrint,Qwen2.5-7B-Instruct,True,0.1486328125,0.43648397325410404,-0.0083984375,0.05185546875,1.0,0.916015625,-0.083984375,0.0,0.416065091363473,-0.01345057364377902,0.8421867792941428,0.15573435156143461,0.8445519610447885,0.12272531772855107,-0.01345057364377902,0.9156605113636364,2.0687650896354834,1522,0.5105124835742444,1.283801627378426,,,11,True
visualizer_v2_e1_core_10126.json,e1_core,10126,9861397,126,10126,marcelbinz/Llama-3.1-Minitaur-8B,False,256,0,powerlaw_cluster,15.375,True,25,True,average,0.5,normal,both,2500,250,Llama-3.1-Minitaur-8B-BluePrint,Llama-3.1-Minitaur-8B,True,0.323046875,0.47584221479111355,-0.012890625,0.091796875,0.66796875,0.5390625,-0.12890625,0.916988243682839,0.9955927544527945,0.0045943530088322195,0.4982922865051322,0.49339430894308944,0.4995349151812304,0.4445596565790254,-0.2107776443966476,0.7585227272727273,1.28250190124593,827,0.5392986698911729,1.0882509893488854,,,11,True
visualizer_v2_e1_core_10127.json,e1_core,10127,9861398,127,10127,meta-llama/Llama-3.1-8B,False,256,4,random,15.353846153846154,True,29,False,uniform,0.0,normal,both,2500,250,Llama-3.1-8B-BluePrint,Llama-3.1-8B,True,0.082421875,0.49350617153862586,-0.000390625,0.037890625,0.95703125,0.953125,-0.00390625,0.2557420200756248,0.2729708579140699,-0.02614677795684654,0.9152093456813827,0.0949367088607595,0.9078528822825058,0.08363221307723184,-0.13700777964508426,0.10262784090909091,1.4069271087646484,211,0.7156398104265402,0.6958447497037915,,,11,True
visualizer_v2_e1_core_10128.json,e1_core,10128,9861399,128,10128,meta-llama/Llama-3.1-8B,False,64,4,random,15.117647058823529,True,28,False,average,1.0,normal,both,2500,250,Llama-3.1-8B-BluePrint,Llama-3.1-8B,True,0.234375,0.5209204194498313,0.003125,0.075,0.578125,0.609375,0.03125,0.9823166080205502,0.9652016987500656,0.14784772790118897,0.576982227261132,0.4,0.5310108811748909,0.4326960780795406,-0.04172053859015443,0.3934659090909091,0.7403619939630682,150,0.8133333333333334,0.5283056640625,,,11,True
visualizer_v2_e1_core_10129.json,e1_core,10129,9861402,129,10129,Qwen/Qwen2.5-7B-Instruct,False,256,0,random,15.453125,False,25,True,distribution,1.0,normal,both,2500,250,Qwen2.5-7B-Instruct-BluePrint,Qwen2.5-7B-Instruct,True,0.174609375,0.4533332106013959,-0.011328125,0.073828125,1.0,0.88671875,-0.11328125,0.0,0.5097345489307138,0.014459499858190358,0.7876785295449056,0.19716885743174925,0.8616696456588134,0.15103504501362622,0.014459499858190358,0.9140625,1.6719763445329259,447,0.5883668903803132,1.1712621821119749,,,11,True
visualizer_v2_e1_core_10130.json,e1_core,10130,9861403,130,10130,marcelbinz/Llama-3.1-Minitaur-8B,False,256,1,powerlaw_cluster,15.32295719844358,False,28,True,average,0.5,normal,both,2500,250,Llama-3.1-Minitaur-8B-BluePrint,Llama-3.1-Minitaur-8B,True,0.200390625,0.5919634468463444,0.022265625,0.059375,0.73828125,0.9609375,0.22265625,0.829328929927916,0.23797715131903663,-0.01586620926243624,0.9302519210438679,0.04962243797195254,0.9363354786089447,0.05943591332338875,0.020562689774395376,0.76171875,1.8565625800666483,513,0.6861598440545809,0.885412071183411,,,11,True
visualizer_v2_e1_core_10131.json,e1_core,10131,9861409,131,10131,meta-llama/Llama-3.1-8B,False,1024,4,random,16.153696498054476,True,25,False,distribution,0.0,normal,both,2500,250,Llama-3.1-8B-BluePrint,Llama-3.1-8B,True,0.180859375,0.5609493547551383,0.021484375,0.07666015625,0.5244140625,0.7392578125,0.21484375,0.9982794894411453,0.8278642796095941,0.11637955999154304,0.6652812441575795,0.33475870494807575,0.6125635871503736,0.3437017917094028,-0.0935671862019899,0.4200994318181818,0.5195883404124867,1852,0.9524838012958964,0.32286912164214365,,,11,True
visualizer_v2_e1_core_10132.json,e1_core,10132,9861443,132,10132,meta-llama/Llama-3.1-8B,False,1024,0,powerlaw_cluster,15.783203125,False,28,False,uniform,0.5,normal,both,2500,250,Llama-3.1-8B-BluePrint,Llama-3.1-8B,True,0.14306640625,0.5920166126063778,0.03017578125,0.05625,0.5517578125,0.853515625,0.3017578125,0.9922565478487513,0.6009720703926708,-0.007225215720884374,0.7455397194384604,0.23301571587674794,0.7258626279751579,0.2557568514732542,-0.010000600029559655,0.3575994318181818,0.5759942531585693,1465,0.9815699658703072,0.27259708964377133,,,11,True
visualizer_v2_e1_core_10133.json,e1_core,10133,9861444,133,10133,marcelbinz/Llama-3.1-Minitaur-8B,False,256,0,powerlaw_cluster,15.3359375,False,25,True,average,0.0,normal,both,2500,250,Llama-3.1-Minitaur-8B-BluePrint,Llama-3.1-Minitaur-8B,True,0.338671875,0.5519886692214617,0.005078125,0.108203125,0.66796875,0.71875,0.05078125,0.916988243682839,0.8571484374283717,0.028072997429546758,0.6149462371570225,0.4095771777890983,0.6003851183353927,0.35480174297566636,0.015240474426910065,0.7425426136363636,1.0987127050757408,867,0.6862745098039216,0.8863678913490445,,,11,True
visualizer_v2_e1_core_10134.json,e1_core,10134,9861452,134,10134,Qwen/Qwen2.5-7B-Instruct,False,256,4,powerlaw_cluster,15.26923076923077,False,29,True,uniform,0.0,normal,both,2500,250,Qwen2.5-7B-Instruct-BluePrint,Qwen2.5-7B-Instruct,True,0.28046875,0.5295955679809856,0.0109375,0.088671875,0.5703125,0.6796875,0.109375,0.985687679358613,0.9047209661860878,-0.007716233066357007,0.5764843620313037,0.45698596705308114,0.5671458562860295,0.412823007711484,-0.009625333109897764,0.6338778409090909,1.3020537035031752,718,0.6058495821727019,0.9803671717311678,,,11,True
visualizer_v2_e1_core_10135.json,e1_core,10135,9861498,135,10135,marcelbinz/Llama-3.1-Minitaur-8B,False,256,4,powerlaw_cluster,15.307692307692308,False,28,False,blueprint,0.5,normal,both,2500,250,Llama-3.1-Minitaur-8B-BluePrint,Llama-3.1-Minitaur-8B,True,0.3109375,0.5487214774728676,0.00859375,0.109765625,0.6796875,0.765625,0.0859375,0.9047209661860878,0.7855602922535473,0.06307288777745387,0.6611930455999228,0.3660606060606061,0.6390315929309519,0.31902071112855507,0.061592459855147184,0.37855113636363635,0.5272374586625532,796,0.9409547738693468,0.34196648525832285,,,11,True
visualizer_v2_e1_core_10136.json,e1_core,10136,9861499,136,10136,meta-llama/Llama-3.1-8B,False,1024,4,powerlaw_cluster,15.809338521400779,True,25,False,distribution,0.5,normal,both,2500,250,Llama-3.1-8B-BluePrint,Llama-3.1-8B,True,0.16220703125,0.5665535425112425,0.02255859375,0.05361328125,0.5244140625,0.75,0.2255859375,0.9982794894411453,0.8112781244591328,0.07473008103301988,0.6733793308814221,0.3309666848716548,0.6134531364457518,0.32487981925359005,-0.14863365719890909,0.4337713068181818,0.588426329872825,1661,0.9367850692354004,0.3856701652807044,,,11,True
visualizer_v2_e1_core_10137.json,e1_core,10137,9861500,137,10137,marcelbinz/Llama-3.1-Minitaur-8B,False,256,4,random,16.1,False,29,True,uniform,0.0,normal,both,2500,250,Llama-3.1-Minitaur-8B-BluePrint,Llama-3.1-Minitaur-8B,True,0.1234375,0.42187395343346595,-0.0078125,0.051953125,1.0,0.921875,-0.078125,0.0,0.3955378064564774,0.004563618114631143,0.8486768320982702,0.13360120542440984,0.8486760814993626,0.15327448072141597,0.004563618114631143,0.40589488636363635,1.990796129811894,316,0.43670886075949367,1.5042625861831858,,,11,True
visualizer_v2_e1_core_10138.json,e1_core,10138,9861513,138,10138,Qwen/Qwen2.5-7B-Instruct,False,64,0,random,15.375,True,25,True,average,1.0,normal,both,2500,250,Qwen2.5-7B-Instruct-BluePrint,Qwen2.5-7B-Instruct,True,0.2359375,0.5080713489409142,-0.0046875,0.1078125,1.0,0.953125,-0.046875,0.0,0.2729708579140699,-0.01104546622142188,0.9004676107135123,0.0975609756097561,0.9565013331204689,0.047196894246381536,-0.01104546622142188,0.8892045454545454,0.9492255340922963,151,0.7086092715231788,0.8389780410867653,,,11,True
visualizer_v2_e1_core_10139.json,e1_core,10139,9861531,139,10139,google/gemma-3-4b-pt,False,1024,0,powerlaw_cluster,15.798828125,False,25,True,uniform,0.5,normal,both,2500,250,gemma-3-4b-pt-BluePrint,gemma-3-4b-pt,True,0.17158203125,0.5132955159872227,0.01064453125,0.05830078125,0.51953125,0.6259765625,0.1064453125,0.9988990309438097,0.9537113737696566,0.006180393598793337,0.5273842165944806,0.46099641488441095,0.5296567216316227,0.4298753189620227,-0.006158637536458168,0.8055752840909091,1.8745400390841744,1757,0.5258964143426295,1.3660769150483723,,,11,True
visualizer_v2_e1_core_10140.json,e1_core,10140,9861532,140,10140,google/gemma-3-4b-pt,False,256,1,random,16.054474708171206,True,25,False,distribution,0.5,normal,both,2500,250,gemma-3-4b-pt-BluePrint,gemma-3-4b-pt,True,0.425390625,0.531275241769826,-0.011328125,0.159765625,0.65625,0.54296875,-0.11328125,0.9283620723948678,0.9946660886725551,-0.024444763447695896,0.47174644030880303,0.5056455571919489,0.4979029167775526,0.4589061531568102,-0.1920710849853229,0.6558948863636364,0.4283722097223455,1089,0.9439853076216712,0.37331231347566574,,,11,True
visualizer_v2_e1_core_10141.json,e1_core,10141,9861543,141,10141,meta-llama/Llama-3.1-8B,False,256,0,powerlaw_cluster,15.3359375,True,28,True,distribution,0.0,normal,both,2500,250,Llama-3.1-8B-BluePrint,Llama-3.1-8B,True,0.178515625,0.49402879649078074,-0.003515625,0.051171875,0.6953125,0.66015625,-0.03515625,0.8869456102215854,0.924669105974498,0.026411424961913437,0.6267300619202203,0.4263881813550688,0.555713347240341,0.39549429122598156,-0.22038184645403303,0.8352272727272727,1.034749906171452,457,0.8074398249452954,0.6077919590655771,,,11,True
visualizer_v2_e1_core_10142.json,e1_core,10142,9861544,142,10142,google/gemma-3-4b-pt,False,64,1,powerlaw_cluster,13.569230769230769,True,29,False,uniform,0.5,normal,both,2500,250,gemma-3-4b-pt-BluePrint,gemma-3-4b-pt,True,0.146875,0.568537851037851,0.025,0.0578125,0.625,0.875,0.25,0.954434002924965,0.5435644431995964,-0.0061157730052620535,0.812633523883524,0.183206106870229,0.754089073098837,0.23924709656582546,-0.05734214901771871,0.4460227272727273,1.1371397538618608,94,0.8191489361702128,0.6548526845079787,,,11,True
visualizer_v2_e1_core_10143.json,e1_core,10143,9861545,143,10143,Qwen/Qwen2.5-7B-Instruct,False,256,0,powerlaw_cluster,15.359375,True,28,True,distribution,0.5,normal,both,2500,250,Qwen2.5-7B-Instruct-BluePrint,Qwen2.5-7B-Instruct,True,0.163671875,0.45016730490887846,-0.010546875,0.0609375,1.0,0.89453125,-0.10546875,0.0,0.4860951951851023,-0.012258549221294386,0.8053543917292161,0.18056968463886064,0.8072561424867127,0.191686437566898,-0.012258549221294386,0.9307528409090909,1.0487328913401475,419,0.7422434367541766,0.7353495231391707,,,11,True
visualizer_v2_e1_core_10144.json,e1_core,10144,9909406,144,10144,google/gemma-3-4b-pt,False,1024,1,powerlaw_cluster,15.814634146341463,True,29,False,uniform,1.0,normal,both,2500,250,gemma-3-4b-pt-BluePrint,gemma-3-4b-pt,True,0.0912109375,0.6126540039091111,0.022265625,0.03505859375,0.560546875,0.783203125,0.22265625,0.9893963750395396,0.7542754098178032,0.005037226811058749,0.6593863726220248,0.3391879852360952,0.7809687129379483,0.19231027132220174,-0.006905938854848141,0.43297230113636365,1.0211676250804553,934,0.8565310492505354,0.5082417065377409,,,11,True
visualizer_v2_e1_core_10145.json,e1_core,10145,9861567,145,10145,marcelbinz/Llama-3.1-Minitaur-8B,False,1024,0,random,15.94921875,True,28,True,blueprint,0.5,normal,both,2500,250,Llama-3.1-Minitaur-8B-BluePrint,Llama-3.1-Minitaur-8B,True,0.1349609375,0.5660697500779577,0.01328125,0.0619140625,0.720703125,0.853515625,0.1328125,0.8544909836023519,0.6009720703926708,0.04678467290922283,0.7721830082315649,0.22128337007102622,0.7728085292254141,0.21732510844509031,-0.18951593473738204,0.7827592329545454,2.396688174668022,1382,0.6931982633863966,0.8913414378242106,,,11,True
visualizer_v2_e1_core_10146.json,e1_core,10146,9861568,146,10146,Qwen/Qwen2.5-7B-Instruct,False,256,0,random,16.203125,True,28,False,distribution,0.0,normal,both,2500,250,Qwen2.5-7B-Instruct-BluePrint,Qwen2.5-7B-Instruct,True,0.046484375,0.45061355311355306,-0.002734375,0.019140625,1.0,0.97265625,-0.02734375,0.0,0.18089075961189305,-0.006100918634024389,0.9298123236017583,0.05351976856316297,0.9433508830027874,0.056724733131170844,-0.006100918634024389,0.9762073863636364,0.5309650247747247,119,0.9747899159663865,0.29654469209558826,,,11,True
visualizer_v2_e1_core_10147.json,e1_core,10147,9861569,147,10147,meta-llama/Llama-3.1-8B,False,256,1,random,15.735408560311283,True,28,False,blueprint,1.0,normal,both,2500,250,Llama-3.1-8B-BluePrint,Llama-3.1-8B,True,0.203125,0.5067603501284715,0.00234375,0.091015625,0.84375,0.8671875,0.0234375,0.6252624052234231,0.5651013322959568,-0.055804764366255685,0.7575381577463612,0.24198396793587174,0.8070746105004015,0.19298476372252915,-0.060378126563242984,0.2571022727272727,0.6515573154796254,520,0.9230769230769231,0.40203857421875,,,11,True
visualizer_v2_e1_core_10148.json,e1_core,10148,9861593,148,10148,meta-llama/Llama-3.1-8B,False,1024,0,random,16.1953125,False,25,False,blueprint,0.0,normal,both,2500,250,Llama-3.1-8B-BluePrint,Llama-3.1-8B,True,0.28623046875,0.5703993470041784,0.01298828125,0.11552734375,0.57421875,0.7041015625,0.1298828125,0.9840471637045681,0.8762192422901004,0.00897115236847408,0.5798572089408134,0.4130487216594308,0.5716177326371432,0.3919968524828784,0.00799335630192544,0.5062144886363636,0.399659200148149,2931,0.9757761856021836,0.29297732948972194,,,11,True
visualizer_v2_e1_core_10149.json,e1_core,10149,9861594,149,10149,google/gemma-3-4b-pt,False,256,4,powerlaw_cluster,15.323076923076924,True,28,False,distribution,0.0,normal,both,2500,250,gemma-3-4b-pt-BluePrint,gemma-3-4b-pt,True,0.404296875,0.50266485660546,-0.026953125,0.1234375,0.8046875,0.53515625,-0.26953125,0.7124534449668779,0.9964308234404787,0.0011975945579933203,0.4903208452485313,0.5029940119760479,0.5051453138013227,0.45157662452820396,0.015343912322939595,0.6519886363636364,0.3200678391890092,1035,0.9835748792270531,0.2750297214673913,,,11,True
visualizer_v2_e1_core_10150.json,e1_core,10150,9861595,150,10150,google/gemma-3-4b-pt,False,64,0,powerlaw_cluster,13.59375,False,25,False,blueprint,0.0,normal,both,2500,250,gemma-3-4b-pt-BluePrint,gemma-3-4b-pt,True,0.2921875,0.5110873218852758,0.0140625,0.1046875,0.5,0.640625,0.140625,1.0,0.9421631690835512,0.04410384390287019,0.558561431419522,0.4574712643678161,0.5606720153879906,0.42469804153651897,0.10778611004308544,0.7386363636363636,0.5763501253995028,187,0.9518716577540107,0.3915963402406417,,,11,True
visualizer_v2_e1_core_10151.json,e1_core,10151,9861596,151,10151,google/gemma-3-4b-pt,False,1024,0,random,16.08203125,True,29,True,uniform,0.5,normal,both,2500,250,gemma-3-4b-pt-BluePrint,gemma-3-4b-pt,True,0.18955078125,0.5587452266518506,0.01396484375,0.0767578125,0.560546875,0.7001953125,0.1396484375,0.9893963750395396,0.8810520196602434,0.010023769233555637,0.5799282904645482,0.4103716298275443,0.5633438252033796,0.3906044966360048,0.0034155042847187666,0.7124467329545454,1.3741611040789972,1941,0.6172076249356002,0.9876028549296533,,,11,True
visualizer_v2_e1_core_10152.json,e1_core,10152,9861609,152,10152,google/gemma-3-4b-pt,False,256,4,powerlaw_cluster,15.323076923076924,True,29,True,average,0.0,normal,both,2500,250,gemma-3-4b-pt-BluePrint,gemma-3-4b-pt,True,0.202734375,0.5464407145390824,0.040234375,0.05703125,0.5078125,0.91015625,0.40234375,0.9998238825988729,0.43594805979000545,0.0010786032088437318,0.8405489665538088,0.14546561168594035,0.8376944420003882,0.15609218560047455,-0.2932322809353303,0.4307528409090909,1.214583310213956,519,0.7321772639691715,0.778095223311055,,,11,True
visualizer_v2_e1_core_10153.json,e1_core,10153,9861620,153,10153,meta-llama/Llama-3.1-8B,False,256,4,random,15.853846153846154,True,25,True,uniform,0.0,normal,both,2500,250,Llama-3.1-8B-BluePrint,Llama-3.1-8B,True,0.45625,0.5303172793978757,0.0078125,0.191796875,0.54296875,0.62109375,0.078125,0.9946660886725551,0.957265876631391,-0.03711735674163871,0.4986041881666729,0.4897435897435897,0.5292163000737158,0.4388035818684007,-0.0030194320610099565,0.6811079545454546,0.7513939521529458,1168,0.723458904109589,0.7662970660484001,,,11,True
visualizer_v2_e1_core_10154.json,e1_core,10154,9861624,154,10154,marcelbinz/Llama-3.1-Minitaur-8B,False,1024,1,random,15.773658536585366,True,25,False,average,0.0,normal,both,2500,250,Llama-3.1-Minitaur-8B-BluePrint,Llama-3.1-Minitaur-8B,True,0.1783203125,0.4822194550879605,-0.0130859375,0.06162109375,0.6787109375,0.5478515625,-0.130859375,0.9057777606948741,0.9933829918447048,-0.0016724424856870298,0.5054988335377317,0.496523466600447,0.5097130988393039,0.41128496630503397,-0.24234757072184426,0.6082208806818182,0.5810289599678733,1826,0.9534501642935378,0.3133922631220906,,,11,True
visualizer_v2_e1_core_10155.json,e1_core,10155,9861625,155,10155,marcelbinz/Llama-3.1-Minitaur-8B,False,1024,1,random,15.904390243902439,True,28,True,blueprint,0.5,normal,both,2500,250,Llama-3.1-Minitaur-8B-BluePrint,Llama-3.1-Minitaur-8B,True,0.12216796875,0.5965941770434356,0.01728515625,0.0560546875,0.720703125,0.8935546875,0.1728515625,0.8544909836023519,0.48909995092527303,0.0366806362747464,0.825136464009721,0.1670567943821609,0.8495810156570482,0.14243354148059065,-0.18584418194479507,0.7934126420454546,2.436919657598165,1251,0.6746602717825739,0.9685432024711041,,,11,True
visualizer_v2_e1_core_10156.json,e1_core,10156,9909407,156,10156,google/gemma-3-4b-pt,False,1024,4,powerlaw_cluster,15.82295719844358,False,29,False,uniform,0.5,normal,both,2500,250,gemma-3-4b-pt-BluePrint,gemma-3-4b-pt,True,0.1369140625,0.5594673981848625,0.0185546875,0.0466796875,0.560546875,0.74609375,0.185546875,0.9893963750395396,0.8174108828059471,0.013437155667515953,0.637829336536152,0.36609938733832537,0.6425535678783278,0.28644510254136824,-0.0007170141844849397,0.4246271306818182,0.9905490658499978,1402,0.8616262482168331,0.5171716883247147,,,11,True
visualizer_v2_e1_core_10157.json,e1_core,10157,9861627,157,10157,Qwen/Qwen2.5-7B-Instruct,False,64,0,powerlaw_cluster,13.59375,False,28,False,uniform,0.0,normal,both,2500,250,Qwen2.5-7B-Instruct-BluePrint,Qwen2.5-7B-Instruct,True,0.01875,0.225,0.0,0.00625,1.0,1.0,0.0,0.0,0.0,0.0,1.0,0.0,1.0,0.0,0.0,0.9872159090909091,0.751996473832564,12,0.9166666666666666,0.3763020833333333,,,11,True
visualizer_v2_e1_core_10158.json,e1_core,10158,9861632,158,10158,Qwen/Qwen2.5-7B-Instruct,False,256,1,random,16.731517509727627,False,29,False,uniform,0.5,normal,both,2500,250,Qwen2.5-7B-Instruct-BluePrint,Qwen2.5-7B-Instruct,True,0.183203125,0.533277921041683,-0.001171875,0.075,0.5703125,0.55859375,-0.01171875,0.985687679358613,0.9900710003428677,0.007032324699281442,0.4834026361187811,0.4893917963224894,0.5095650173939685,0.47331552597958165,-0.009255695523322664,0.5514914772727273,1.1648466370322488,469,0.7590618336886994,0.6883836433069029,,,11,True
visualizer_v2_e1_core_10159.json,e1_core,10159,9861633,159,10159,marcelbinz/Llama-3.1-Minitaur-8B,False,1024,4,powerlaw_cluster,15.809338521400779,False,25,False,average,0.5,normal,both,2500,250,Llama-3.1-Minitaur-8B-BluePrint,Llama-3.1-Minitaur-8B,True,0.2025390625,0.4813000823818534,-0.01640625,0.06591796875,0.6787109375,0.5146484375,-0.1640625,0.9057777606948741,0.9993807738581364,-0.003945455178829183,0.5059158887650903,0.5012038523274478,0.4993695681888744,0.40358971285839645,0.015419891575099083,0.6319247159090909,0.6273569518869574,2074,0.9064609450337512,0.38837205524499757,,,11,True
visualizer_v2_e1_core_10160.json,e1_core,10160,9861656,160,10160,Qwen/Qwen2.5-7B-Instruct,False,64,0,random,16.625,False,29,False,distribution,0.0,normal,both,2500,250,Qwen2.5-7B-Instruct-BluePrint,Qwen2.5-7B-Instruct,True,0.271875,0.5525861221681654,0.00625,0.1015625,0.53125,0.59375,0.0625,0.9971803988942641,0.9744894033980523,-0.01269035532994921,0.516540808048161,0.4793233082706767,0.5105468708250926,0.5068609901842197,-0.06467881491019475,0.5085227272727273,0.8709538199684836,174,0.9482758620689655,0.4258219401041667,,,11,True
visualizer_v2_e1_core_10161.json,e1_core,10161,9861666,161,10161,marcelbinz/Llama-3.1-Minitaur-8B,False,1024,0,powerlaw_cluster,15.791015625,False,28,False,average,1.0,normal,both,2500,250,Llama-3.1-Minitaur-8B-BluePrint,Llama-3.1-Minitaur-8B,True,0.08798828125,0.6605549616543791,-0.00283203125,0.026953125,0.7421875,0.7138671875,-0.0283203125,0.8234274317947733,0.8636732119268064,0.002860805385045265,0.6032886336606391,0.4051948051948052,0.6246272777353483,0.3299335876468959,0.008691971019421624,0.6208274147727273,0.5119570602070201,901,0.9944506104328524,0.16093283937985572,,,11,True
visualizer_v2_e1_core_10162.json,e1_core,10162,9861667,162,10162,meta-llama/Llama-3.1-8B,False,256,1,random,16.023346303501945,True,28,True,distribution,0.0,normal,both,2500,250,Llama-3.1-8B-BluePrint,Llama-3.1-8B,True,0.196484375,0.5094945151055565,0.012109375,0.086328125,0.6953125,0.81640625,0.12109375,0.8869456102215854,0.6878760365869007,0.05054246062341684,0.7354906741266816,0.2672244094488189,0.7073305402879534,0.26224301337229566,-0.17296566552687787,0.8384232954545454,1.1471010771664707,503,0.705765407554672,0.762842257975584,,,11,True
visualizer_v2_e1_core_10163.json,e1_core,10163,9861668,163,10163,meta-llama/Llama-3.1-8B,False,256,0,random,15.8203125,False,25,False,uniform,0.0,normal,both,2500,250,Llama-3.1-8B-BluePrint,Llama-3.1-8B,True,0.26640625,0.5531381227391761,0.0265625,0.1203125,0.54296875,0.80859375,0.265625,0.9946660886725551,0.7044039743593534,-0.0005873025195276953,0.6888831329821393,0.31160493827160496,0.6871849518740444,0.30743455325419117,0.022216185072692227,0.3689630681818182,0.45904896476052026,682,0.9457478005865103,0.34660809200879766,,,11,True
visualizer_v2_e1_core_10164.json,e1_core,10164,9861687,164,10164,google/gemma-3-4b-pt,False,64,0,random,15.375,False,29,True,distribution,0.5,normal,both,2500,250,gemma-3-4b-pt-BluePrint,gemma-3-4b-pt,True,0.1546875,0.5702777777777778,0.0359375,0.0796875,0.59375,0.953125,0.359375,0.9744894033980523,0.2729708579140699,0.038980891719743664,0.8834215071280193,0.09349593495934959,0.9237872152058608,0.07490780829109103,0.0639097161069391,0.4914772727272727,1.3302345275878906,99,0.8484848484848485,0.675421204229798,,,11,True
visualizer_v2_e1_core_10165.json,e1_core,10165,9861693,165,10165,google/gemma-3-4b-pt,False,256,1,random,16.27237354085603,True,28,True,distribution,0.5,normal,both,2500,250,gemma-3-4b-pt-BluePrint,gemma-3-4b-pt,True,0.425,0.5116473274311557,-0.02890625,0.141015625,0.8046875,0.515625,-0.2890625,0.7124534449668779,0.9992954443621548,-0.0034805418489462976,0.5168793145835123,0.5009699321047527,0.5021800049271576,0.4651390242001962,-0.040934707810473765,0.7503551136363636,0.6759917085820978,1088,0.8143382352941176,0.599233865737915,,,11,True
visualizer_v2_e1_core_10166.json,e1_core,10166,9861713,166,10166,meta-llama/Llama-3.1-8B,False,64,4,powerlaw_cluster,13.941176470588236,False,29,True,uniform,0.5,normal,both,2500,250,Llama-3.1-8B-BluePrint,Llama-3.1-8B,True,0.078125,0.4725,0.0,0.028125,0.953125,0.953125,0.0,0.2729708579140699,0.2729708579140699,0.02233835433958372,0.9160148658531011,0.08814589665653495,0.8921070534858286,0.105926304855348,0.0054951052224972395,0.11505681818181818,1.3353632146661931,50,0.76,0.7214453125,,,11,True
visualizer_v2_e1_core_10167.json,e1_core,10167,9861714,167,10167,meta-llama/Llama-3.1-8B,False,1024,0,powerlaw_cluster,15.796875,False,25,False,uniform,0.0,normal,both,2500,250,Llama-3.1-8B-BluePrint,Llama-3.1-8B,True,0.22880859375,0.5676505730094664,0.02783203125,0.07734375,0.53125,0.8095703125,0.2783203125,0.9971803988942641,0.7023694679383289,0.016696417575144885,0.7165535794635487,0.30390702274975273,0.7009496226584445,0.27594830897022676,0.014862466789773647,0.4004794034090909,0.43067364259199664,2343,0.9696969696969697,0.280488193721991,,,11,True
visualizer_v2_e1_core_10168.json,e1_core,10168,9861715,168,10168,Qwen/Qwen2.5-7B-Instruct,False,64,1,random,16.06153846153846,True,29,True,average,0.5,normal,both,2500,250,Qwen2.5-7B-Instruct-BluePrint,Qwen2.5-7B-Instruct,True,0.209375,0.607412913883502,-0.015625,0.071875,0.765625,0.609375,-0.15625,0.7855602922535473,0.9652016987500656,0.030086900209155706,0.5528409988704106,0.448692152917505,0.5261252961047822,0.5017290555692083,-0.024769741101552542,0.5539772727272727,1.4964140978726475,134,0.5671641791044776,1.0070882768773322,,,11,True
visualizer_v2_e1_core_10169.json,e1_core,10169,9909408,169,10169,google/gemma-3-4b-pt,False,1024,0,powerlaw_cluster,15.8046875,False,28,True,uniform,1.0,normal,both,2500,250,gemma-3-4b-pt-BluePrint,gemma-3-4b-pt,True,0.17392578125,0.5186125707548122,0.01748046875,0.05966796875,0.5126953125,0.6875,0.1748046875,0.9995349089317651,0.8960382325345574,0.016206609891232546,0.5887947221124941,0.43129016312407314,0.509861225081722,0.4652772550013284,0.014679306505608223,0.7612748579545454,2.3112944953926755,1781,0.5951712521055587,1.187197438924919,,,11,True
visualizer_v2_e1_core_10170.json,e1_core,10170,9861717,170,10170,marcelbinz/Llama-3.1-Minitaur-8B,False,64,4,powerlaw_cluster,13.852941176470589,True,29,True,uniform,0.0,normal,both,2500,250,Llama-3.1-Minitaur-8B-BluePrint,Llama-3.1-Minitaur-8B,True,0.0859375,0.44666666666666666,-0.0078125,0.028125,1.0,0.921875,-0.078125,0.0,0.3955378064564774,-0.028604118993134576,0.8667098272839486,0.17008797653958943,0.8567496986770248,0.1333866895453118,-0.028604118993134576,0.17613636363636365,1.86258957602761,55,0.5272727272727272,1.0174360795454545,,,11,True
visualizer_v2_e1_core_10171.json,e1_core,10171,9861731,171,10171,meta-llama/Llama-3.1-8B,False,1024,4,powerlaw_cluster,15.819066147859923,True,29,True,distribution,0.0,normal,both,2500,250,Llama-3.1-8B-BluePrint,Llama-3.1-8B,True,0.159375,0.4832706764723316,-0.0265625,0.0400390625,1.0,0.734375,-0.265625,0.0,0.8351164948421137,0.021865568599044163,0.6233412339359746,0.37939937491507,0.6270062731151628,0.31759993977978845,0.021865568599044163,0.6736505681818182,1.7154121895066716,1632,0.4632352941176471,1.3958161531710158,,,11,True
visualizer_v2_e1_core_10172.json,e1_core,10172,9861746,172,10172,google/gemma-3-4b-pt,False,256,1,random,15.642023346303501,True,28,True,blueprint,0.5,normal,both,2500,250,gemma-3-4b-pt-BluePrint,gemma-3-4b-pt,True,0.408984375,0.5257468443519968,0.003515625,0.165625,0.55078125,0.5859375,0.03515625,0.9925464978639335,0.9785844853199953,-0.00883493946391611,0.5025699892182749,0.49016641452344933,0.5116871697004678,0.46756328166823163,0.027239455202126662,0.6853693181818182,0.7988160848617554,1047,0.7306590257879656,0.7472712271762327,,,11,True
visualizer_v2_e1_core_10173.json,e1_core,10173,9861752,173,10173,google/gemma-3-4b-pt,False,64,1,random,15.323076923076924,False,25,True,uniform,1.0,normal,both,2500,250,gemma-3-4b-pt-BluePrint,gemma-3-4b-pt,True,0.3140625,0.5974633553580921,0.0109375,0.1125,0.578125,0.6875,0.109375,0.9823166080205502,0.8960382325345574,-0.013405590416428945,0.5477443349826201,0.43907563025210083,0.5442973381989648,0.48494917407202853,0.06776243729948318,0.734375,0.6500850157304243,201,0.8308457711442786,0.5675795825559702,,,11,True
visualizer_v2_e1_core_10174.json,e1_core,10174,9861753,174,10174,meta-llama/Llama-3.1-8B,False,1024,4,powerlaw_cluster,15.805447470817121,True,29,True,average,0.5,normal,both,2500,250,Llama-3.1-8B-BluePrint,Llama-3.1-8B,True,0.17568359375,0.4074313725085492,-0.04541015625,0.04267578125,1.0,0.5458984375,-0.4541015625,0.0,0.9939128792898426,0.0054572658505923815,0.5193328060968488,0.49402660874287263,0.519170695043128,0.3839406811473275,0.0054572658505923815,0.6284623579545454,2.0047149361873213,1799,0.46914952751528627,1.4612343890458892,,,11,True
visualizer_v2_e1_core_10175.json,e1_core,10175,9861754,175,10175,Qwen/Qwen2.5-7B-Instruct,False,64,1,powerlaw_cluster,13.723076923076922,False,29,True,blueprint,1.0,normal,both,2500,250,Qwen2.5-7B-Instruct-BluePrint,Qwen2.5-7B-Instruct,True,0.1609375,0.5087262737262738,0.0078125,0.065625,0.796875,0.875,0.078125,0.7281342378690551,0.5435644431995964,-0.023067038580876026,0.7921190927384528,0.20099255583126552,0.6927948139068164,0.309893757894929,-0.05569032094426862,0.8053977272727273,1.1238880320028826,103,0.7475728155339806,0.6957604861953883,,,11,True
visualizer_v2_e1_core_10176.json,e1_core,10176,9909409,176,10176,google/gemma-3-4b-pt,False,1024,4,powerlaw_cluster,15.805447470817121,False,28,False,blueprint,0.5,normal,both,2500,250,gemma-3-4b-pt-BluePrint,gemma-3-4b-pt,True,0.16376953125,0.4980467911566202,-0.00146484375,0.05478515625,0.5947265625,0.580078125,-0.0146484375,0.9739518946365374,0.9814174969930441,-0.019397764392920024,0.49236446928006095,0.49223644783437753,0.4997760086975786,0.4004761994755534,-0.0045852765424314115,0.7144886363636364,0.49802411686290393,1677,0.9636255217650567,0.3413528506074836,,,11,True
visualizer_v2_e1_core_10177.json,e1_core,10177,9861826,177,10177,meta-llama/Llama-3.1-8B,False,256,1,random,15.268482490272374,True,29,False,average,0.0,normal,both,2500,250,Llama-3.1-8B-BluePrint,Llama-3.1-8B,True,0.069921875,0.44733488733488735,-0.004296875,0.030859375,1.0,0.95703125,-0.04296875,0.0,0.2557420200756248,0.036631503092661256,0.9304529268964415,0.07688338493292053,0.9166488738718921,0.07402093803311392,0.036631503092661256,0.07954545454545454,1.3258054906671697,179,0.6089385474860335,0.8089811016061452,,,11,True
visualizer_v2_e1_core_10178.json,e1_core,10178,9861827,178,10178,google/gemma-3-4b-pt,False,64,0,random,15.9375,False,29,True,average,0.0,normal,both,2500,250,gemma-3-4b-pt-BluePrint,gemma-3-4b-pt,True,0.06875,0.31,0.040625,0.025,0.5625,0.96875,0.40625,0.9886994082884974,0.20062232431271465,0.04222251003756031,0.921590919502448,0.056862745098039215,0.9337744322693492,0.0916598938742561,0.006426194354992858,0.28551136363636365,1.5489938909357244,44,0.8636363636363636,0.5112526633522727,,,11,True
visualizer_v2_e1_core_10179.json,e1_core,10179,9861851,179,10179,marcelbinz/Llama-3.1-Minitaur-8B,False,64,0,random,16.09375,True,28,False,blueprint,0.0,normal,both,2500,250,Llama-3.1-Minitaur-8B-BluePrint,Llama-3.1-Minitaur-8B,True,0.3125,0.5854617510112866,0.003125,0.1234375,0.609375,0.640625,0.03125,0.9652016987500656,0.9421631690835512,0.05475680636280211,0.5474521638492227,0.44271844660194176,0.5423093408525032,0.46599827881291994,-0.12650929010471873,0.4318181818181818,0.373321533203125,200,0.98,0.26782470703125,,,11,True
visualizer_v2_e1_core_10180.json,e1_core,10180,9861852,180,10180,google/gemma-3-4b-pt,False,1024,0,powerlaw_cluster,15.822265625,False,25,True,uniform,0.0,normal,both,2500,250,gemma-3-4b-pt-BluePrint,gemma-3-4b-pt,True,0.2001953125,0.5316003347355652,0.017578125,0.0689453125,0.51953125,0.6953125,0.17578125,0.9988990309438097,0.8869456102215854,0.009272586889994557,0.5747190885718193,0.42858906307863226,0.5861243328737522,0.37371561537569453,0.026263642185996406,0.8010475852272727,1.718539547767829,2050,0.49414634146341463,1.3609066372382932,,,11,True
visualizer_v2_e1_core_10181.json,e1_core,10181,9861853,181,10181,Qwen/Qwen2.5-7B-Instruct,False,256,4,powerlaw_cluster,15.315384615384616,True,28,False,average,1.0,normal,both,2500,250,Qwen2.5-7B-Instruct-BluePrint,Qwen2.5-7B-Instruct,True,0.28984375,0.4657827912694352,-0.0109375,0.098046875,1.0,0.890625,-0.109375,0.0,0.4980278865344765,-0.01351351351351421,0.7959082500286295,0.18115942028985507,0.8603891446830777,0.11991999699085218,-0.01351351351351421,0.8519176136363636,0.6715935360301625,742,0.8423180592991913,0.5545342540483912,,,11,True
visualizer_v2_e1_core_10182.json,e1_core,10182,9861860,182,10182,meta-llama/Llama-3.1-8B,False,64,1,random,17.692307692307693,True,29,False,distribution,0.5,normal,both,2500,250,Llama-3.1-8B-BluePrint,Llama-3.1-8B,True,0.034375,0.5166666666666667,0.0,0.015625,1.0,1.0,0.0,0.0,0.0,0.0,1.0,0.0,1.0,0.0,0.0,0.11647727272727272,1.434752724387429,22,0.5909090909090909,0.7850674715909091,,,11,True
visualizer_v2_e1_core_10183.json,e1_core,10183,9861868,183,10183,marcelbinz/Llama-3.1-Minitaur-8B,False,64,0,random,16.75,True,25,False,distribution,1.0,normal,both,2500,250,Llama-3.1-Minitaur-8B-BluePrint,Llama-3.1-Minitaur-8B,True,0.1765625,0.5228515928515929,0.0015625,0.065625,0.671875,0.6875,0.015625,0.9129992135852474,0.8960382325345574,-0.03726085997046311,0.561319726899304,0.4253731343283582,0.4960856508084226,0.5055541579235685,-0.1870942360278842,0.6690340909090909,0.6769655401056464,113,0.8938053097345132,0.3868786297013274,,,11,True
visualizer_v2_e1_core_10184.json,e1_core,10184,9861874,184,10184,meta-llama/Llama-3.1-8B,False,64,1,powerlaw_cluster,13.63076923076923,True,29,True,distribution,0.5,normal,both,2500,250,Llama-3.1-8B-BluePrint,Llama-3.1-8B,True,0.090625,0.5064285714285715,0.0,0.0375,1.0,1.0,0.0,0.0,0.0,0.0,1.0,0.0,1.0,0.0,0.0,0.1534090909090909,1.1929043856534092,58,0.7068965517241379,0.8396501212284483,,,11,True
visualizer_v2_e1_core_10185.json,e1_core,10185,9861875,185,10185,marcelbinz/Llama-3.1-Minitaur-8B,False,256,1,powerlaw_cluster,15.315175097276265,False,28,False,blueprint,1.0,normal,both,2500,250,Llama-3.1-Minitaur-8B-BluePrint,Llama-3.1-Minitaur-8B,True,0.288671875,0.5150203314464791,-0.005078125,0.09140625,0.6796875,0.62890625,-0.05078125,0.9047209661860878,0.9515082024691666,0.002063468145755251,0.536457526702933,0.46576819407008085,0.5080729282170281,0.4507944804550955,0.014355292151923004,0.4211647727272727,0.39793474023992365,739,0.9661705006765899,0.27114971403501353,,,11,True
visualizer_v2_e1_core_10186.json,e1_core,10186,9861881,186,10186,marcelbinz/Llama-3.1-Minitaur-8B,False,1024,4,random,16.01556420233463,True,25,True,blueprint,1.0,normal,both,2500,250,Llama-3.1-Minitaur-8B-BluePrint,Llama-3.1-Minitaur-8B,True,0.1814453125,0.5143703756215527,-0.0021484375,0.07802734375,0.7744140625,0.7529296875,-0.021484375,0.7702368811129258,0.8066015723807111,0.015284931450375988,0.6570405377582597,0.3492787572432499,0.7338743317813142,0.21532075466048986,-0.18514955863593272,0.7690873579545454,2.622501739237288,1858,0.6571582346609257,0.963996722444138,,,11,True
visualizer_v2_e1_core_10187.json,e1_core,10187,9861882,187,10187,Qwen/Qwen2.5-7B-Instruct,False,256,0,powerlaw_cluster,15.375,True,25,True,blueprint,0.5,normal,both,2500,250,Qwen2.5-7B-Instruct-BluePrint,Qwen2.5-7B-Instruct,True,0.06875,0.4227960927960928,-0.00703125,0.021484375,1.0,0.9296875,-0.0703125,0.0,0.3670887590107337,-0.0016059413861242143,0.8931983438245303,0.17327235772357724,0.8827757904451943,0.095313797207674,-0.0016059413861242143,0.9627130681818182,1.8084883895617994,176,0.6875,0.8914423043077643,,,11,True
visualizer_v2_e1_core_10188.json,e1_core,10188,9861883,188,10188,marcelbinz/Llama-3.1-Minitaur-8B,False,64,4,powerlaw_cluster,13.823529411764707,False,25,True,uniform,0.0,normal,both,2500,250,Llama-3.1-Minitaur-8B-BluePrint,Llama-3.1-Minitaur-8B,True,0.3375,0.5221311864806661,0.009375,0.0984375,0.5,0.59375,0.09375,1.0,0.9744894033980523,-0.06539127566586958,0.48083392931640745,0.4953560371517028,0.5127512208693071,0.4512341191114993,-0.017426186964607786,0.5767045454545454,0.7048936323686079,216,0.8703703703703703,0.5412111635561343,,,11,True
visualizer_v2_e1_core_10189.json,e1_core,10189,9861884,189,10189,meta-llama/Llama-3.1-8B,False,1024,0,powerlaw_cluster,15.8046875,True,29,False,average,0.0,normal,both,2500,250,Llama-3.1-8B-BluePrint,Llama-3.1-8B,True,0.0384765625,0.408706968607912,-0.0041015625,0.01376953125,1.0,0.958984375,-0.041015625,0.0,0.24692957010377295,-0.006418670576171956,0.9217587447367354,0.0745180425111221,0.9183580581535076,0.07459787920999227,-0.006418670576171956,0.07412997159090909,1.537769621068781,394,0.6751269035532995,0.7907752022525381,,,11,True
visualizer_v2_e1_core_10190.json,e1_core,10190,9861885,190,10190,marcelbinz/Llama-3.1-Minitaur-8B,False,1024,4,random,16.16147859922179,True,25,True,distribution,0.0,normal,both,2500,250,Llama-3.1-Minitaur-8B-BluePrint,Llama-3.1-Minitaur-8B,True,0.13515625,0.5945860960733894,0.015234375,0.06123046875,0.7314453125,0.8837890625,0.15234375,0.8393830500498921,0.5183703442216709,0.03430268156230854,0.8055575763474615,0.18942354665363947,0.7923805352183392,0.19270839091871278,-0.19659251333518946,0.8312322443181818,2.3373378288233653,1384,0.5708092485549133,1.238377180144277,,,11,True
visualizer_v2_e1_core_10191.json,e1_core,10191,9861886,191,10191,google/gemma-3-4b-pt,False,256,1,powerlaw_cluster,15.30739299610895,False,25,True,uniform,0.0,normal,both,2500,250,gemma-3-4b-pt-BluePrint,gemma-3-4b-pt,True,0.3640625,0.5095597793105495,0.00703125,0.126953125,0.5078125,0.578125,0.0703125,0.9998238825988729,0.9823166080205502,-0.016526619163221214,0.5006909392406456,0.49114331723027377,0.5080732227872012,0.4383918796665168,-0.004958779067344647,0.7045454545454546,0.9622567350214178,932,0.6684549356223176,0.8047026278123324,,,11,True
visualizer_v2_e1_core_10192.json,e1_core,10192,9861887,192,10192,google/gemma-3-4b-pt,False,256,0,random,16.0234375,False,29,True,blueprint,0.5,normal,both,2500,250,gemma-3-4b-pt-BluePrint,gemma-3-4b-pt,True,0.262109375,0.4820833174543395,-0.008203125,0.103125,0.71484375,0.6328125,-0.08203125,0.8623817843585116,0.9484880760741912,-0.013892260699105976,0.5283420058068816,0.46562652364700147,0.5350745526406084,0.43266872720717564,0.005631996307321344,0.546875,1.1529664451425725,671,0.6184798807749627,0.9865630785150429,,,11,True
visualizer_v2_e1_core_10193.json,e1_core,10193,9861895,193,10193,Qwen/Qwen2.5-7B-Instruct,False,1024,1,powerlaw_cluster,15.814634146341463,False,29,True,blueprint,1.0,normal,both,2500,250,Qwen2.5-7B-Instruct-BluePrint,Qwen2.5-7B-Instruct,True,0.2111328125,0.5404393278831235,0.0197265625,0.08486328125,0.744140625,0.94140625,0.197265625,0.8204336100852311,0.32183715247832606,-0.010358240281294416,0.8834690254652063,0.10404258015460652,0.7136163117375515,0.2664566376611275,0.00428122219718988,0.8762428977272727,2.6913145973601122,2162,0.44680851063829785,1.4192889634378523,,,11,True
visualizer_v2_e1_core_10194.json,e1_core,10194,9861896,194,10194,Qwen/Qwen2.5-7B-Instruct,False,1024,0,random,16.205078125,False,29,True,distribution,0.5,normal,both,2500,250,Qwen2.5-7B-Instruct-BluePrint,Qwen2.5-7B-Instruct,True,0.21416015625,0.5779317090000204,0.02548828125,0.090234375,0.669921875,0.9248046875,0.2548828125,0.9150061727949926,0.38501905616985554,-0.0026517371565050528,0.8679561860355784,0.1317343618175244,0.8192845466965628,0.1600319758081941,-0.04422987775207498,0.8407315340909091,2.463706234978004,2193,0.5257637938896489,1.2897435269614523,,,11,True
visualizer_v2_e1_core_10195.json,e1_core,10195,9861897,195,10195,meta-llama/Llama-3.1-8B,False,1024,0,powerlaw_cluster,15.78515625,True,29,False,uniform,0.0,normal,both,2500,250,Llama-3.1-8B-BluePrint,Llama-3.1-8B,True,0.05498046875,0.4945518412546276,9.765625e-05,0.019140625,0.9619140625,0.962890625,0.0009765625,0.23344638460526349,0.2288780584184795,-0.010871166160515276,0.9302166813118796,0.07943578322197475,0.9233004210524054,0.07332869273874736,-0.10271500172349718,0.10546875,1.5238161087036133,563,0.7904085257548845,0.5866824975022202,,,11,True
visualizer_v2_e1_core_10196.json,e1_core,10196,9861910,196,10196,meta-llama/Llama-3.1-8B,False,1024,4,random,15.976653696498055,True,29,False,average,0.0,normal,both,2500,250,Llama-3.1-8B-BluePrint,Llama-3.1-8B,True,0.040625,0.38765618687368153,-0.0056640625,0.01591796875,1.0,0.943359375,-0.056640625,0.0,0.3139625218039491,0.004565049465842036,0.8884838957767579,0.10690891113582994,0.8857647430945319,0.11141583651965431,0.004565049465842036,0.05921519886363636,1.4166335192593662,416,0.6850961538461539,0.7596259483924279,,,11,True
visualizer_v2_e1_core_10197.json,e1_core,10197,9861930,197,10197,marcelbinz/Llama-3.1-Minitaur-8B,False,256,4,powerlaw_cluster,15.307692307692308,False,28,True,uniform,0.5,normal,both,2500,250,Llama-3.1-Minitaur-8B-BluePrint,Llama-3.1-Minitaur-8B,True,0.230859375,0.5169413664560076,0.013671875,0.084375,0.5625,0.69921875,0.13671875,0.9886994082884974,0.8822437977976201,0.003389941226120578,0.5801521530546063,0.41179976162097737,0.5726441439655543,0.35526560210327185,0.01866508896851137,0.7514204545454546,1.3414851074868983,591,0.6311336717428088,0.9962632490697044,,,11,True
visualizer_v2_e1_core_10198.json,e1_core,10198,9861931,198,10198,marcelbinz/Llama-3.1-Minitaur-8B,False,1024,1,random,16.062439024390244,False,29,True,blueprint,0.0,normal,both,2500,250,Llama-3.1-Minitaur-8B-BluePrint,Llama-3.1-Minitaur-8B,True,0.1578125,0.4450039407733268,-0.0251953125,0.05859375,1.0,0.748046875,-0.251953125,0.0,0.8143591038537923,0.006347554421892811,0.6216328612969326,0.3756858919643946,0.6206230907062944,0.35247019793725565,0.006347554421892811,0.5944602272727273,2.4246193012222648,1616,0.38985148514851486,1.6513198649529184,,,11,True
visualizer_v2_e1_core_10199.json,e1_core,10199,9861934,199,10199,meta-llama/Llama-3.1-8B,False,1024,1,powerlaw_cluster,15.806829268292683,True,29,False,distribution,1.0,normal,both,2500,250,Llama-3.1-8B-BluePrint,Llama-3.1-8B,True,0.01845703125,0.40969952054048164,-0.00205078125,0.0064453125,1.0,0.9794921875,-0.0205078125,0.0,0.1442823494508094,0.0009237507153512598,0.9625486643818904,0.04921984016237473,0.9402074599930057,0.06705078322614237,0.0009237507153512598,0.045365767045454544,1.6114300814541904,189,0.6243386243386243,0.8844375206679894,,,11,True
visualizer_v2_e1_core_10200.json,e1_core,10200,9861935,200,10200,Qwen/Qwen2.5-7B-Instruct,False,256,0,powerlaw_cluster,15.328125,True,25,True,blueprint,1.0,normal,both,2500,250,Qwen2.5-7B-Instruct-BluePrint,Qwen2.5-7B-Instruct,True,0.072265625,0.46720889977468916,-0.003515625,0.025390625,1.0,0.96484375,-0.03515625,0.0,0.21962487806876488,0.006169537057064056,0.9364020789668325,0.045361875637105,0.9630214111195772,0.042659358757571535,0.006169537057064056,0.9634232954545454,2.2217486891048877,185,0.5297297297297298,1.1707404677932327,,,11,True
visualizer_v2_e1_core_10201.json,e1_core,10201,9861936,201,10201,Qwen/Qwen2.5-7B-Instruct,False,64,1,random,16.153846153846153,True,25,True,blueprint,0.5,normal,both,2500,250,Qwen2.5-7B-Instruct-BluePrint,Qwen2.5-7B-Instruct,True,0.1015625,0.4647619047619048,-0.0078125,0.0359375,1.0,0.921875,-0.078125,0.0,0.3955378064564774,-0.053358336174565396,0.8516934223184223,0.14770459081836326,0.884319761843491,0.1259775852771106,-0.053358336174565396,0.9502840909090909,1.3334069468758323,65,0.7846153846153846,0.7582660381610576,,,11,True
visualizer_v2_e1_core_10202.json,e1_core,10202,9861955,202,10202,meta-llama/Llama-3.1-8B,False,1024,4,random,15.70817120622568,True,25,True,distribution,0.5,normal,both,2500,250,Llama-3.1-8B-BluePrint,Llama-3.1-8B,True,0.1298828125,0.6076224849936683,0.0251953125,0.0505859375,0.5244140625,0.7763671875,0.251953125,0.9982794894411453,0.7667456519914887,0.028047496490407182,0.6554806551242249,0.335678391959799,0.6961742337177147,0.2379953121719594,-0.1869794341284141,0.7297585227272727,1.8804299253970385,1330,0.7210526315789474,0.8283624347887542,,,11,True
visualizer_v2_e1_core_10203.json,e1_core,10203,9861959,203,10203,meta-llama/Llama-3.1-8B,False,1024,1,powerlaw_cluster,15.797073170731707,True,28,False,distribution,0.5,normal,both,2500,250,Llama-3.1-8B-BluePrint,Llama-3.1-8B,True,0.1513671875,0.4883313074428609,-0.005859375,0.04619140625,0.708984375,0.650390625,-0.05859375,0.8700295850755477,0.9337187102245464,0.017831568953997703,0.5756722945420668,0.4668878397345923,0.5444286629561826,0.38463827512749343,-0.23351755475874467,0.47123579545454547,0.6249422593550249,1550,0.9516129032258065,0.3575867880544355,,,11,True
visualizer_v2_e1_core_10204.json,e1_core,10204,9861964,204,10204,meta-llama/Llama-3.1-8B,False,256,1,random,16.09338521400778,False,28,True,uniform,0.5,normal,both,2500,250,Llama-3.1-8B-BluePrint,Llama-3.1-8B,True,0.403515625,0.5560881118253544,-0.005859375,0.150390625,0.5625,0.50390625,-0.05859375,0.9886994082884974,0.9999559719934967,0.02400421281218167,0.5118381396166302,0.4880078316201664,0.5076889211462038,0.458474825757932,0.024985101585250854,0.7056107954545454,0.8003630069169131,1033,0.7744433688286544,0.7132090654400866,,,11,True
visualizer_v2_e1_core_10205.json,e1_core,10205,9861978,205,10205,Qwen/Qwen2.5-7B-Instruct,False,256,0,random,15.8125,False,29,True,average,0.0,normal,both,2500,250,Qwen2.5-7B-Instruct-BluePrint,Qwen2.5-7B-Instruct,True,0.278515625,0.5559197168010184,-0.005078125,0.103125,0.7734375,0.72265625,-0.05078125,0.7719706699485864,0.8518061887486322,-0.010305136595093698,0.628639779443038,0.4076086956521739,0.6028190913736566,0.37433896707946757,-0.01942724103372246,0.6750710227272727,1.8788514042442495,713,0.5708274894810659,1.0949527264310133,,,11,True
visualizer_v2_e1_core_10206.json,e1_core,10206,9861979,206,10206,marcelbinz/Llama-3.1-Minitaur-8B,False,64,0,powerlaw_cluster,13.6875,True,28,False,uniform,0.0,normal,both,2500,250,Llama-3.1-Minitaur-8B-BluePrint,Llama-3.1-Minitaur-8B,True,0.2546875,0.5229509163167333,0.0015625,0.084375,0.59375,0.609375,0.015625,0.9744894033980523,0.9652016987500656,-0.016449711806230012,0.5929068072244694,0.4908675799086758,0.5284222550486453,0.4354683469513736,-0.22975879781687206,0.5625,0.4974354830655185,163,0.9877300613496932,0.23882944305981596,,,11,True
visualizer_v2_e1_core_10207.json,e1_core,10207,9862016,207,10207,Qwen/Qwen2.5-7B-Instruct,False,1024,1,powerlaw_cluster,15.797073170731707,False,29,True,distribution,0.5,normal,both,2500,250,Qwen2.5-7B-Instruct-BluePrint,Qwen2.5-7B-Instruct,True,0.1998046875,0.5633613919088823,0.022265625,0.06865234375,0.669921875,0.892578125,0.22265625,0.9150061727949926,0.4920902412004021,-0.009547459798410077,0.8138237178251632,0.19125891946992865,0.805976917401071,0.1942249321356862,-0.003860962603527387,0.8549360795454546,2.565302396870472,2046,0.5571847507331378,1.25851962107251,,,11,True
visualizer_v2_e1_core_10208.json,e1_core,10208,9909410,208,10208,google/gemma-3-4b-pt,False,1024,0,random,16.0390625,True,28,False,distribution,0.5,normal,both,2500,250,gemma-3-4b-pt-BluePrint,gemma-3-4b-pt,True,0.25185546875,0.5529546796448326,-0.02783203125,0.09423828125,0.7890625,0.5107421875,-0.2783203125,0.7432709194035553,0.999667015968799,0.011715670918212517,0.4986627078730341,0.4939113492450073,0.4991463287748297,0.41202601544586565,0.007539259837460421,0.6161221590909091,0.27662808244878595,2579,0.9972857696781698,0.19414566116954246,,,11,True
visualizer_v2_e1_core_10209.json,e1_core,10209,9862018,209,10209,marcelbinz/Llama-3.1-Minitaur-8B,False,1024,0,powerlaw_cluster,15.806640625,True,28,False,distribution,0.0,normal,both,2500,250,Llama-3.1-Minitaur-8B-BluePrint,Llama-3.1-Minitaur-8B,True,0.1216796875,0.5432392970429911,0.02578125,0.03251953125,0.5263671875,0.7841796875,0.2578125,0.9979930635696015,0.7524617420196192,0.011983348269559862,0.6839871450942022,0.30754973433831706,0.6534216286344577,0.30255122246801747,-0.24823291293217933,0.7767223011363636,0.6246430765498768,1246,0.9799357945425361,0.19047279419141253,,,11,True
visualizer_v2_e1_core_10210.json,e1_core,10210,9862019,210,10210,google/gemma-3-4b-pt,False,256,1,random,16.404669260700388,False,28,False,blueprint,0.5,normal,both,2500,250,gemma-3-4b-pt-BluePrint,gemma-3-4b-pt,True,0.28203125,0.510021393132609,0.00625,0.111328125,0.55078125,0.61328125,0.0625,0.9925464978639335,0.9626493634223954,0.03298473957151897,0.5364378816106989,0.45721153846153845,0.5257798507659318,0.45277849935203374,0.007546417352770823,0.7404119318181818,0.5215591950850054,722,0.9182825484764543,0.4258414397939751,,,11,True
visualizer_v2_e1_core_10211.json,e1_core,10211,9862020,211,10211,google/gemma-3-4b-pt,False,1024,4,random,15.955252918287938,True,25,True,distribution,0.0,normal,both,2500,250,gemma-3-4b-pt-BluePrint,gemma-3-4b-pt,True,0.168359375,0.5189096163641143,0.0103515625,0.0755859375,0.6708984375,0.7744140625,0.103515625,0.9140058089098427,0.7702368811129258,0.01831360091130479,0.6553247373267251,0.3396366332962551,0.6480920734064812,0.3070627126499266,-0.1308483347234161,0.8032670454545454,1.7114875617183067,1724,0.5324825986078886,1.2490301829203099,,,11,True
visualizer_v2_e1_core_10212.json,e1_core,10212,9862027,212,10212,Qwen/Qwen2.5-7B-Instruct,False,64,4,powerlaw_cluster,13.911764705882353,True,28,False,uniform,0.0,normal,both,2500,250,Qwen2.5-7B-Instruct-BluePrint,Qwen2.5-7B-Instruct,True,0.15,0.40307189542483657,-0.01875,0.0515625,1.0,0.8125,-0.1875,0.0,0.6962122601251458,-0.013116236996834186,0.6784732552850293,0.35714285714285715,0.7002067526364857,0.25463719012942854,-0.013116236996834186,0.9161931818181818,0.8121206543662332,96,0.9270833333333334,0.4389788309733073,,,11,True
visualizer_v2_e1_core_10213.json,e1_core,10213,9862058,213,10213,google/gemma-3-4b-pt,False,64,0,powerlaw_cluster,13.625,True,25,False,average,0.0,normal,both,2500,250,gemma-3-4b-pt-BluePrint,gemma-3-4b-pt,True,0.390625,0.5232184763006493,0.0,0.1203125,0.796875,0.796875,0.0,0.7281342378690551,0.7281342378690551,0.08385995955510588,0.6679905997689516,0.30504587155963303,0.6896458016566002,0.29114179530075496,-0.011182342967231071,0.7698863636363636,0.47046314586292615,250,0.976,0.363841796875,,,11,True
visualizer_v2_e1_core_10214.json,e1_core,10214,9862059,214,10214,marcelbinz/Llama-3.1-Minitaur-8B,False,64,4,powerlaw_cluster,13.823529411764707,False,25,False,distribution,0.0,normal,both,2500,250,Llama-3.1-Minitaur-8B-BluePrint,Llama-3.1-Minitaur-8B,True,0.25,0.5200090544130791,-0.0125,0.065625,0.671875,0.546875,-0.125,0.9129992135852474,0.9936507116910405,-0.0021051892916038456,0.524568097915858,0.5,0.5055288934148003,0.4373542611787409,-0.049762571355683544,0.6889204545454546,0.6695175170898438,160,0.8375,0.5277191162109375,,,11,True
visualizer_v2_e1_core_10215.json,e1_core,10215,9862060,215,10215,meta-llama/Llama-3.1-8B,False,64,0,powerlaw_cluster,13.65625,False,29,False,distribution,0.5,normal,both,2500,250,Llama-3.1-8B-BluePrint,Llama-3.1-8B,True,0.009375,0.3,0.0,0.003125,1.0,1.0,0.0,0.0,0.0,0.0,1.0,0.0,1.0,0.0,0.0,0.005681818181818182,1.5397623235529119,6,0.5,0.8771158854166666,,,11,True
visualizer_v2_e1_core_10216.json,e1_core,10216,9862083,216,10216,meta-llama/Llama-3.1-8B,False,64,0,powerlaw_cluster,13.625,False,28,True,distribution,0.0,normal,both,2500,250,Llama-3.1-8B-BluePrint,Llama-3.1-8B,True,0.1859375,0.5383306807571514,-0.0015625,0.071875,0.625,0.609375,-0.015625,0.954434002924965,0.9652016987500656,0.0063147596389023794,0.54618401327709,0.4701834862385321,0.5300389128695485,0.4654211697781149,-0.025904248903506913,0.5596590909090909,0.7504900152033026,119,0.865546218487395,0.5277150899422269,,,11,True
visualizer_v2_e1_core_10217.json,e1_core,10217,9862084,217,10217,marcelbinz/Llama-3.1-Minitaur-8B,False,256,1,random,16.21011673151751,False,28,False,blueprint,0.5,normal,both,2500,250,Llama-3.1-Minitaur-8B-BluePrint,Llama-3.1-Minitaur-8B,True,0.257421875,0.5468011201030871,0.016015625,0.121484375,0.6796875,0.83984375,0.16015625,0.9047209661860878,0.6346832232379868,0.03304463594463386,0.7516706280835682,0.2529182879377432,0.6947235758361487,0.3030689565009669,0.05267089911155491,0.3536931818181818,0.5471565506675027,659,0.9453717754172989,0.32424690582321697,,,11,True
visualizer_v2_e1_core_10218.json,e1_core,10218,9862105,218,10218,Qwen/Qwen2.5-7B-Instruct,False,1024,0,powerlaw_cluster,15.8125,False,25,False,uniform,0.5,normal,both,2500,250,Qwen2.5-7B-Instruct-BluePrint,Qwen2.5-7B-Instruct,True,0.059375,0.4470074193402399,-0.00546875,0.02060546875,1.0,0.9453125,-0.0546875,0.0,0.30598487371383465,-0.01183912181326906,0.8936746517271216,0.11808300395256917,0.9057333313256456,0.08250868251576804,-0.01183912181326906,0.9474431818181818,1.0928193114020608,608,0.9226973684210527,0.3557918950131065,,,11,True
visualizer_v2_e1_core_10219.json,e1_core,10219,9862106,219,10219,marcelbinz/Llama-3.1-Minitaur-8B,False,64,4,random,17.205882352941178,True,25,True,average,1.0,normal,both,2500,250,Llama-3.1-Minitaur-8B-BluePrint,Llama-3.1-Minitaur-8B,True,0.3625,0.5450188500980472,-0.003125,0.1234375,0.609375,0.578125,-0.03125,0.9652016987500656,0.9823166080205502,0.02058727377888788,0.5004020480427014,0.48073022312373226,0.5050292862616894,0.47903521941236216,-0.14254656735277713,0.7201704545454546,0.8391368605873801,232,0.7672413793103449,0.7428959813611261,,,11,True
visualizer_v2_e1_core_10220.json,e1_core,10220,9862107,220,10220,meta-llama/Llama-3.1-8B,False,256,0,random,15.9921875,True,28,True,blueprint,0.5,normal,both,2500,250,Llama-3.1-8B-BluePrint,Llama-3.1-8B,True,0.415234375,0.4812679963826586,-0.017578125,0.152734375,0.84375,0.66796875,-0.17578125,0.6252624052234231,0.916988243682839,0.04310937395419115,0.5749007524232835,0.4298974108451392,0.5619514603667064,0.4238336335267004,0.011608194787688049,0.625,0.7475148033012043,1063,0.7996237064910631,0.6757493185077427,,,11,True
visualizer_v2_e1_core_10221.json,e1_core,10221,9909411,221,10221,google/gemma-3-4b-pt,False,1024,1,random,15.935609756097561,False,25,False,blueprint,1.0,normal,both,2500,250,gemma-3-4b-pt-BluePrint,gemma-3-4b-pt,True,0.1453125,0.5732592862211665,0.023046875,0.06572265625,0.515625,0.74609375,0.23046875,0.9992954443621548,0.8174108828059471,0.003546771655289407,0.6226140705282155,0.3799459326615876,0.5950428875459702,0.38048839176105076,0.000470181212856329,0.6568714488636364,0.5500433228232644,1488,0.9509408602150538,0.33098069057669693,,,11,True
visualizer_v2_e1_core_10222.json,e1_core,10222,9862109,222,10222,marcelbinz/Llama-3.1-Minitaur-8B,False,256,1,powerlaw_cluster,15.32295719844358,False,28,True,distribution,0.5,normal,both,2500,250,Llama-3.1-Minitaur-8B-BluePrint,Llama-3.1-Minitaur-8B,True,0.205859375,0.5102954012507144,0.020703125,0.06640625,0.5234375,0.73046875,0.20703125,0.9984144269374465,0.840791205012962,0.0027606340388442933,0.6231770653237202,0.4007470651013874,0.5964320159251966,0.3708965415260394,-0.0080307780765582,0.7393465909090909,1.4676455451514234,527,0.6584440227703985,0.9135862781155494,,,11,True
visualizer_v2_e1_core_10223.json,e1_core,10223,9862124,223,10223,meta-llama/Llama-3.1-8B,False,64,4,random,15.970588235294118,False,25,True,average,1.0,normal,both,2500,250,Llama-3.1-8B-BluePrint,Llama-3.1-8B,True,0.25625,0.46745416348357527,-0.003125,0.103125,0.609375,0.578125,-0.03125,0.9652016987500656,0.9823166080205502,0.061007548913880695,0.49013180762019776,0.4608695652173913,0.5015063668796778,0.4710346861937582,0.070471271311357,0.4815340909090909,0.6198077201843262,164,0.8353658536585366,0.6428187300519246,,,11,True
visualizer_v2_e1_core_10224.json,e1_core,10224,9862140,224,10224,marcelbinz/Llama-3.1-Minitaur-8B,False,64,4,powerlaw_cluster,13.676470588235293,True,29,False,uniform,1.0,normal,both,2500,250,Llama-3.1-Minitaur-8B-BluePrint,Llama-3.1-Minitaur-8B,True,0.0828125,0.4633333333333334,-0.0046875,0.03125,1.0,0.953125,-0.046875,0.0,0.2729708579140699,-0.020821917808218876,0.8903360942932698,0.07098765432098765,0.9236914154428726,0.07381753609324093,-0.020821917808218876,0.14914772727272727,1.6470676768909802,53,0.6226415094339622,0.8667637087264151,,,11,True
visualizer_v2_e1_core_10225.json,e1_core,10225,9862141,225,10225,meta-llama/Llama-3.1-8B,False,256,4,powerlaw_cluster,15.315384615384616,False,25,True,blueprint,0.0,normal,both,2500,250,Llama-3.1-8B-BluePrint,Llama-3.1-8B,True,0.414453125,0.5273070386770524,0.010546875,0.13984375,0.5703125,0.67578125,0.10546875,0.985687679358613,0.908910327410359,-0.013798128907902794,0.5540697953994508,0.4424939467312349,0.5626035564787989,0.39593430754868325,-0.0027559528687831573,0.7745028409090909,0.8133663806048307,1061,0.7379830348727615,0.7157878965616901,,,11,True
visualizer_v2_e1_core_10226.json,e1_core,10226,9862159,226,10226,marcelbinz/Llama-3.1-Minitaur-8B,False,1024,0,powerlaw_cluster,15.8125,False,28,True,uniform,0.5,normal,both,2500,250,Llama-3.1-Minitaur-8B-BluePrint,Llama-3.1-Minitaur-8B,True,0.1154296875,0.6074889724107654,0.024609375,0.04345703125,0.5634765625,0.8095703125,0.24609375,0.9883425400806773,0.7023694679383289,0.0025882622192874467,0.6889821441710698,0.2898962450592885,0.7357586670075289,0.24094956997388997,0.005002879943510248,0.8122336647727273,2.450942770779048,1182,0.6708967851099831,0.9231351047199592,,,11,True
visualizer_v2_e1_core_10227.json,e1_core,10227,9862160,227,10227,marcelbinz/Llama-3.1-Minitaur-8B,False,64,0,random,15.90625,True,29,False,uniform,0.5,normal,both,2500,250,Llama-3.1-Minitaur-8B-BluePrint,Llama-3.1-Minitaur-8B,True,0.065625,0.43809523809523804,-0.003125,0.0296875,1.0,0.96875,-0.03125,0.0,0.20062232431271465,-0.02724520686175456,0.957000740607298,0.07072691552062868,0.9510701780220796,0.04411043714376878,-0.02724520686175456,0.13352272727272727,1.8303947448730469,42,0.5238095238095238,0.8994605654761905,,,11,True
visualizer_v2_e1_core_10228.json,e1_core,10228,9862161,228,10228,meta-llama/Llama-3.1-8B,False,1024,4,powerlaw_cluster,15.797665369649806,True,25,False,distribution,1.0,normal,both,2500,250,Llama-3.1-8B-BluePrint,Llama-3.1-8B,True,0.1294921875,0.5595943151514912,0.0169921875,0.04228515625,0.5244140625,0.6943359375,0.169921875,0.9982794894411453,0.8881047977838733,0.07534851614102299,0.63110796496912,0.37902458905040076,0.5179913859243604,0.3876721873861441,-0.14483186555975341,0.4509055397727273,0.6044137694618918,1326,0.9193061840120663,0.4228677648944193,,,11,True
visualizer_v2_e1_core_10229.json,e1_core,10229,9862170,229,10229,marcelbinz/Llama-3.1-Minitaur-8B,False,256,0,random,15.8984375,True,29,True,uniform,1.0,normal,both,2500,250,Llama-3.1-Minitaur-8B-BluePrint,Llama-3.1-Minitaur-8B,True,0.110546875,0.45262258675302147,-0.012109375,0.0453125,1.0,0.87890625,-0.12109375,0.0,0.5324966654459904,0.021589167092488808,0.7793615123395006,0.20343980343980345,0.8489995071922253,0.15390101628324127,0.021589167092488808,0.5088778409090909,2.9731172881597145,283,0.40636042402826855,1.7421634492099074,,,11,True
visualizer_v2_e1_core_10230.json,e1_core,10230,9862186,230,10230,marcelbinz/Llama-3.1-Minitaur-8B,False,256,1,powerlaw_cluster,15.32295719844358,True,29,False,distribution,1.0,normal,both,2500,250,Llama-3.1-Minitaur-8B-BluePrint,Llama-3.1-Minitaur-8B,True,0.0671875,0.4449704878137372,-0.0046875,0.0234375,1.0,0.953125,-0.046875,0.0,0.2729708579140699,0.001325599421829019,0.9050437079361477,0.07667560321715818,0.9030138778165139,0.07848303123218056,0.001325599421829019,0.2862215909090909,1.997193769975142,172,0.7267441860465116,0.7333331440770349,,,11,True
visualizer_v2_e1_core_10231.json,e1_core,10231,9862243,231,10231,Qwen/Qwen2.5-7B-Instruct,False,1024,4,powerlaw_cluster,15.785992217898833,False,25,False,distribution,1.0,normal,both,2500,250,Qwen2.5-7B-Instruct-BluePrint,Qwen2.5-7B-Instruct,True,0.2201171875,0.5263350554210977,-0.022265625,0.06533203125,1.0,0.77734375,-0.22265625,0.0,0.7649881629079047,-0.0011987649545875023,0.6440606685248201,0.33170599403308926,0.7876588787257763,0.16278046459663795,-0.0011987649545875023,0.7911044034090909,0.7613657719709657,2254,0.8052351375332741,0.6045575552316714,,,11,True
visualizer_v2_e1_core_10232.json,e1_core,10232,9862244,232,10232,google/gemma-3-4b-pt,False,256,1,random,16.155642023346303,True,25,False,blueprint,1.0,normal,both,2500,250,gemma-3-4b-pt-BluePrint,gemma-3-4b-pt,True,0.243359375,0.5437407564917197,0.025390625,0.1015625,0.50390625,0.7578125,0.25390625,0.9999559719934967,0.798659130358246,-0.009905774341628681,0.5930872871174808,0.37145650048875856,0.5137812845350875,0.4915794500646992,0.0016642653450773138,0.6697443181818182,0.6048369841142134,623,0.9052969502407705,0.4267789739666934,,,11,True
visualizer_v2_e1_core_10233.json,e1_core,10233,9862245,233,10233,meta-llama/Llama-3.1-8B,False,256,1,random,15.587548638132295,False,25,True,average,0.0,normal,both,2500,250,Llama-3.1-8B-BluePrint,Llama-3.1-8B,True,0.354296875,0.5056142496959044,0.005859375,0.14765625,0.6796875,0.73828125,0.05859375,0.9047209661860878,0.829328929927916,0.009784972374238851,0.5978845485717921,0.3852376137512639,0.6212293750317713,0.35499590526101726,0.027800125805926033,0.7585227272727273,0.8841836452484131,907,0.7320837927232635,0.7459572115964375,,,11,True
visualizer_v2_e1_core_10234.json,e1_core,10234,9862246,234,10234,meta-llama/Llama-3.1-8B,False,1024,1,random,15.92780487804878,False,29,False,average,1.0,normal,both,2500,250,Llama-3.1-8B-BluePrint,Llama-3.1-8B,True,0.0279296875,0.4214179779300746,-0.0029296875,0.01171875,1.0,0.970703125,-0.029296875,0.0,0.1908533718933906,-0.0030274886448876078,0.9386091053917476,0.05606787163408337,0.8676111619990493,0.125731087116603,-0.0030274886448876078,0.07137784090909091,1.5654929334467107,286,0.6888111888111889,0.7997995656687062,,,11,True
visualizer_v2_e1_core_10235.json,e1_core,10235,9862274,235,10235,meta-llama/Llama-3.1-8B,False,1024,4,powerlaw_cluster,15.795719844357977,False,29,False,distribution,0.0,normal,both,2500,250,Llama-3.1-8B-BluePrint,Llama-3.1-8B,True,0.02109375,0.39763069591698624,-0.0021484375,0.0078125,1.0,0.978515625,-0.021484375,0.0,0.14969568125818422,-0.015411509040965362,0.9594159692794856,0.04270560683289709,0.9503600327994878,0.05158429147313232,-0.015411509040965362,0.030717329545454544,1.4833194992759011,216,0.6527777777777778,0.8070317021122685,,,11,True
visualizer_v2_e1_core_10236.json,e1_core,10236,9862281,236,10236,Qwen/Qwen2.5-7B-Instruct,False,1024,4,random,16.140077821011673,True,29,False,blueprint,1.0,normal,both,2500,250,Qwen2.5-7B-Instruct-BluePrint,Qwen2.5-7B-Instruct,True,0.0818359375,0.539950414067402,0.0091796875,0.03818359375,0.744140625,0.8359375,0.091796875,0.8204336100852311,0.6439403638806509,0.04791976016870223,0.750490398246507,0.24749572440752504,0.7398292943508173,0.2068166873921456,-0.043112789724062704,0.8137428977272727,1.1760476746342399,838,0.7863961813842482,0.6001345832478744,,,11,True
visualizer_v2_e1_core_10237.json,e1_core,10237,9862282,237,10237,Qwen/Qwen2.5-7B-Instruct,False,256,1,powerlaw_cluster,15.33852140077821,False,28,False,blueprint,0.0,normal,both,2500,250,Qwen2.5-7B-Instruct-BluePrint,Qwen2.5-7B-Instruct,True,0.011328125,0.3892857142857143,-0.000390625,0.005078125,1.0,0.99609375,-0.00390625,0.0,0.03687450625387198,-0.005428343708945327,0.9935011971770502,0.01339046598821639,0.9919762437710677,0.007128939998601307,-0.005428343708945327,0.9936079545454546,0.9988416108218107,29,0.896551724137931,0.36097454202586204,,,11,True
visualizer_v2_e1_core_10238.json,e1_core,10238,9862283,238,10238,meta-llama/Llama-3.1-8B,False,256,0,random,16.1171875,True,28,True,uniform,1.0,normal,both,2500,250,Llama-3.1-8B-BluePrint,Llama-3.1-8B,True,0.366015625,0.5053171516594931,-0.002734375,0.148828125,0.5625,0.53515625,-0.02734375,0.9886994082884974,0.9964308234404787,-0.01785275018660071,0.493017038302722,0.5104217159476491,0.49246376287995564,0.48329420427694625,-0.01658866557390176,0.6100852272727273,1.0797293064269153,937,0.7193169690501601,0.8360738194484976,,,11,True
visualizer_v2_e1_core_10239.json,e1_core,10239,9862284,239,10239,Qwen/Qwen2.5-7B-Instruct,False,1024,4,powerlaw_cluster,15.809338521400779,False,29,False,distribution,1.0,normal,both,2500,250,Qwen2.5-7B-Instruct-BluePrint,Qwen2.5-7B-Instruct,True,0.1140625,0.534343697282822,0.000390625,0.0337890625,0.669921875,0.673828125,0.00390625,0.9150061727949926,0.9109672906879395,0.003251964401201142,0.5760361713318004,0.4335863377609108,0.5834414273739953,0.3321636664004712,-0.0028808591524033342,0.6163884943181818,1.3639542230150916,1168,0.7748287671232876,0.6697966170637575,,,11,True
visualizer_v2_e1_core_10240.json,e1_core,10240,9862292,240,10240,marcelbinz/Llama-3.1-Minitaur-8B,False,64,4,powerlaw_cluster,13.764705882352942,True,28,True,distribution,0.0,normal,both,2500,250,Llama-3.1-Minitaur-8B-BluePrint,Llama-3.1-Minitaur-8B,True,0.2453125,0.5308054445554445,0.0234375,0.065625,0.53125,0.765625,0.234375,0.9971803988942641,0.7855602922535473,0.028727148858862087,0.6206512749351624,0.3161094224924012,0.6358858046033006,0.33498693099756277,-0.294481213045547,0.7869318181818182,0.9144735336303711,157,0.8471337579617835,0.5323828436007165,,,11,True
visualizer_v2_e1_core_10241.json,e1_core,10241,9862293,241,10241,marcelbinz/Llama-3.1-Minitaur-8B,False,64,0,powerlaw_cluster,13.53125,True,29,False,distribution,1.0,normal,both,2500,250,Llama-3.1-Minitaur-8B-BluePrint,Llama-3.1-Minitaur-8B,True,0.0515625,0.525,-0.0015625,0.0203125,1.0,0.984375,-0.015625,0.0,0.11611507530476971,-0.007445323406233615,0.9702320764203116,0.023094688221709007,0.9906239199926633,0.00857046540570095,-0.007445323406233615,0.3352272727272727,2.2678239995783027,33,0.6060606060606061,0.9513198390151515,,,11,True
visualizer_v2_e1_core_10242.json,e1_core,10242,9862294,242,10242,google/gemma-3-4b-pt,False,64,4,powerlaw_cluster,13.794117647058824,False,29,True,average,0.5,normal,both,2500,250,gemma-3-4b-pt-BluePrint,gemma-3-4b-pt,True,0.1109375,0.5691748768472906,0.0421875,0.0390625,0.5625,0.984375,0.421875,0.9886994082884974,0.11611507530476971,-0.01812688821752417,0.9739406487232575,0.04747774480712166,0.9649337243862336,0.027822074219030882,-0.07774129714700152,0.24573863636363635,1.2366978038441052,71,0.8591549295774648,0.5595359264964789,,,11,True
visualizer_v2_e1_core_10243.json,e1_core,10243,9862312,243,10243,meta-llama/Llama-3.1-8B,False,256,4,random,15.776923076923078,False,25,True,average,0.5,normal,both,2500,250,Llama-3.1-8B-BluePrint,Llama-3.1-8B,True,0.360546875,0.478841263515173,-0.015234375,0.1453125,0.6796875,0.52734375,-0.15234375,0.9047209661860878,0.9978415729996559,0.0223490221906981,0.5129086148899095,0.48717948717948717,0.5040401976598242,0.4101872853719163,-0.007898570869874336,0.7404119318181818,1.0366353419694034,923,0.6446370530877573,0.926769616156978,,,11,True
visualizer_v2_e1_core_10244.json,e1_core,10244,9862313,244,10244,marcelbinz/Llama-3.1-Minitaur-8B,False,1024,1,powerlaw_cluster,15.820487804878049,True,25,False,average,0.5,normal,both,2500,250,Llama-3.1-Minitaur-8B-BluePrint,Llama-3.1-Minitaur-8B,True,0.18623046875,0.49037156276006,-0.00888671875,0.04951171875,0.6787109375,0.58984375,-0.0888671875,0.9057777606948741,0.9765824414334774,0.010678700363261654,0.5341126168343977,0.4605714285714286,0.5131985288678602,0.40759441600347784,-0.226422158617629,0.6426669034090909,0.6312654343518344,1907,0.9134766649187205,0.3726080107826429,,,11,True
visualizer_v2_e1_core_10245.json,e1_core,10245,9862314,245,10245,marcelbinz/Llama-3.1-Minitaur-8B,False,256,0,powerlaw_cluster,15.328125,True,28,True,blueprint,0.5,normal,both,2500,250,Llama-3.1-Minitaur-8B-BluePrint,Llama-3.1-Minitaur-8B,True,0.183203125,0.5407350126601538,0.022265625,0.065234375,0.6796875,0.90234375,0.22265625,0.9047209661860878,0.4615217448770414,0.0029257385130270768,0.7961976174923776,0.14271151885830785,0.8181792888308334,0.17778585763669172,-0.19489542781029084,0.8064630681818182,1.3848611329766838,469,0.7121535181236673,0.862173979216293,,,11,True
visualizer_v2_e1_core_10246.json,e1_core,10246,9862380,246,10246,marcelbinz/Llama-3.1-Minitaur-8B,False,256,4,random,15.992307692307692,False,25,True,uniform,0.5,normal,both,2500,250,Llama-3.1-Minitaur-8B-BluePrint,Llama-3.1-Minitaur-8B,True,0.287890625,0.5117092906958169,0.006640625,0.11875,0.56640625,0.6328125,0.06640625,0.9872383624334873,0.9484880760741912,-0.015174351909281084,0.5292054486549456,0.47368421052631576,0.535226921828608,0.41714823099390674,-0.014074480679783641,0.7262073863636364,1.2261460362510248,737,0.6132971506105834,1.056853691629024,,,11,True
visualizer_v2_e1_core_10247.json,e1_core,10247,9862394,247,10247,google/gemma-3-4b-pt,False,1024,0,random,15.935546875,True,28,False,average,1.0,normal,both,2500,250,gemma-3-4b-pt-BluePrint,gemma-3-4b-pt,True,0.16787109375,0.5542963113637558,-0.00087890625,0.06328125,0.6337890625,0.625,-0.0087890625,0.9477182577635185,0.954434002924965,0.05452178965417334,0.5611956583605434,0.4397597744821669,0.49213970708788973,0.42704932459739137,-0.04470470975348059,0.6653941761363636,0.31534799662503327,1719,0.9924374636416521,0.2209113333515125,,,11,True
visualizer_v2_e1_core_10248.json,e1_core,10248,9862406,248,10248,marcelbinz/Llama-3.1-Minitaur-8B,False,256,4,random,15.984615384615385,True,25,False,distribution,1.0,normal,both,2500,250,Llama-3.1-Minitaur-8B-BluePrint,Llama-3.1-Minitaur-8B,True,0.251953125,0.6044868822724747,-0.008203125,0.09375,0.71875,0.63671875,-0.08203125,0.8571484374283717,0.9453732087003415,0.07478044144337329,0.5801242143955307,0.42043721403152007,0.5044541823194908,0.43786711778582216,-0.11455079011700933,0.6772017045454546,0.6812110814181241,645,0.937984496124031,0.40166999757751937,,,11,True
visualizer_v2_e1_core_10249.json,e1_core,10249,9862421,249,10249,google/gemma-3-4b-pt,False,64,4,powerlaw_cluster,13.676470588235293,False,25,True,uniform,0.0,normal,both,2500,250,gemma-3-4b-pt-BluePrint,gemma-3-4b-pt,True,0.2984375,0.5059653232904007,0.0046875,0.0953125,0.578125,0.625,0.046875,0.9823166080205502,0.954434002924965,-0.05120571598690087,0.5402137923028888,0.4797507788161994,0.5190375749650894,0.4407446592074037,-0.09618965029607601,0.7215909090909091,0.6880696036598899,191,0.8324607329842932,0.5312321048756544,,,11,True
visualizer_v2_e1_core_10250.json,e1_core,10250,9862422,250,10250,meta-llama/Llama-3.1-8B,False,64,0,random,15.90625,True,28,True,uniform,0.0,normal,both,2500,250,Llama-3.1-8B-BluePrint,Llama-3.1-8B,True,0.253125,0.6028377088860959,0.0375,0.096875,0.515625,0.890625,0.375,0.9992954443621548,0.4980278865344765,0.050455531453362505,0.8496829785450808,0.16895874263261296,0.8126590062407457,0.18965914766277217,0.15186359031053173,0.4502840909090909,0.7116553566672585,162,0.8950617283950617,0.5316569010416666,,,11,True
visualizer_v2_e1_core_10251.json,e1_core,10251,9862432,251,10251,google/gemma-3-4b-pt,False,64,1,random,16.246153846153845,True,25,True,average,1.0,normal,both,2500,250,gemma-3-4b-pt-BluePrint,gemma-3-4b-pt,True,0.4140625,0.5377496571837506,-0.0265625,0.1390625,0.796875,0.53125,-0.265625,0.7281342378690551,0.9971803988942641,-0.036720116967474396,0.446124562571931,0.5169660678642715,0.521974256381863,0.5085160477584405,-0.18022112717314154,0.7599431818181818,0.5035131627863104,265,0.9245283018867925,0.4348628206073113,,,11,True
visualizer_v2_e1_core_10252.json,e1_core,10252,9862433,252,10252,marcelbinz/Llama-3.1-Minitaur-8B,False,64,1,powerlaw_cluster,13.692307692307692,False,28,True,average,0.5,normal,both,2500,250,Llama-3.1-Minitaur-8B-BluePrint,Llama-3.1-Minitaur-8B,True,0.1890625,0.5790548780487804,0.0265625,0.0609375,0.671875,0.9375,0.265625,0.9129992135852474,0.3372900666170139,-0.026035502958579513,0.860901014775695,0.125,0.8993222454503965,0.10658302318517852,-0.012308290131871926,0.8650568181818182,1.3776731491088867,121,0.7933884297520661,0.5491781944085744,,,11,True
visualizer_v2_e1_core_10253.json,e1_core,10253,9862434,253,10253,google/gemma-3-4b-pt,False,64,4,powerlaw_cluster,13.705882352941176,False,29,True,blueprint,0.0,normal,both,2500,250,gemma-3-4b-pt-BluePrint,gemma-3-4b-pt,True,0.1859375,0.5187451437451438,0.0109375,0.0609375,0.65625,0.765625,0.109375,0.9283620723948678,0.7855602922535473,-0.010830976593056693,0.5922411295311631,0.34076433121019106,0.6290702062179022,0.36352582414149315,-0.03856195423524056,0.39204545454545453,1.2921593405983665,119,0.7142857142857143,0.7981716123949579,,,11,True
visualizer_v2_e1_core_10254.json,e1_core,10254,9862435,254,10254,Qwen/Qwen2.5-7B-Instruct,False,256,4,powerlaw_cluster,15.361538461538462,True,29,False,average,1.0,normal,both,2500,250,Qwen2.5-7B-Instruct-BluePrint,Qwen2.5-7B-Instruct,True,0.21796875,0.5591069081149442,-0.0265625,0.069921875,0.7734375,0.5078125,-0.265625,0.7719706699485864,0.9998238825988729,0.10970945904774052,0.5515214106762841,0.44377630787733013,0.5271279543992424,0.3901891244120528,0.1179618552794774,0.6221590909090909,1.4022172743623906,558,0.7419354838709677,0.7092137490549395,,,11,True
visualizer_v2_e1_core_10255.json,e1_core,10255,9862436,255,10255,marcelbinz/Llama-3.1-Minitaur-8B,False,256,0,powerlaw_cluster,15.28125,True,25,True,blueprint,0.0,normal,both,2500,250,Llama-3.1-Minitaur-8B-BluePrint,Llama-3.1-Minitaur-8B,True,0.36328125,0.5379404545304745,-0.0046875,0.106640625,0.72265625,0.67578125,-0.046875,0.8518061887486322,0.908910327410359,0.010629699104787055,0.5649044846267166,0.4069529652351738,0.562143414151549,0.4111847963109656,-0.1476291370338632,0.75390625,0.9198271110653877,930,0.6827956989247311,0.8199346460321898,,,11,True
visualizer_v2_e1_core_10256.json,e1_core,10256,9862437,256,10256,google/gemma-3-4b-pt,False,1024,1,powerlaw_cluster,15.800975609756097,True,29,False,uniform,0.5,normal,both,2500,250,gemma-3-4b-pt-BluePrint,gemma-3-4b-pt,True,0.1349609375,0.5610556432964472,0.022265625,0.0482421875,0.560546875,0.783203125,0.22265625,0.9893963750395396,0.7542754098178032,0.011845279135428564,0.6630972163144161,0.3503233168505135,0.6741886275018878,0.26876062967531733,-0.0007936159823505283,0.4230291193181818,1.1318863088434392,1382,0.8191027496382055,0.5940729298570911,,,11,True
visualizer_v2_e1_core_10257.json,e1_core,10257,9862438,257,10257,google/gemma-3-4b-pt,False,64,1,powerlaw_cluster,13.446153846153846,False,25,True,distribution,0.0,normal,both,2500,250,gemma-3-4b-pt-BluePrint,gemma-3-4b-pt,True,0.4078125,0.5073474971590329,0.0078125,0.1453125,0.6875,0.765625,0.078125,0.8960382325345574,0.7855602922535473,-0.0010500525026250975,0.65581125274164,0.3384615384615385,0.6465019743793197,0.34553608561598353,0.036669245742989034,0.71875,0.6150924509221857,261,0.896551724137931,0.5626281504430076,,,11,True
visualizer_v2_e1_core_10258.json,e1_core,10258,9862439,258,10258,marcelbinz/Llama-3.1-Minitaur-8B,False,64,4,random,16.294117647058822,False,25,True,average,0.0,normal,both,2500,250,Llama-3.1-Minitaur-8B-BluePrint,Llama-3.1-Minitaur-8B,True,0.35,0.6342520908004778,-0.00625,0.10625,0.609375,0.546875,-0.0625,0.9652016987500656,0.9936507116910405,-0.10170848142395685,0.45781963416344756,0.5536105032822757,0.4918614224130427,0.4795266361119028,-0.13041603705114144,0.7286931818181818,0.8109011216597124,224,0.7455357142857143,0.7564585549490792,,,11,True
visualizer_v2_e1_core_10259.json,e1_core,10259,9909412,259,10259,google/gemma-3-4b-pt,False,1024,1,powerlaw_cluster,15.818536585365853,False,25,True,distribution,1.0,normal,both,2500,250,gemma-3-4b-pt-BluePrint,gemma-3-4b-pt,True,0.16025390625,0.5270063033458599,0.01083984375,0.056640625,0.6708984375,0.779296875,0.1083984375,0.9140058089098427,0.7614493119030622,-0.009416946147238517,0.6517016539579116,0.37088366179275273,0.6510444658663609,0.3092050360005301,-0.012915644205612156,0.7861328125,2.269075591244142,1641,0.6587446678854357,0.9994607721429857,,,11,True
visualizer_v2_e1_core_10260.json,e1_core,10260,9909413,260,10260,google/gemma-3-4b-pt,False,1024,1,powerlaw_cluster,15.806829268292683,False,25,True,uniform,1.0,normal,both,2500,250,gemma-3-4b-pt-BluePrint,gemma-3-4b-pt,True,0.1533203125,0.5094155383055193,0.0080078125,0.04892578125,0.51953125,0.599609375,0.080078125,0.9988990309438097,0.9711786368608175,-0.01827182304952934,0.49721441326401705,0.49065242273941245,0.5044901063161066,0.4342165400309698,-0.01888914447217276,0.7784090909090909,2.502255150815472,1570,0.554140127388535,1.3386187762971138,,,11,True
visualizer_v2_e1_core_10261.json,e1_core,10261,9862442,261,10261,marcelbinz/Llama-3.1-Minitaur-8B,False,1024,1,powerlaw_cluster,15.808780487804878,False,29,True,average,1.0,normal,both,2500,250,Llama-3.1-Minitaur-8B-BluePrint,Llama-3.1-Minitaur-8B,True,0.26796875,0.4576531401786216,-0.025390625,0.076953125,1.0,0.74609375,-0.25390625,0.0,0.8174108828059471,0.004810712109899667,0.6374774743900036,0.37188093730208993,0.6266451439378502,0.32060471513781774,0.004810712109899667,0.6735617897727273,3.797788751491515,2744,0.4074344023323615,1.753745552402196,,,11,True
visualizer_v2_e1_core_10262.json,e1_core,10262,9862456,262,10262,google/gemma-3-4b-pt,False,256,0,powerlaw_cluster,15.3359375,True,28,False,blueprint,0.0,normal,both,2500,250,gemma-3-4b-pt-BluePrint,gemma-3-4b-pt,True,0.23125,0.5155184240658872,0.0046875,0.07109375,0.55078125,0.59765625,0.046875,0.9925464978639335,0.9723051006568468,0.06482167540262306,0.5487873809793098,0.423841059602649,0.5213573227624622,0.43297640583388286,0.020652173796429626,0.7492897727272727,0.4917340712113814,592,0.9527027027027027,0.35904755463471283,,,11,True
visualizer_v2_e1_core_10263.json,e1_core,10263,9862457,263,10263,Qwen/Qwen2.5-7B-Instruct,False,256,0,powerlaw_cluster,15.3828125,True,28,True,distribution,1.0,normal,both,2500,250,Qwen2.5-7B-Instruct-BluePrint,Qwen2.5-7B-Instruct,True,0.1734375,0.47470149014066587,-0.00703125,0.0625,1.0,0.9296875,-0.0703125,0.0,0.3670887590107337,-0.03731981918313691,0.850522947176182,0.10411376333164042,0.9573449651105618,0.045189916623834626,-0.03731981918313691,0.9094460227272727,1.437559058805081,444,0.6779279279279279,0.9260562862361874,,,11,True
visualizer_v2_e1_core_10264.json,e1_core,10264,9862462,264,10264,marcelbinz/Llama-3.1-Minitaur-8B,False,1024,1,random,15.744390243902439,True,28,True,average,0.5,normal,both,2500,250,Llama-3.1-Minitaur-8B-BluePrint,Llama-3.1-Minitaur-8B,True,0.190625,0.6044175380953003,0.0013671875,0.07021484375,0.7421875,0.755859375,0.013671875,0.8234274317947733,0.8018584546667037,0.05559603114985752,0.650813020690364,0.34129650367052383,0.7014505109101028,0.27541151421273713,-0.14788907298634973,0.7040127840909091,2.5254798578521744,1952,0.5727459016393442,1.226459852740413,,,11,True
visualizer_v2_e1_core_10265.json,e1_core,10265,9862463,265,10265,Qwen/Qwen2.5-7B-Instruct,False,64,1,powerlaw_cluster,13.723076923076922,False,28,False,average,0.5,normal,both,2500,250,Qwen2.5-7B-Instruct-BluePrint,Qwen2.5-7B-Instruct,True,0.1359375,0.510976430976431,-0.0015625,0.046875,1.0,0.984375,-0.015625,0.0,0.11611507530476971,0.0,0.9803921568627451,0.06157635467980296,0.9715240468827758,0.024320601429707326,0.0,0.9389204545454546,0.7317410382357511,87,0.8275862068965517,0.5265467852011494,,,11,True
visualizer_v2_e1_core_10266.json,e1_core,10266,9862464,266,10266,meta-llama/Llama-3.1-8B,False,256,1,powerlaw_cluster,15.284046692607005,False,29,False,average,0.5,normal,both,2500,250,Llama-3.1-8B-BluePrint,Llama-3.1-8B,True,0.103125,0.4699240733723492,-0.0015625,0.0359375,1.0,0.984375,-0.015625,0.0,0.11611507530476971,-0.008893829905503001,0.9726098815602437,0.06505376344086021,0.9717052785524074,0.028418996818285924,-0.008893829905503001,0.11434659090909091,1.270999388261275,264,0.7272727272727273,0.7162216648910985,,,11,True
visualizer_v2_e1_core_10267.json,e1_core,10267,9862465,267,10267,Qwen/Qwen2.5-7B-Instruct,False,256,1,random,15.587548638132295,True,25,True,uniform,0.0,normal,both,2500,250,Qwen2.5-7B-Instruct-BluePrint,Qwen2.5-7B-Instruct,True,0.14921875,0.44500470346583515,-0.0125,0.065234375,1.0,0.875,-0.125,0.0,0.5435644431995964,0.005982916137004422,0.7938441638258341,0.21385237613751265,0.778454124664249,0.23679722376774656,0.005982916137004422,0.9325284090909091,1.4980291732671587,382,0.6832460732984293,0.8764985968305178,,,11,True
visualizer_v2_e1_core_10268.json,e1_core,10268,9862466,268,10268,Qwen/Qwen2.5-7B-Instruct,False,64,4,random,17.294117647058822,False,29,True,blueprint,1.0,normal,both,2500,250,Qwen2.5-7B-Instruct-BluePrint,Qwen2.5-7B-Instruct,True,0.196875,0.5377398989898989,0.003125,0.084375,0.796875,0.828125,0.03125,0.7281342378690551,0.6619760641115653,-0.027393319482180482,0.7035427314916479,0.27104722792607805,0.6354543138336727,0.33178149530766693,-0.02869950164234413,0.7940340909090909,1.1790974302725359,126,0.7301587301587301,0.7541661338200645,,,11,True
visualizer_v2_e1_core_10269.json,e1_core,10269,9862510,269,10269,google/gemma-3-4b-pt,False,256,0,random,16.0390625,True,28,False,distribution,1.0,normal,both,2500,250,gemma-3-4b-pt-BluePrint,gemma-3-4b-pt,True,0.328515625,0.5829092803983387,-0.016796875,0.1234375,0.8046875,0.63671875,-0.16796875,0.7124534449668779,0.9453732087003415,-0.04005461346037865,0.5060492690658465,0.48563078421821726,0.7146712950665868,0.3015108789681272,-0.06775968992317079,0.6473721590909091,0.299983718178489,841,0.995243757431629,0.23496546614892985,,,11,True
visualizer_v2_e1_core_10270.json,e1_core,10270,9862512,270,10270,marcelbinz/Llama-3.1-Minitaur-8B,False,256,4,random,16.361538461538462,False,28,False,uniform,0.5,normal,both,2500,250,Llama-3.1-Minitaur-8B-BluePrint,Llama-3.1-Minitaur-8B,True,0.290625,0.5159327366516964,0.0078125,0.11484375,0.5625,0.640625,0.078125,0.9886994082884974,0.9421631690835512,-0.0014779497413586443,0.5164607287357078,0.47029702970297027,0.5501743214744494,0.3873417638017629,0.004783495412611645,0.46910511363636365,0.5761181224476207,744,0.918010752688172,0.3869586247269825,,,11,True
visualizer_v2_e1_core_10271.json,e1_core,10271,9862532,271,10271,Qwen/Qwen2.5-7B-Instruct,False,64,0,random,16.09375,True,28,False,blueprint,0.0,normal,both,2500,250,Qwen2.5-7B-Instruct-BluePrint,Qwen2.5-7B-Instruct,True,0.009375,0.25,0.0,0.0046875,1.0,1.0,0.0,0.0,0.0,0.0,1.0,0.0,1.0,0.0,0.0,0.9928977272727273,0.984636826948686,6,1.0,0.161376953125,,,11,True
visualizer_v2_e1_core_10272.json,e1_core,10272,9862547,272,10272,Qwen/Qwen2.5-7B-Instruct,False,256,0,random,16.5546875,False,28,False,uniform,1.0,normal,both,2500,250,Qwen2.5-7B-Instruct-BluePrint,Qwen2.5-7B-Instruct,True,0.025390625,0.4383333333333333,-0.001953125,0.010546875,1.0,0.98046875,-0.01953125,0.0,0.13880049798406022,0.022252983493782866,0.9503379409237996,0.04152902312411515,0.9939018606935531,0.003344042317976513,0.022252983493782866,0.9825994318181818,0.8035197257995605,65,0.9538461538461539,0.2539588341346154,,,11,True
visualizer_v2_e1_core_10273.json,e1_core,10273,9862581,273,10273,marcelbinz/Llama-3.1-Minitaur-8B,False,1024,0,random,15.9296875,True,28,False,blueprint,0.5,normal,both,2500,250,Llama-3.1-Minitaur-8B-BluePrint,Llama-3.1-Minitaur-8B,True,0.24501953125,0.5254115960857584,-0.01279296875,0.08544921875,0.720703125,0.5927734375,-0.1279296875,0.8544909836023519,0.975021208180055,-0.003349611883258205,0.5090074607810225,0.4829573320255027,0.5122971860698484,0.4263240859293662,-0.235524807091874,0.4432705965909091,0.3801534826105291,2509,0.9832602630530092,0.23355081861548427,,,11,True
visualizer_v2_e1_core_10274.json,e1_core,10274,9862617,274,10274,marcelbinz/Llama-3.1-Minitaur-8B,False,64,1,random,16.76923076923077,False,29,False,distribution,0.5,normal,both,2500,250,Llama-3.1-Minitaur-8B-BluePrint,Llama-3.1-Minitaur-8B,True,0.06875,0.40428571428571425,-0.009375,0.028125,1.0,0.90625,-0.09375,0.0,0.4488644887230295,-0.036128932219488395,0.8407985639042467,0.19845857418111754,0.8270676293701137,0.1791221627232261,-0.036128932219488395,0.2627840909090909,2.121083693070845,44,0.5681818181818182,0.9676180752840909,,,11,True
visualizer_v2_e1_core_10275.json,e1_core,10275,9862618,275,10275,meta-llama/Llama-3.1-8B,False,64,0,random,15.65625,True,25,False,blueprint,1.0,normal,both,2500,250,Llama-3.1-8B-BluePrint,Llama-3.1-8B,True,0.3625,0.6012014066010567,0.021875,0.153125,0.609375,0.828125,0.21875,0.9652016987500656,0.6619760641115653,-0.0037305699481862643,0.7163792117468588,0.2894211576846307,0.7847421032991081,0.20677020034650545,0.00828624327546549,0.3835227272727273,0.4308221990411932,232,0.978448275862069,0.33502197265625,,,11,True
visualizer_v2_e1_core_10276.json,e1_core,10276,9862621,276,10276,google/gemma-3-4b-pt,False,64,1,random,15.876923076923077,True,29,True,blueprint,1.0,normal,both,2500,250,gemma-3-4b-pt-BluePrint,gemma-3-4b-pt,True,0.1546875,0.5847191697191698,0.0234375,0.0828125,0.65625,0.890625,0.234375,0.9283620723948678,0.4980278865344765,0.10140405616224649,0.7857036004818068,0.1951219512195122,0.8084278592030518,0.21572779367705924,0.09778009538629248,0.4133522727272727,1.2757603038441052,99,0.7878787878787878,0.5902383207070707,,,11,True
visualizer_v2_e1_core_10277.json,e1_core,10277,9862622,277,10277,google/gemma-3-4b-pt,False,1024,0,random,15.892578125,True,29,True,distribution,1.0,normal,both,2500,250,gemma-3-4b-pt-BluePrint,gemma-3-4b-pt,True,0.17900390625,0.5590542284141767,-0.00263671875,0.06201171875,0.603515625,0.5771484375,-0.0263671875,0.9688569007596826,0.9827576999984439,0.016878464042485455,0.5258389266994447,0.47929212240383434,0.6619327402036448,0.30294777905550424,-0.2634896356840227,0.6292613636363636,1.480340605580502,1833,0.7114020731042008,0.8483710322819703,,,11,True
visualizer_v2_e1_core_10278.json,e1_core,10278,9862623,278,10278,google/gemma-3-4b-pt,False,1024,0,random,15.73046875,False,29,True,uniform,0.0,normal,both,2500,250,gemma-3-4b-pt-BluePrint,gemma-3-4b-pt,True,0.19130859375,0.5706200706159655,0.01611328125,0.07939453125,0.560546875,0.7216796875,0.1611328125,0.9893963750395396,0.8531520111388133,-0.005683691609055884,0.5995349061077412,0.40936180779736775,0.5892110320772257,0.3786769565342273,-0.023039774827570948,0.7325106534090909,1.2171601131558418,1959,0.6488004083716181,0.9382094830624481,,,11,True
visualizer_v2_e1_core_10279.json,e1_core,10279,9862631,279,10279,marcelbinz/Llama-3.1-Minitaur-8B,False,64,1,powerlaw_cluster,13.723076923076922,False,28,True,blueprint,1.0,normal,both,2500,250,Llama-3.1-Minitaur-8B-BluePrint,Llama-3.1-Minitaur-8B,True,0.390625,0.5131849666952757,0.003125,0.1453125,0.609375,0.640625,0.03125,0.9652016987500656,0.9421631690835512,0.009382894261999168,0.5488967645203342,0.45185185185185184,0.6142434745784209,0.3801737409298033,-0.0013696549451295264,0.484375,0.5010556118054823,250,0.896,0.44769091796875,,,11,True
visualizer_v2_e1_core_10280.json,e1_core,10280,9862632,280,10280,marcelbinz/Llama-3.1-Minitaur-8B,False,1024,1,random,15.800975609756097,True,25,True,blueprint,1.0,normal,both,2500,250,Llama-3.1-Minitaur-8B-BluePrint,Llama-3.1-Minitaur-8B,True,0.210546875,0.49040938481941854,-0.0103515625,0.07783203125,0.7744140625,0.6708984375,-0.103515625,0.7702368811129258,0.9140058089098427,0.010704100399526122,0.5669452391911004,0.4320605008678403,0.4996818407231782,0.44712348850518663,-0.1748021524646106,0.7529296875,2.718311975413764,2156,0.6386827458256029,1.0105821334364684,,,11,True
visualizer_v2_e1_core_10281.json,e1_core,10281,9862640,281,10281,google/gemma-3-4b-pt,False,64,4,powerlaw_cluster,13.764705882352942,True,29,False,uniform,0.0,normal,both,2500,250,gemma-3-4b-pt-BluePrint,gemma-3-4b-pt,True,0.178125,0.5226884226884227,0.0125,0.0609375,0.625,0.75,0.125,0.954434002924965,0.8112781244591328,0.01624980086028313,0.5973704808263632,0.3507692307692308,0.6135513612218463,0.3782962197638596,0.009802883942325265,0.40482954545454547,1.0741639570756392,114,0.7368421052631579,0.7954358552631579,,,11,True
visualizer_v2_e1_core_10282.json,e1_core,10282,9862641,282,10282,meta-llama/Llama-3.1-8B,False,64,1,powerlaw_cluster,13.753846153846155,False,29,True,blueprint,1.0,normal,both,2500,250,Llama-3.1-8B-BluePrint,Llama-3.1-8B,True,0.134375,0.45855508870214756,-0.009375,0.0453125,1.0,0.90625,-0.09375,0.0,0.4488644887230295,-0.04761904761904809,0.8273724235417822,0.18872549019607843,0.8734857691202417,0.1313763726866317,-0.04761904761904809,0.15625,1.354034423828125,86,0.7790697674418605,0.7663176780523255,,,11,True
visualizer_v2_e1_core_10283.json,e1_core,10283,9909414,283,10283,google/gemma-3-4b-pt,False,1024,0,powerlaw_cluster,15.806640625,False,29,False,blueprint,1.0,normal,both,2500,250,gemma-3-4b-pt-BluePrint,gemma-3-4b-pt,True,0.0453125,0.6273751393731573,0.0111328125,0.020703125,0.7607421875,0.8720703125,0.111328125,0.7938038675530564,0.551732883540373,0.017298500549197415,0.7788549473476011,0.23205239095514643,0.7696882044577446,0.22411321944477686,0.004889029018178935,0.4698153409090909,1.3827988451177424,464,0.8362068965517241,0.5952443089978449,,,11,True
visualizer_v2_e1_core_10284.json,e1_core,10284,9862645,284,10284,google/gemma-3-4b-pt,False,64,1,random,16.43076923076923,False,28,False,blueprint,0.5,normal,both,2500,250,gemma-3-4b-pt-BluePrint,gemma-3-4b-pt,True,0.2640625,0.5481548516842635,0.0203125,0.096875,0.53125,0.734375,0.203125,0.9971803988942641,0.8351164948421137,-0.062199604184337245,0.5922437856261384,0.43333333333333335,0.6254091380025188,0.3885053319069342,-0.0022023754189222575,0.7428977272727273,0.5164441195401278,169,0.9053254437869822,0.41516329974112426,,,11,True
visualizer_v2_e1_core_10285.json,e1_core,10285,9862650,285,10285,meta-llama/Llama-3.1-8B,False,256,4,powerlaw_cluster,15.4,True,29,False,average,0.5,normal,both,2500,250,Llama-3.1-8B-BluePrint,Llama-3.1-8B,True,0.099609375,0.4446494360902255,-0.005078125,0.035546875,1.0,0.94921875,-0.05078125,0.0,0.2897064269060978,0.008757961783440666,0.9119521117724905,0.09578313253012048,0.9029562360241506,0.08506787922108694,0.008757961783440666,0.10617897727272728,1.2821199243718928,255,0.7215686274509804,0.7276654411764706,,,11,True
visualizer_v2_e1_core_10286.json,e1_core,10286,9862651,286,10286,marcelbinz/Llama-3.1-Minitaur-8B,False,64,1,random,16.76923076923077,False,28,True,distribution,1.0,normal,both,2500,250,Llama-3.1-Minitaur-8B-BluePrint,Llama-3.1-Minitaur-8B,True,0.240625,0.5164407098278068,0.0125,0.1,0.53125,0.65625,0.125,0.9971803988942641,0.9283620723948678,-0.010285741750979445,0.5503300702565408,0.4682080924855491,0.5144284374942223,0.5091177895410065,0.03192909767316222,0.6775568181818182,0.7528251301158558,154,0.8246753246753247,0.5187242185914671,,,11,True
visualizer_v2_e1_core_10287.json,e1_core,10287,9862652,287,10287,google/gemma-3-4b-pt,False,256,4,random,15.86923076923077,True,29,True,blueprint,0.0,normal,both,2500,250,gemma-3-4b-pt-BluePrint,gemma-3-4b-pt,True,0.2375,0.5090860370824731,0.0015625,0.09375,0.71484375,0.73046875,0.015625,0.8623817843585116,0.840791205012962,-0.005322482359953904,0.5834780428176242,0.39174732552215996,0.5963603006233013,0.3787747344692299,-0.028266114980284283,0.4968039772727273,1.218153715133667,608,0.6365131578947368,0.924657520494963,,,11,True
visualizer_v2_e1_core_10288.json,e1_core,10288,9862659,288,10288,google/gemma-3-4b-pt,False,256,1,powerlaw_cluster,15.330739299610896,True,25,True,average,0.0,normal,both,2500,250,gemma-3-4b-pt-BluePrint,gemma-3-4b-pt,True,0.430078125,0.52996102518142,-0.004296875,0.12890625,0.77734375,0.734375,-0.04296875,0.7649881629079047,0.8351164948421137,0.022769611973745888,0.6198868917803466,0.36344314558979807,0.6101594194042731,0.35004620710447215,-0.17793010481756527,0.7482244318181818,0.7523844079537825,1101,0.7774750227066304,0.6837573973944142,,,11,True
visualizer_v2_e1_core_10289.json,e1_core,10289,9862660,289,10289,meta-llama/Llama-3.1-8B,False,64,0,random,16.4375,True,29,True,uniform,0.0,normal,both,2500,250,Llama-3.1-8B-BluePrint,Llama-3.1-8B,True,0.09375,0.42943722943722945,0.003125,0.046875,0.953125,0.984375,0.03125,0.2729708579140699,0.11611507530476971,-0.009482953262583048,0.9579824559254143,0.03231939163498099,0.9657223501163379,0.04747055273274238,-0.08804755672367331,0.11079545454545454,1.2813200517134233,60,0.7333333333333333,0.7770751953125,,,11,True
visualizer_v2_e1_core_10290.json,e1_core,10290,9862661,290,10290,meta-llama/Llama-3.1-8B,False,64,1,powerlaw_cluster,13.538461538461538,True,28,False,average,0.0,normal,both,2500,250,Llama-3.1-8B-BluePrint,Llama-3.1-8B,True,0.1875,0.5175690975690974,0.00625,0.0609375,0.578125,0.640625,0.0625,0.9823166080205502,0.9421631690835512,0.14630803494946035,0.6328320242228381,0.3813131313131313,0.5522906604505154,0.4222389465020723,-0.08489925434438927,0.3963068181818182,0.6853304776278409,120,0.9166666666666666,0.42756754557291665,,,11,True
visualizer_v2_e1_core_10291.json,e1_core,10291,9862662,291,10291,meta-llama/Llama-3.1-8B,False,256,1,random,16.007782101167315,True,29,True,uniform,1.0,normal,both,2500,250,Llama-3.1-8B-BluePrint,Llama-3.1-8B,True,0.295703125,0.47417382961539206,-0.018359375,0.113671875,0.95703125,0.7734375,-0.18359375,0.2557420200756248,0.7719706699485864,-0.022932044088475986,0.6561923313586476,0.36587771203155817,0.8488747984517431,0.1308032997273931,-0.10170870486826188,0.36683238636363635,1.4664708037268033,757,0.47291941875825627,1.3402057078272065,,,11,True
visualizer_v2_e1_core_10292.json,e1_core,10292,9862663,292,10292,marcelbinz/Llama-3.1-Minitaur-8B,False,1024,4,random,15.83852140077821,True,28,False,uniform,0.0,normal,both,2500,250,Llama-3.1-Minitaur-8B-BluePrint,Llama-3.1-Minitaur-8B,True,0.201171875,0.5255070144000046,-0.00390625,0.07236328125,0.5634765625,0.5244140625,-0.0390625,0.9883425400806773,0.9982794894411453,0.04321748464349432,0.525215690153608,0.4778816199376947,0.5041825529246828,0.42453345107441137,-0.22794131560098077,0.5362215909090909,0.44613622535358777,2060,0.9868932038834951,0.2347657435148665,,,11,True
visualizer_v2_e1_core_10293.json,e1_core,10293,9862667,293,10293,google/gemma-3-4b-pt,False,256,1,random,15.634241245136186,True,28,False,average,1.0,normal,both,2500,250,gemma-3-4b-pt-BluePrint,gemma-3-4b-pt,True,0.347265625,0.5305612775810091,0.008984375,0.125390625,0.59765625,0.6875,0.08984375,0.9723051006568468,0.8960382325345574,0.01658430294657986,0.5948064002888025,0.42272727272727273,0.49334975873863673,0.490918214936816,-0.09918760038300237,0.7080965909090909,0.3667318170720881,889,0.9808773903262092,0.2750786522778403,,,11,True
visualizer_v2_e1_core_10294.json,e1_core,10294,9862668,294,10294,google/gemma-3-4b-pt,False,64,0,random,16.25,False,28,False,distribution,0.0,normal,both,2500,250,gemma-3-4b-pt-BluePrint,gemma-3-4b-pt,True,0.3609375,0.5643475400457665,-0.0171875,0.1421875,0.78125,0.609375,-0.171875,0.7578784625383954,0.9652016987500656,-0.0006108735491753008,0.5375412477268793,0.4846153846153846,0.5300086176325384,0.47152378064442146,0.018601670605214147,0.6889204545454546,0.3137324940074574,231,0.9956709956709957,0.22995721726190477,,,11,True
visualizer_v2_e1_core_10295.json,e1_core,10295,9862673,295,10295,meta-llama/Llama-3.1-8B,False,1024,0,powerlaw_cluster,15.818359375,False,29,True,blueprint,0.5,normal,both,2500,250,Llama-3.1-8B-BluePrint,Llama-3.1-8B,True,0.15595703125,0.5542807078350013,-0.02216796875,0.0427734375,0.9931640625,0.771484375,-0.2216796875,0.058996859670428906,0.7754147164028865,-0.009858651161711656,0.6330578701463954,0.35313001605136435,0.6976043782200727,0.27066789116616186,-0.006343021644293387,0.6949573863636364,2.4269341684200545,1597,0.5704445835942392,1.2043690224625427,,,11,True
visualizer_v2_e1_core_10296.json,e1_core,10296,9862777,296,10296,Qwen/Qwen2.5-7B-Instruct,False,64,4,powerlaw_cluster,13.970588235294118,False,28,True,distribution,0.5,normal,both,2500,250,Qwen2.5-7B-Instruct-BluePrint,Qwen2.5-7B-Instruct,True,0.1953125,0.4631564078622902,-0.0078125,0.059375,1.0,0.921875,-0.078125,0.0,0.3955378064564774,-0.005438477226376294,0.8441921966921968,0.14655172413793102,0.8380606868255115,0.14731915757646294,-0.005438477226376294,0.9275568181818182,0.8872073780406605,125,0.816,0.599998046875,,,11,True
visualizer_v2_e1_core_10297.json,e1_core,10297,9862778,297,10297,meta-llama/Llama-3.1-8B,False,64,4,random,15.411764705882353,True,28,False,distribution,1.0,normal,both,2500,250,Llama-3.1-8B-BluePrint,Llama-3.1-8B,True,0.2015625,0.5119262900841848,0.0015625,0.053125,0.625,0.640625,0.015625,0.954434002924965,0.9421631690835512,0.03144224196855761,0.5627860479564535,0.44724770642201833,0.5482798366625795,0.4680770956599386,-0.17271948113083097,0.3536931818181818,0.7063789367675781,129,0.7906976744186046,0.5594756843507752,,,11,True
visualizer_v2_e1_core_10298.json,e1_core,10298,9909415,298,10298,google/gemma-3-4b-pt,False,1024,4,random,16.009727626459146,False,28,True,blueprint,1.0,normal,both,2500,250,gemma-3-4b-pt-BluePrint,gemma-3-4b-pt,True,0.16396484375,0.48965060652091996,0.00439453125,0.06416015625,0.5947265625,0.638671875,0.0439453125,0.9739518946365374,0.9437801130207213,-0.016012082781907997,0.5289054054701159,0.4705085580593523,0.5135388100113074,0.413695993517983,-0.019891006363221303,0.7105823863636364,2.362632416855459,1679,0.5598570577724836,1.3490119582489177,,,11,True
visualizer_v2_e1_core_10299.json,e1_core,10299,9862791,299,10299,Qwen/Qwen2.5-7B-Instruct,False,256,0,powerlaw_cluster,15.375,True,25,False,uniform,0.5,normal,both,2500,250,Qwen2.5-7B-Instruct-BluePrint,Qwen2.5-7B-Instruct,True,0.08125,0.4673964505688374,-0.00390625,0.03515625,1.0,0.9609375,-0.0390625,0.0,0.23797715131903663,0.006726833121872536,0.9290419018112799,0.1285569105691057,0.9376191445659277,0.05013209686518794,0.006726833121872536,0.9513494318181818,1.0678055936639959,208,0.9278846153846154,0.3584040128267728,,,11,True
visualizer_v2_e1_core_10300.json,e1_core,10300,9862792,300,10300,marcelbinz/Llama-3.1-Minitaur-8B,False,64,0,powerlaw_cluster,13.4375,False,29,True,uniform,0.5,normal,both,2500,250,Llama-3.1-Minitaur-8B-BluePrint,Llama-3.1-Minitaur-8B,True,0.08125,0.48031746031746037,-0.003125,0.034375,1.0,0.96875,-0.03125,0.0,0.20062232431271465,0.04512346775626422,0.9119765997287738,0.05813953488372093,0.9260235179736981,0.0825497620784419,0.04512346775626422,0.16477272727272727,1.7762015949596057,52,0.5769230769230769,0.9859619140625,,,11,True
visualizer_v2_e1_core_10301.json,e1_core,10301,9862798,301,10301,Qwen/Qwen2.5-7B-Instruct,False,256,4,random,16.146153846153847,False,25,False,uniform,0.5,normal,both,2500,250,Qwen2.5-7B-Instruct-BluePrint,Qwen2.5-7B-Instruct,True,0.223828125,0.47896692748699204,-0.013671875,0.09296875,1.0,0.86328125,-0.13671875,0.0,0.5755805811774211,0.021185412231368113,0.7985244792617083,0.21428571428571427,0.7714155539758709,0.20090560990158685,0.021185412231368113,0.8583096590909091,1.0091197003017773,573,0.7678883071553229,0.6689115461046575,,,11,True
visualizer_v2_e1_core_10302.json,e1_core,10302,9862806,302,10302,google/gemma-3-4b-pt,False,256,1,powerlaw_cluster,15.284046692607005,True,29,True,distribution,0.0,normal,both,2500,250,gemma-3-4b-pt-BluePrint,gemma-3-4b-pt,True,0.2421875,0.5363035952923335,0.0296875,0.0765625,0.58203125,0.87890625,0.296875,0.980495792602403,0.5324966654459904,-0.004740643327571026,0.7865112313468025,0.21535181236673773,0.7978488357111552,0.1884626117728548,-0.2804982045073412,0.4403409090909091,1.1657607555389404,620,0.7435483870967742,0.8286338560042843,,,11,True
visualizer_v2_e1_core_10303.json,e1_core,10303,9862830,303,10303,Qwen/Qwen2.5-7B-Instruct,False,256,1,random,15.688715953307392,False,29,False,blueprint,0.5,normal,both,2500,250,Qwen2.5-7B-Instruct-BluePrint,Qwen2.5-7B-Instruct,True,0.146484375,0.5144659923272138,0.006640625,0.066796875,0.76171875,0.828125,0.06640625,0.7921703563573823,0.6619760641115653,-0.02113599922258398,0.7259894777493462,0.2977867203219316,0.7366085131397652,0.2544659691925508,-0.050952829620896506,0.8203125,1.102219971743497,375,0.7413333333333333,0.70978125,,,11,True
visualizer_v2_e1_core_10304.json,e1_core,10304,9862832,304,10304,Qwen/Qwen2.5-7B-Instruct,False,64,4,random,16.941176470588236,False,28,False,distribution,0.5,normal,both,2500,250,Qwen2.5-7B-Instruct-BluePrint,Qwen2.5-7B-Instruct,True,0.2671875,0.5231835367269303,-0.0015625,0.115625,1.0,0.984375,-0.015625,0.0,0.11611507530476971,0.0,0.9340688455442554,0.03909465020576132,0.9436309882392204,0.07497875092581405,0.0,0.9105113636363636,0.7478663704612039,171,0.7953216374269005,0.5670155307702851,,,11,True
visualizer_v2_e1_core_10305.json,e1_core,10305,9909416,305,10305,google/gemma-3-4b-pt,False,1024,1,random,16.029268292682925,True,29,False,average,0.5,normal,both,2500,250,gemma-3-4b-pt-BluePrint,gemma-3-4b-pt,True,0.086328125,0.6012215442633866,0.04609375,0.030859375,0.5126953125,0.9736328125,0.4609375,0.9995349089317651,0.17583270715486818,-0.006618456657332781,0.9499377024216349,0.04460466821459123,0.9421059145883387,0.054199578215648074,-0.2653248749686424,0.31676136363636365,1.373435453935103,884,0.9400452488687783,0.3404077037966629,,,11,True
visualizer_v2_e1_core_10306.json,e1_core,10306,9862834,306,10306,Qwen/Qwen2.5-7B-Instruct,False,1024,0,powerlaw_cluster,15.80078125,False,28,True,blueprint,1.0,normal,both,2500,250,Qwen2.5-7B-Instruct-BluePrint,Qwen2.5-7B-Instruct,True,0.10966796875,0.451611948424454,-0.00712890625,0.04267578125,1.0,0.9287109375,-0.0712890625,0.0,0.3707158704622685,0.004809009556997584,0.8712742634402422,0.12509270704573547,0.934960992134297,0.054979743059713815,0.004809009556997584,0.9410511363636364,2.7552308811149984,1123,0.4238646482635797,1.4711863111409351,,,11,True
visualizer_v2_e1_core_10307.json,e1_core,10307,9862835,307,10307,marcelbinz/Llama-3.1-Minitaur-8B,False,64,1,powerlaw_cluster,13.753846153846155,True,25,False,uniform,1.0,normal,both,2500,250,Llama-3.1-Minitaur-8B-BluePrint,Llama-3.1-Minitaur-8B,True,0.3125,0.6248372695012752,0.003125,0.08125,0.5,0.53125,0.03125,1.0,0.9971803988942641,0.04043342302378003,0.5590384037259036,0.4802955665024631,0.5142119274318621,0.4770252597729986,-0.19190513708412762,0.5284090909090909,0.5137013522061434,200,0.925,0.348525390625,,,11,True
visualizer_v2_e1_core_10308.json,e1_core,10308,9862836,308,10308,meta-llama/Llama-3.1-8B,False,1024,0,powerlaw_cluster,15.80078125,False,29,False,average,0.0,normal,both,2500,250,Llama-3.1-8B-BluePrint,Llama-3.1-8B,True,0.04912109375,0.3970722958760703,-0.00556640625,0.0169921875,1.0,0.9443359375,-0.0556640625,0.0,0.3099867854868206,0.00960839686093075,0.8932475300803332,0.0930778739184178,0.8949103553977046,0.10615260013175012,0.00960839686093075,0.08433948863636363,1.392871076410467,503,0.7037773359840954,0.7306512487574552,,,11,True
visualizer_v2_e1_core_10309.json,e1_core,10309,9862837,309,10309,meta-llama/Llama-3.1-8B,False,1024,1,powerlaw_cluster,15.797073170731707,False,25,True,distribution,0.5,normal,both,2500,250,Llama-3.1-8B-BluePrint,Llama-3.1-8B,True,0.159375,0.5902738440276478,0.0244140625,0.0568359375,0.5244140625,0.7685546875,0.244140625,0.9982794894411453,0.7805223118522665,-0.0027278490128665113,0.6408721392342983,0.36367103088852165,0.6726578201688147,0.29057528069836314,-0.0063454457690381135,0.6959339488636364,1.7509202411906286,1632,0.6893382352941176,0.9122222019176857,,,11,True
visualizer_v2_e1_core_10310.json,e1_core,10310,9862842,310,10310,meta-llama/Llama-3.1-8B,False,1024,0,powerlaw_cluster,15.802734375,True,29,True,blueprint,0.0,normal,both,2500,250,Llama-3.1-8B-BluePrint,Llama-3.1-8B,True,0.13203125,0.5910557813009728,-0.0197265625,0.02998046875,0.9931640625,0.7958984375,-0.197265625,0.058996859670428906,0.7300557601206709,0.004320355980279612,0.6562108859680194,0.26399703374119393,0.6755770126776929,0.2901556213172058,-0.03115976923332097,0.72265625,2.4268089749596338,1352,0.5591715976331361,1.2172412703023154,,,11,True
visualizer_v2_e1_core_10311.json,e1_core,10311,9862843,311,10311,google/gemma-3-4b-pt,False,1024,1,random,15.871219512195122,False,25,True,average,0.0,normal,both,2500,250,gemma-3-4b-pt-BluePrint,gemma-3-4b-pt,True,0.19853515625,0.48621806634207737,-0.00634765625,0.08330078125,0.7470703125,0.68359375,-0.0634765625,0.8158886340238983,0.9004304890456557,-0.0020441473752690785,0.5759206676034605,0.4334361505243677,0.5725165664134374,0.3951959433860922,0.016958588194828577,0.8020241477272727,1.5449781742962925,2033,0.543531726512543,1.2618208583563464,,,11,True
visualizer_v2_e1_core_10312.json,e1_core,10312,9862844,312,10312,marcelbinz/Llama-3.1-Minitaur-8B,False,256,4,random,15.792307692307693,True,25,False,blueprint,1.0,normal,both,2500,250,Llama-3.1-Minitaur-8B-BluePrint,Llama-3.1-Minitaur-8B,True,0.29609375,0.517584139536649,-0.00390625,0.100390625,0.72265625,0.68359375,-0.0390625,0.8518061887486322,0.9004304890456557,-0.008586547378757201,0.5587410351189351,0.4362519201228879,0.6031776047523599,0.3584740402087292,-0.19853356539070063,0.44957386363636365,0.5337735956365411,758,0.9340369393139841,0.33802010327341686,,,11,True
visualizer_v2_e1_core_10313.json,e1_core,10313,9862849,313,10313,meta-llama/Llama-3.1-8B,False,64,0,powerlaw_cluster,13.59375,False,28,False,blueprint,0.5,normal,both,2500,250,Llama-3.1-8B-BluePrint,Llama-3.1-8B,True,0.1484375,0.5045530492898914,0.0046875,0.053125,0.828125,0.875,0.046875,0.6619760641115653,0.5435644431995964,-0.06890326463066054,0.81922323992946,0.22528735632183908,0.8242359031113471,0.16940210791439825,-0.028990573642197905,0.22869318181818182,0.6850135109641335,95,0.9052631578947369,0.4189658717105263,,,11,True
visualizer_v2_e1_core_10314.json,e1_core,10314,9862859,314,10314,marcelbinz/Llama-3.1-Minitaur-8B,False,1024,0,powerlaw_cluster,15.7890625,False,29,True,average,0.5,normal,both,2500,250,Llama-3.1-Minitaur-8B-BluePrint,Llama-3.1-Minitaur-8B,True,0.143359375,0.4376693683472806,-0.0216796875,0.0455078125,1.0,0.783203125,-0.216796875,0.0,0.7542754098178032,-0.020614086979464426,0.6557025101399154,0.330529440870856,0.6772585477487456,0.29089678921298634,-0.020614086979464426,0.6999289772727273,3.4652105040784758,1468,0.39986376021798364,1.7920461509792942,,,11,True
visualizer_v2_e1_core_10315.json,e1_core,10315,9862922,315,10315,Qwen/Qwen2.5-7B-Instruct,False,1024,4,random,16.019455252918288,True,25,True,uniform,0.0,normal,both,2500,250,Qwen2.5-7B-Instruct-BluePrint,Qwen2.5-7B-Instruct,True,0.124609375,0.43615202609440207,-0.0072265625,0.0560546875,1.0,0.927734375,-0.072265625,0.0,0.37432220008404593,0.013201921454446602,0.8535663575201278,0.13359625338920383,0.8590241894818444,0.1455835289354645,0.013201921454446602,0.935546875,2.6216692563717845,1276,0.45141065830721006,1.5635131765682495,,,11,True
visualizer_v2_e1_core_10316.json,e1_core,10316,9862929,316,10316,Qwen/Qwen2.5-7B-Instruct,False,64,4,powerlaw_cluster,13.705882352941176,True,29,True,average,0.0,normal,both,2500,250,Qwen2.5-7B-Instruct-BluePrint,Qwen2.5-7B-Instruct,True,0.228125,0.5027332716303305,-0.009375,0.0765625,0.765625,0.671875,-0.09375,0.7855602922535473,0.9129992135852474,0.08916702297197494,0.6005855822182353,0.45482866043613707,0.5692793752144183,0.3710164271583215,0.06724086691987767,0.7159090909090909,1.7254786924882368,146,0.6643835616438356,0.808992568760702,,,11,True
visualizer_v2_e1_core_10317.json,e1_core,10317,9862930,317,10317,Qwen/Qwen2.5-7B-Instruct,False,256,4,random,15.715384615384615,True,25,False,uniform,0.5,normal,both,2500,250,Qwen2.5-7B-Instruct-BluePrint,Qwen2.5-7B-Instruct,True,0.224609375,0.479603490480804,-0.016796875,0.09375,1.0,0.83203125,-0.16796875,0.0,0.6530369782801025,-0.0011051496408265322,0.7093470357683992,0.2984536082474227,0.7303431523642997,0.22344708350628759,-0.0011051496408265322,0.8703835227272727,1.029234300960194,575,0.7547826086956522,0.7052639903192934,,,11,True
visualizer_v2_e1_core_10318.json,e1_core,10318,9862953,318,10318,Qwen/Qwen2.5-7B-Instruct,False,256,1,random,16.124513618677042,False,25,False,average,0.0,normal,both,2500,250,Qwen2.5-7B-Instruct-BluePrint,Qwen2.5-7B-Instruct,True,0.25390625,0.44042199180130204,-0.03046875,0.096484375,1.0,0.6953125,-0.3046875,0.0,0.8869456102215854,-0.000539441991168245,0.5883365401777831,0.419559902200489,0.5770360610283402,0.3968229408062936,-0.000539441991168245,0.8220880681818182,0.5752608992836692,650,0.94,0.38693537785456733,,,11,True
visualizer_v2_e1_core_10319.json,e1_core,10319,9862957,319,10319,Qwen/Qwen2.5-7B-Instruct,False,1024,1,powerlaw_cluster,15.799024390243902,False,25,True,distribution,0.5,normal,both,2500,250,Qwen2.5-7B-Instruct-BluePrint,Qwen2.5-7B-Instruct,True,0.2291015625,0.4555139750614298,-0.0138671875,0.07666015625,1.0,0.861328125,-0.138671875,0.0,0.5807499758287129,0.01001291118055691,0.7673432469162274,0.23787147574295148,0.7744218237537481,0.2035026682336751,0.01001291118055691,0.8811257102272727,2.1981846869563344,2346,0.4484228473998295,1.5669097877016254,,,11,True
visualizer_v2_e1_core_10320.json,e1_core,10320,9862958,320,10320,meta-llama/Llama-3.1-8B,False,64,1,powerlaw_cluster,13.569230769230769,True,29,True,distribution,1.0,normal,both,2500,250,Llama-3.1-8B-BluePrint,Llama-3.1-8B,True,0.021875,0.4,-0.003125,0.0046875,1.0,0.96875,-0.03125,0.0,0.20062232431271465,-0.030865529894239487,0.9291589324385426,0.06030150753768844,0.9703420337746367,0.03031931533706791,-0.030865529894239487,0.31392045454545453,1.6008280407298694,14,0.5714285714285714,1.0342494419642858,,,11,True
visualizer_v2_e1_core_10321.json,e1_core,10321,9862974,321,10321,google/gemma-3-4b-pt,False,256,0,random,15.71875,False,28,True,uniform,0.5,normal,both,2500,250,gemma-3-4b-pt-BluePrint,gemma-3-4b-pt,True,0.329296875,0.5034308302765608,0.008984375,0.126171875,0.53515625,0.625,0.08984375,0.9964308234404787,0.954434002924965,0.008255406348281721,0.5157353832790796,0.4676938369781312,0.5316321951772788,0.42228864483625983,0.030129781994889346,0.7475142045454546,0.8755147132006559,843,0.7734282325029656,0.6915610190105325,,,11,True
visualizer_v2_e1_core_10322.json,e1_core,10322,9862975,322,10322,Qwen/Qwen2.5-7B-Instruct,False,256,1,random,15.976653696498055,False,25,True,average,1.0,normal,both,2500,250,Qwen2.5-7B-Instruct-BluePrint,Qwen2.5-7B-Instruct,True,0.315234375,0.4936297341771595,-0.011328125,0.127734375,1.0,0.88671875,-0.11328125,0.0,0.5097345489307138,0.02363356123779694,0.8091336182434303,0.18074074074074073,0.8584959282344906,0.15534336553439396,0.02363356123779694,0.8689630681818182,1.3921434415758334,807,0.5923172242874845,1.1204412230180838,,,11,True
visualizer_v2_e1_core_10323.json,e1_core,10323,9862976,323,10323,Qwen/Qwen2.5-7B-Instruct,False,256,1,powerlaw_cluster,15.354085603112841,False,29,True,average,0.0,normal,both,2500,250,Qwen2.5-7B-Instruct-BluePrint,Qwen2.5-7B-Instruct,True,0.28359375,0.5606196930981311,0.0,0.080078125,0.7734375,0.7734375,0.0,0.7719706699485864,0.7719706699485864,-0.03945771952752433,0.6343674770912896,0.3824317086234601,0.6581975491834066,0.3081157619206482,-0.0644254002373043,0.7311789772727273,1.9822211428122087,726,0.6239669421487604,0.9748438475217373,,,11,True
visualizer_v2_e1_core_10324.json,e1_core,10324,9862983,324,10324,Qwen/Qwen2.5-7B-Instruct,False,64,0,random,16.21875,True,29,False,uniform,0.0,normal,both,2500,250,Qwen2.5-7B-Instruct-BluePrint,Qwen2.5-7B-Instruct,True,0.2,0.6118259518259518,0.0,0.0734375,0.625,0.625,0.0,0.954434002924965,0.954434002924965,0.014724650628549621,0.5224195103858417,0.45857418111753373,0.5407557043160698,0.44584186678869,0.021236968965993162,0.5,1.0198336514559658,128,0.796875,0.6243553161621094,,,11,True
visualizer_v2_e1_core_10325.json,e1_core,10325,9862984,325,10325,marcelbinz/Llama-3.1-Minitaur-8B,False,256,1,random,16.21011673151751,True,25,False,distribution,0.0,normal,both,2500,250,Llama-3.1-Minitaur-8B-BluePrint,Llama-3.1-Minitaur-8B,True,0.19765625,0.4979557371650136,-0.0015625,0.076953125,0.71875,0.703125,-0.015625,0.8571484374283717,0.877437311089633,0.061583856350403476,0.5977785746891406,0.3858880778588808,0.5936005777679682,0.3711386223777096,-0.1442161590595565,0.7201704545454546,0.7136650518937544,506,0.9367588932806324,0.3641265748517787,,,11,True
visualizer_v2_e1_core_10326.json,e1_core,10326,9862992,326,10326,marcelbinz/Llama-3.1-Minitaur-8B,False,64,1,powerlaw_cluster,13.63076923076923,True,29,False,blueprint,0.5,normal,both,2500,250,Llama-3.1-Minitaur-8B-BluePrint,Llama-3.1-Minitaur-8B,True,0.1328125,0.46380952380952384,-0.0046875,0.0484375,1.0,0.953125,-0.046875,0.0,0.2729708579140699,0.038749150237933204,0.9025033245621481,0.06930693069306931,0.9081696234429991,0.10436201021187434,0.038749150237933204,0.10795454545454546,1.4030914306640625,85,0.7176470588235294,0.8151769301470588,,,11,True
visualizer_v2_e1_core_10327.json,e1_core,10327,9862997,327,10327,Qwen/Qwen2.5-7B-Instruct,False,256,1,random,15.805447470817121,False,25,True,average,0.5,normal,both,2500,250,Qwen2.5-7B-Instruct-BluePrint,Qwen2.5-7B-Instruct,True,0.36328125,0.43610873497299607,-0.03359375,0.137890625,1.0,0.6640625,-0.3359375,0.0,0.9208780154383215,0.013877707494728884,0.5682564046698166,0.4432783608195902,0.5852921089379569,0.4116620829463657,0.013877707494728884,0.83203125,0.986316326666962,930,0.6967741935483871,0.8357126174434539,,,11,True
visualizer_v2_e1_core_10328.json,e1_core,10328,9862998,328,10328,marcelbinz/Llama-3.1-Minitaur-8B,False,1024,0,random,15.796875,True,28,True,blueprint,0.5,normal,both,2500,250,Llama-3.1-Minitaur-8B-BluePrint,Llama-3.1-Minitaur-8B,True,0.127734375,0.5792315271201993,0.015234375,0.06025390625,0.720703125,0.873046875,0.15234375,0.8544909836023519,0.5490225111019678,0.03579167030218362,0.7949214726229537,0.19460929772502472,0.820478194518027,0.16738466870484978,-0.19002697357305348,0.7872869318181818,2.5131944532040507,1308,0.6674311926605505,0.9657928557206367,,,11,True
visualizer_v2_e1_core_10329.json,e1_core,10329,9863005,329,10329,google/gemma-3-4b-pt,False,64,4,random,16.38235294117647,False,25,False,average,1.0,normal,both,2500,250,gemma-3-4b-pt-BluePrint,gemma-3-4b-pt,True,0.3515625,0.5208011835026888,-0.0265625,0.1203125,0.796875,0.53125,-0.265625,0.7281342378690551,0.9971803988942641,-0.046263912460501495,0.4832580642979802,0.5205183585313174,0.49804532768683335,0.46385560944854887,-0.09390920775646924,0.7798295454545454,0.4944000244140625,225,0.9333333333333333,0.44365885416666667,,,11,True
visualizer_v2_e1_core_10330.json,e1_core,10330,9863006,330,10330,meta-llama/Llama-3.1-8B,False,1024,4,random,16.038910505836576,True,29,True,blueprint,0.0,normal,both,2500,250,Llama-3.1-8B-BluePrint,Llama-3.1-8B,True,0.14072265625,0.598907935380695,-0.01572265625,0.04736328125,0.9931640625,0.8359375,-0.1572265625,0.058996859670428906,0.6439403638806509,0.006451936336863448,0.7230800873686315,0.2641996557659208,0.7341176441380175,0.22795202027076703,0.008955573377168617,0.7289595170454546,2.448979753238911,1441,0.5482303955586398,1.2063125382687465,,,11,True
visualizer_v2_e1_core_10331.json,e1_core,10331,9863007,331,10331,google/gemma-3-4b-pt,False,64,0,random,15.6875,True,28,False,blueprint,0.0,normal,both,2500,250,gemma-3-4b-pt-BluePrint,gemma-3-4b-pt,True,0.1984375,0.5357323232323232,0.0203125,0.0890625,0.53125,0.734375,0.203125,0.9971803988942641,0.8351164948421137,-0.05415909233373016,0.6004423640754402,0.40039840637450197,0.6065785554835128,0.4155055261595113,-0.04915806364111938,0.765625,0.5170953924005682,127,0.968503937007874,0.34850209153543305,,,11,True
visualizer_v2_e1_core_10332.json,e1_core,10332,9863008,332,10332,google/gemma-3-4b-pt,False,256,4,random,15.923076923076923,True,28,False,average,0.5,normal,both,2500,250,gemma-3-4b-pt-BluePrint,gemma-3-4b-pt,True,0.390625,0.5270889818798314,0.0015625,0.14453125,0.59765625,0.61328125,0.015625,0.9723051006568468,0.9626493634223954,0.024207000722401117,0.5165693337349229,0.4603658536585366,0.5329795224016768,0.39034844675803565,-0.10470723308446733,0.7155539772727273,0.3470361882990057,1000,0.976,0.290826904296875,,,11,True
visualizer_v2_e1_core_10333.json,e1_core,10333,9863009,333,10333,meta-llama/Llama-3.1-8B,False,1024,4,random,15.883268482490273,False,25,False,distribution,0.5,normal,both,2500,250,Llama-3.1-8B-BluePrint,Llama-3.1-8B,True,0.181640625,0.5401557598975749,0.0177734375,0.078515625,0.5244140625,0.7021484375,0.177734375,0.9982794894411453,0.8786487886199404,-0.0039102531317768505,0.5696718533640984,0.42105917454002983,0.5692396283320744,0.35270455189811073,-0.01573457369173547,0.4462890625,0.5969970659776167,1860,0.9344086021505377,0.3970995831233199,,,11,True
visualizer_v2_e1_core_10334.json,e1_core,10334,9863010,334,10334,google/gemma-3-4b-pt,False,256,0,powerlaw_cluster,15.3046875,True,25,False,average,0.5,normal,both,2500,250,gemma-3-4b-pt-BluePrint,gemma-3-4b-pt,True,0.363671875,0.5022877676420213,-0.001171875,0.099609375,0.77734375,0.765625,-0.01171875,0.7649881629079047,0.7855602922535473,-0.01132129065418664,0.6032053498215055,0.35068912710566613,0.6856763876152404,0.28840152541027747,-0.24755186849885585,0.7681107954545454,0.49266572432084516,931,0.949516648764769,0.3921278678000806,,,11,True
visualizer_v2_e1_core_10335.json,e1_core,10335,9863011,335,10335,marcelbinz/Llama-3.1-Minitaur-8B,False,256,0,powerlaw_cluster,15.328125,False,25,True,uniform,0.5,normal,both,2500,250,Llama-3.1-Minitaur-8B-BluePrint,Llama-3.1-Minitaur-8B,True,0.343359375,0.5839163707727983,0.012109375,0.112890625,0.56640625,0.6875,0.12109375,0.9872383624334873,0.8960382325345574,0.011418119635918895,0.567199687000261,0.4271151885830785,0.5807801360415185,0.3775857660861247,0.02083213871987638,0.7151988636363636,0.9966453312134201,879,0.6837315130830489,0.8732027090721434,,,11,True
visualizer_v2_e1_core_10336.json,e1_core,10336,9863012,336,10336,Qwen/Qwen2.5-7B-Instruct,False,1024,0,random,16.162109375,True,28,True,blueprint,0.0,normal,both,2500,250,Qwen2.5-7B-Instruct-BluePrint,Qwen2.5-7B-Instruct,True,0.0546875,0.4287489960332046,-0.0033203125,0.0244140625,1.0,0.966796875,-0.033203125,0.0,0.2102093706837756,-0.00864283369979218,0.9306274438880756,0.06211480362537764,0.9394609514431327,0.04737988316048851,-0.00864283369979218,0.970703125,2.583825933365998,560,0.5107142857142857,1.3493656007306916,,,11,True
visualizer_v2_e1_core_10337.json,e1_core,10337,9863021,337,10337,meta-llama/Llama-3.1-8B,False,256,4,random,16.123076923076923,False,25,False,average,1.0,normal,both,2500,250,Llama-3.1-8B-BluePrint,Llama-3.1-8B,True,0.27109375,0.505771515252359,-0.01796875,0.091796875,0.6796875,0.5,-0.1796875,0.9047209661860878,1.0,-0.025459484350413564,0.49112683786530503,0.513839959738299,0.5107816080478534,0.4308556335121758,-0.010543145903917245,0.5465198863636364,0.6341507651589133,694,0.8919308357348703,0.502815004728026,,,11,True
visualizer_v2_e1_core_10338.json,e1_core,10338,9863032,338,10338,meta-llama/Llama-3.1-8B,False,64,1,random,15.723076923076922,False,28,False,distribution,0.0,normal,both,2500,250,Llama-3.1-8B-BluePrint,Llama-3.1-8B,True,0.15625,0.561996336996337,-0.003125,0.05625,0.625,0.59375,-0.03125,0.954434002924965,0.9744894033980523,-0.03765412693422745,0.5041717864499519,0.5010266940451745,0.5236961554625913,0.47615633184926814,-0.034300607076217016,0.42329545454545453,0.6736814325506036,100,0.93,0.4120654296875,,,11,True
visualizer_v2_e1_core_10339.json,e1_core,10339,9863037,339,10339,marcelbinz/Llama-3.1-Minitaur-8B,False,1024,4,random,16.167315175097276,False,29,False,blueprint,0.0,normal,both,2500,250,Llama-3.1-Minitaur-8B-BluePrint,Llama-3.1-Minitaur-8B,True,0.06103515625,0.4320503767247684,-0.00478515625,0.0263671875,1.0,0.9521484375,-0.0478515625,0.0,0.2771994816575255,-0.0002254060376535832,0.9058161024648307,0.09226263119355627,0.8969110418870215,0.11121720121218169,-0.0002254060376535832,0.09756747159090909,1.5443641489202327,625,0.7312,0.69943671875,,,11,True
visualizer_v2_e1_core_10340.json,e1_core,10340,9863038,340,10340,meta-llama/Llama-3.1-8B,False,64,1,random,14.76923076923077,True,29,False,uniform,1.0,normal,both,2500,250,Llama-3.1-8B-BluePrint,Llama-3.1-8B,True,0.09375,0.48611111111111105,0.0,0.0453125,0.953125,0.953125,0.0,0.2729708579140699,0.2729708579140699,0.035688073394495555,0.9336654549154549,0.10065645514223195,0.9063479150307847,0.10892317503941638,0.023677504093512606,0.10653409090909091,1.3375681096857244,60,0.8333333333333334,0.619677734375,,,11,True
visualizer_v2_e1_core_10341.json,e1_core,10341,9863039,341,10341,meta-llama/Llama-3.1-8B,False,64,1,powerlaw_cluster,13.753846153846155,True,28,True,average,0.5,normal,both,2500,250,Llama-3.1-8B-BluePrint,Llama-3.1-8B,True,0.234375,0.547356801695037,0.00625,0.0640625,0.578125,0.640625,0.0625,0.9823166080205502,0.9421631690835512,-0.008631319358816525,0.5624918944117235,0.4400977995110024,0.5578362314964426,0.42307852252262834,-0.14404173037037102,0.3934659090909091,0.6821247447620739,150,0.8733333333333333,0.49943359375,,,11,True
visualizer_v2_e1_core_10342.json,e1_core,10342,9863040,342,10342,Qwen/Qwen2.5-7B-Instruct,False,1024,4,powerlaw_cluster,15.787937743190662,True,29,False,blueprint,0.5,normal,both,2500,250,Qwen2.5-7B-Instruct-BluePrint,Qwen2.5-7B-Instruct,True,0.12568359375,0.547951622042828,0.00888671875,0.04189453125,0.744140625,0.8330078125,0.0888671875,0.8204336100852311,0.6507777075586034,0.05147039231185991,0.7355731533980486,0.2226770364306181,0.7158552526163672,0.2383146188690706,-0.027189262948827668,0.7770774147727273,1.0131382888013667,1287,0.8360528360528361,0.5480613678855867,,,11,True
visualizer_v2_e1_core_10343.json,e1_core,10343,9863041,343,10343,Qwen/Qwen2.5-7B-Instruct,False,256,0,powerlaw_cluster,15.3828125,False,28,True,blueprint,0.0,normal,both,2500,250,Qwen2.5-7B-Instruct-BluePrint,Qwen2.5-7B-Instruct,True,0.086328125,0.45835626559014864,-0.004296875,0.034375,1.0,0.95703125,-0.04296875,0.0,0.2557420200756248,0.0005957571897499263,0.9281474961971351,0.13153885220924327,0.9154244889217318,0.0807534523859621,0.0005957571897499263,0.9517045454545454,1.2114849083802917,221,0.8280542986425339,0.5655560385587528,,,11,True
visualizer_v2_e1_core_10344.json,e1_core,10344,9863042,344,10344,marcelbinz/Llama-3.1-Minitaur-8B,False,64,0,powerlaw_cluster,13.59375,True,29,False,average,0.5,normal,both,2500,250,Llama-3.1-Minitaur-8B-BluePrint,Llama-3.1-Minitaur-8B,True,0.046875,0.42000000000000004,0.0,0.021875,1.0,1.0,0.0,0.0,0.0,0.0,1.0,0.0,1.0,0.0,0.0,0.1875,1.9433815696022727,30,0.6666666666666666,0.8567057291666667,,,11,True
visualizer_v2_e1_core_10345.json,e1_core,10345,9863043,345,10345,meta-llama/Llama-3.1-8B,False,64,1,powerlaw_cluster,13.661538461538461,False,28,True,distribution,0.5,normal,both,2500,250,Llama-3.1-8B-BluePrint,Llama-3.1-8B,True,0.2765625,0.6274550251949632,0.0109375,0.10625,0.625,0.734375,0.109375,0.954434002924965,0.8351164948421137,-0.046107094205176474,0.5834351657609751,0.3706467661691542,0.6295009823900218,0.3851801334297845,-0.011528765051157866,0.5099431818181818,0.7876413518732245,177,0.8192090395480226,0.6128053826800848,,,11,True
visualizer_v2_e1_core_10346.json,e1_core,10346,9863052,346,10346,meta-llama/Llama-3.1-8B,False,1024,4,powerlaw_cluster,15.811284046692608,True,25,False,uniform,0.0,normal,both,2500,250,Llama-3.1-8B-BluePrint,Llama-3.1-8B,True,0.22255859375,0.5531111096528021,0.02431640625,0.078515625,0.53125,0.7744140625,0.2431640625,0.9971803988942641,0.7702368811129258,0.01855347190807255,0.6737396856002195,0.3491261605679956,0.6526981133925491,0.28612903648724913,0.033726843974015756,0.44770951704545453,0.43768737532875757,2279,0.9706011408512506,0.3026153577843901,,,11,True
visualizer_v2_e1_core_10347.json,e1_core,10347,9863053,347,10347,marcelbinz/Llama-3.1-Minitaur-8B,False,256,1,random,16.06225680933852,True,28,False,blueprint,1.0,normal,both,2500,250,Llama-3.1-Minitaur-8B-BluePrint,Llama-3.1-Minitaur-8B,True,0.30703125,0.5085326508351142,-0.01484375,0.112109375,0.6796875,0.53125,-0.1484375,0.9047209661860878,0.9971803988942641,-0.0017619534735376443,0.4994614537956592,0.49705304518664045,0.49266682175958804,0.49165597897735447,-0.22878331756834921,0.42223011363636365,0.40100323070179333,786,0.9592875318066157,0.2757624269441794,,,11,True
visualizer_v2_e1_core_10348.json,e1_core,10348,9863061,348,10348,Qwen/Qwen2.5-7B-Instruct,False,256,1,powerlaw_cluster,15.29182879377432,True,29,True,blueprint,1.0,normal,both,2500,250,Qwen2.5-7B-Instruct-BluePrint,Qwen2.5-7B-Instruct,True,0.147265625,0.5312681571210134,0.014453125,0.05625,0.76171875,0.90625,0.14453125,0.7921703563573823,0.4488644887230295,0.03826899543886924,0.8480013355582119,0.13963480128893663,0.7374612958949922,0.24156945746240083,-0.023807012771915576,0.8817471590909091,2.0222263261675835,377,0.5596816976127321,1.1921799758384968,,,11,True
visualizer_v2_e1_core_10349.json,e1_core,10349,9863070,349,10349,Qwen/Qwen2.5-7B-Instruct,False,1024,1,powerlaw_cluster,15.795121951219512,True,25,True,distribution,1.0,normal,both,2500,250,Qwen2.5-7B-Instruct-BluePrint,Qwen2.5-7B-Instruct,True,0.29560546875,0.4573880341963119,-0.02158203125,0.093359375,1.0,0.7841796875,-0.2158203125,0.0,0.7524617420196192,-0.005517316892586756,0.6615124309505849,0.30939086294416246,0.6847722170301687,0.28068243581126634,-0.005517316892586756,0.8062855113636364,2.00107864103153,3027,0.4578790882061447,1.3956541473573294,,,11,True
visualizer_v2_e1_core_10350.json,e1_core,10350,9863071,350,10350,meta-llama/Llama-3.1-8B,False,1024,0,random,15.9765625,False,29,True,blueprint,0.5,normal,both,2500,250,Llama-3.1-8B-BluePrint,Llama-3.1-8B,True,0.15087890625,0.6317537535501045,-0.01806640625,0.05283203125,0.9931640625,0.8125,-0.1806640625,0.058996859670428906,0.6962122601251458,-0.013059946390489014,0.6948576493590981,0.3183374083129584,0.7523956698865722,0.22878004846013128,-0.007493886177672433,0.7119140625,2.489958369257775,1545,0.5501618122977346,1.2321024626204111,,,11,True
visualizer_v2_e1_core_10351.json,e1_core,10351,9863079,351,10351,meta-llama/Llama-3.1-8B,False,64,0,random,17.65625,False,28,False,blueprint,1.0,normal,both,2500,250,Llama-3.1-8B-BluePrint,Llama-3.1-8B,True,0.2515625,0.49898697006019666,0.0078125,0.115625,0.828125,0.90625,0.078125,0.6619760641115653,0.4488644887230295,0.06030107893726813,0.8597872521191849,0.13805309734513274,0.9165805317266502,0.10083960019520281,0.08316911133364704,0.34232954545454547,0.5526580810546875,161,0.9813664596273292,0.3256714625388199,,,11,True
visualizer_v2_e1_core_10352.json,e1_core,10352,9863080,352,10352,meta-llama/Llama-3.1-8B,False,256,4,powerlaw_cluster,15.292307692307693,False,29,False,uniform,0.5,normal,both,2500,250,Llama-3.1-8B-BluePrint,Llama-3.1-8B,True,0.087890625,0.5108423632610938,0.000390625,0.037109375,0.95703125,0.9609375,0.00390625,0.2557420200756248,0.23797715131903663,0.03145247630754524,0.9275355793595035,0.08726838015540944,0.933618987711808,0.060263301604393624,0.006201726344862192,0.11683238636363637,1.3844786557284268,225,0.7333333333333333,0.69990234375,,,11,True
visualizer_v2_e1_core_10353.json,e1_core,10353,9863085,353,10353,google/gemma-3-4b-pt,False,64,4,random,15.529411764705882,True,28,True,average,1.0,normal,both,2500,250,gemma-3-4b-pt-BluePrint,gemma-3-4b-pt,True,0.365625,0.5383949267042898,0.025,0.1546875,0.515625,0.765625,0.25,0.9992954443621548,0.7855602922535473,-0.0324024728202943,0.6127031680778333,0.3839080459770115,0.6397613346022066,0.3948794090462569,-0.08610432768866672,0.7301136363636364,0.4292478561401367,234,0.9529914529914529,0.32699611044337606,,,11,True
visualizer_v2_e1_core_10354.json,e1_core,10354,9863086,354,10354,google/gemma-3-4b-pt,False,256,0,random,16.109375,False,29,True,uniform,1.0,normal,both,2500,250,gemma-3-4b-pt-BluePrint,gemma-3-4b-pt,True,0.255078125,0.5059815874246196,-0.008203125,0.1,0.60546875,0.5234375,-0.08203125,0.967661552439695,0.9984144269374465,0.007323137677054995,0.4907275924129664,0.49709020368574197,0.5853241515711021,0.39441974259334517,0.020660491987599422,0.6186079545454546,1.3250864378430627,653,0.6309341500765697,1.003612185327784,,,11,True
visualizer_v2_e1_core_10355.json,e1_core,10355,9863087,355,10355,Qwen/Qwen2.5-7B-Instruct,False,64,4,powerlaw_cluster,13.735294117647058,False,28,False,average,1.0,normal,both,2500,250,Qwen2.5-7B-Instruct-BluePrint,Qwen2.5-7B-Instruct,True,0.2078125,0.58275,-0.0015625,0.0609375,1.0,0.984375,-0.015625,0.0,0.11611507530476971,0.0,0.9854276675705247,0.018072289156626505,0.9776460703655895,0.02122077167377758,0.0,0.9176136363636364,0.746667125008323,133,0.8045112781954887,0.6083268473919173,,,11,True
visualizer_v2_e1_core_10356.json,e1_core,10356,9909417,356,10356,google/gemma-3-4b-pt,False,1024,4,random,16.042801556420233,True,25,False,distribution,0.5,normal,both,2500,250,gemma-3-4b-pt-BluePrint,gemma-3-4b-pt,True,0.2978515625,0.5369064205186727,-0.0158203125,0.112890625,0.6708984375,0.5126953125,-0.158203125,0.9140058089098427,0.9995349089317651,-0.0036377306291297436,0.49832213347092924,0.5027685492801772,0.498885945161639,0.3840999403989191,-0.15096772198866715,0.6773792613636364,0.36688561873002484,3050,0.980327868852459,0.2814541175717213,,,11,True
visualizer_v2_e1_core_10357.json,e1_core,10357,9863123,357,10357,Qwen/Qwen2.5-7B-Instruct,False,256,4,powerlaw_cluster,15.276923076923078,True,25,True,average,0.0,normal,both,2500,250,Qwen2.5-7B-Instruct-BluePrint,Qwen2.5-7B-Instruct,True,0.360546875,0.46024792072614035,-0.014453125,0.12421875,1.0,0.85546875,-0.14453125,0.0,0.5959838258557496,-0.02213046396680478,0.7263561292055538,0.2486119679210364,0.755672649685786,0.21515434586438484,-0.02213046396680478,0.8689630681818182,1.0465031496503137,923,0.66738894907909,0.8869438130057388,,,11,True
visualizer_v2_e1_core_10358.json,e1_core,10358,9863124,358,10358,google/gemma-3-4b-pt,False,64,1,random,15.384615384615385,False,28,False,average,0.5,normal,both,2500,250,gemma-3-4b-pt-BluePrint,gemma-3-4b-pt,True,0.3890625,0.5378669772256728,0.0140625,0.15625,0.515625,0.65625,0.140625,0.9992954443621548,0.9283620723948678,-0.0365051099411583,0.5667535886885733,0.4726890756302521,0.5621232322821698,0.46202915340351497,-0.06407578270747984,0.7017045454545454,0.37660702792080963,249,0.9718875502008032,0.30503066955321284,,,11,True
visualizer_v2_e1_core_10359.json,e1_core,10359,9863363,359,10359,Qwen/Qwen2.5-7B-Instruct,False,1024,1,random,15.898536585365854,False,29,True,distribution,0.0,normal,both,2500,250,Qwen2.5-7B-Instruct-BluePrint,Qwen2.5-7B-Instruct,True,0.1931640625,0.5786076863358985,0.0267578125,0.08115234375,0.669921875,0.9375,0.267578125,0.9150061727949926,0.3372900666170139,-0.003803476376356894,0.8885759798562348,0.1160527288407047,0.8871042933553691,0.10418153708513164,-0.024618698283732882,0.8583096590909091,2.5857913729480724,1978,0.5601617795753286,1.2488761878712715,,,11,True
visualizer_v2_e1_core_10360.json,e1_core,10360,9863364,360,10360,marcelbinz/Llama-3.1-Minitaur-8B,False,256,0,random,15.984375,False,25,False,uniform,0.5,normal,both,2500,250,Llama-3.1-Minitaur-8B-BluePrint,Llama-3.1-Minitaur-8B,True,0.28359375,0.5382935885943628,0.003125,0.10390625,0.56640625,0.59765625,0.03125,0.9872383624334873,0.9723051006568468,-0.019984969354850085,0.5022672128880515,0.48826979472140764,0.5128168088098288,0.43096375599185494,-0.01889354665325788,0.5202414772727273,0.45250615206631745,726,0.9793388429752066,0.26607696280991733,,,11,True
visualizer_v2_e1_core_10361.json,e1_core,10361,9863365,361,10361,google/gemma-3-4b-pt,False,256,1,powerlaw_cluster,15.315175097276265,True,29,False,uniform,1.0,normal,both,2500,250,gemma-3-4b-pt-BluePrint,gemma-3-4b-pt,True,0.142578125,0.5675912695529896,0.023828125,0.053515625,0.60546875,0.84375,0.23828125,0.967661552439695,0.6252624052234231,0.024183452336754886,0.7486711862235035,0.25801282051282054,0.6699179163961102,0.3048303759809726,0.06120359827584103,0.37855113636363635,1.202844966541637,365,0.7890410958904109,0.6396377354452055,,,11,True
visualizer_v2_e1_core_10362.json,e1_core,10362,9863539,362,10362,Qwen/Qwen2.5-7B-Instruct,False,64,1,random,16.892307692307693,True,29,False,blueprint,0.0,normal,both,2500,250,Qwen2.5-7B-Instruct-BluePrint,Qwen2.5-7B-Instruct,True,0.15625,0.5079545454545454,0.003125,0.0765625,0.796875,0.828125,0.03125,0.7281342378690551,0.6619760641115653,0.094947578272305,0.7370651570928712,0.2713472485768501,0.708702906105758,0.30473768481102914,0.08300077208089417,0.7940340909090909,1.0867288762872869,100,0.79,0.658294677734375,,,11,True
visualizer_v2_e1_core_10363.json,e1_core,10363,9863540,363,10363,meta-llama/Llama-3.1-8B,False,1024,1,random,16.146341463414632,False,25,False,average,0.5,normal,both,2500,250,Llama-3.1-8B-BluePrint,Llama-3.1-8B,True,0.18974609375,0.4949931330653633,-0.00849609375,0.0748046875,0.69921875,0.6142578125,-0.0849609375,0.8822437977976201,0.9619967899047493,-0.0044826379108179005,0.5294141709121734,0.47318611987381703,0.5229161823269468,0.42920909802751356,0.006658632606588276,0.4997336647727273,0.519464146007191,1943,0.9711785898095728,0.3216388759328358,,,11,True
visualizer_v2_e1_core_10364.json,e1_core,10364,9863541,364,10364,google/gemma-3-4b-pt,False,64,1,random,17.138461538461538,True,29,False,uniform,1.0,normal,both,2500,250,gemma-3-4b-pt-BluePrint,gemma-3-4b-pt,True,0.15,0.5691414141414143,0.021875,0.078125,0.625,0.84375,0.21875,0.954434002924965,0.6252624052234231,-0.05837129840546732,0.6975149230722205,0.2900188323917137,0.7290746991682758,0.287891116717236,-0.024404182903742022,0.4318181818181818,1.2680199363014915,96,0.6770833333333334,0.8530171712239584,,,11,True
visualizer_v2_e1_core_10365.json,e1_core,10365,9863542,365,10365,Qwen/Qwen2.5-7B-Instruct,False,1024,1,powerlaw_cluster,15.795121951219512,False,25,False,distribution,0.0,normal,both,2500,250,Qwen2.5-7B-Instruct-BluePrint,Qwen2.5-7B-Instruct,True,0.198046875,0.46794035686723545,-0.0115234375,0.070703125,1.0,0.884765625,-0.115234375,0.0,0.5155052741146618,-0.01206336419878596,0.7861843685749115,0.20602501914730662,0.7923134001540756,0.19263406811034528,-0.01206336419878596,0.8542258522727273,0.6014773032881997,2028,0.9211045364891519,0.3690932234363443,,,11,True
visualizer_v2_e1_core_10366.json,e1_core,10366,9863676,366,10366,meta-llama/Llama-3.1-8B,False,256,0,random,15.7421875,False,28,False,average,0.5,normal,both,2500,250,Llama-3.1-8B-BluePrint,Llama-3.1-8B,True,0.189453125,0.48035116641410697,-0.009765625,0.069921875,0.61328125,0.515625,-0.09765625,0.9626493634223954,0.9992954443621548,-0.02490361377298915,0.4863120522372946,0.515136476426799,0.510600861842678,0.458036124998007,-0.008821533075168093,0.4620028409090909,0.6501103314486417,485,0.9422680412371134,0.3708264537693299,,,11,True
visualizer_v2_e1_core_10367.json,e1_core,10367,9863677,367,10367,marcelbinz/Llama-3.1-Minitaur-8B,False,256,1,powerlaw_cluster,15.330739299610896,False,29,False,blueprint,1.0,normal,both,2500,250,Llama-3.1-Minitaur-8B-BluePrint,Llama-3.1-Minitaur-8B,True,0.0671875,0.4600295179648726,-0.00234375,0.026953125,1.0,0.9765625,-0.0234375,0.0,0.16032872589902855,-0.027371519499490793,0.9431915786956355,0.05392418579818473,0.9855071555936633,0.009482961336692831,-0.027371519499490793,0.10085227272727272,1.548383886163885,172,0.7151162790697675,0.7335006359011628,,,11,True
visualizer_v2_e1_core_10368.json,e1_core,10368,9863678,368,10368,marcelbinz/Llama-3.1-Minitaur-8B,False,64,1,powerlaw_cluster,13.692307692307692,True,25,True,blueprint,0.5,normal,both,2500,250,Llama-3.1-Minitaur-8B-BluePrint,Llama-3.1-Minitaur-8B,True,0.375,0.5082746083478349,-0.0125,0.1015625,0.640625,0.515625,-0.125,0.9421631690835512,0.9992954443621548,-0.07543673247510571,0.5405851093351093,0.5359801488833746,0.49088650964866476,0.47786006453875807,-0.24887816846007407,0.515625,0.5148872028697621,240,0.8875,0.44228922526041664,,,11,True
visualizer_v2_e1_core_10369.json,e1_core,10369,9909418,369,10369,google/gemma-3-4b-pt,False,1024,4,powerlaw_cluster,15.811284046692608,False,25,False,blueprint,1.0,normal,both,2500,250,gemma-3-4b-pt-BluePrint,gemma-3-4b-pt,True,0.16416015625,0.5764366710997203,0.02607421875,0.0599609375,0.515625,0.7763671875,0.2607421875,0.9992954443621548,0.7667456519914887,0.022143540571443115,0.653111848486926,0.33423071745860816,0.6998570184577675,0.2580053701257416,0.004219949117158266,0.6283735795454546,0.5238018035888672,1681,0.9553837001784652,0.3495637710997918,,,11,True
visualizer_v2_e1_core_10370.json,e1_core,10370,9863733,370,10370,Qwen/Qwen2.5-7B-Instruct,False,64,1,random,16.615384615384617,False,29,True,uniform,0.5,normal,both,2500,250,Qwen2.5-7B-Instruct-BluePrint,Qwen2.5-7B-Instruct,True,0.25625,0.6233070929521234,-0.009375,0.084375,0.625,0.53125,-0.09375,0.954434002924965,0.9971803988942641,-0.02564005482398004,0.48918577890498416,0.5106796116504855,0.509915231733618,0.5274122866293229,-0.07016695649373882,0.5482954545454546,1.100083437832919,164,0.6463414634146342,0.7717367032679116,,,11,True
visualizer_v2_e1_core_10371.json,e1_core,10371,9909419,371,10371,google/gemma-3-4b-pt,False,1024,1,random,15.726829268292683,True,28,False,average,0.5,normal,both,2500,250,gemma-3-4b-pt-BluePrint,gemma-3-4b-pt,True,0.23095703125,0.5357128360670311,0.00029296875,0.08720703125,0.6337890625,0.63671875,0.0029296875,0.9477182577635185,0.9453732087003415,0.0361225305797149,0.5575967576025626,0.44328228116050306,0.5327536414621079,0.41391641014165076,-0.04315054864963046,0.6456853693181818,0.32176453416997736,2365,0.9928118393234673,0.20696136281051797,,,11,True
visualizer_v2_e1_core_10372.json,e1_core,10372,9863815,372,10372,meta-llama/Llama-3.1-8B,False,64,0,random,15.875,False,25,False,average,1.0,normal,both,2500,250,Llama-3.1-8B-BluePrint,Llama-3.1-8B,True,0.190625,0.5069716905901116,-0.00625,0.05625,0.609375,0.546875,-0.0625,0.9652016987500656,0.9936507116910405,-0.0400075014065136,0.500322495729921,0.515748031496063,0.48371994205502367,0.5140894059660157,-0.02777548344886998,0.45170454545454547,0.48675953258167615,122,0.9672131147540983,0.3336882044057377,,,11,True
visualizer_v2_e1_core_10373.json,e1_core,10373,9863816,373,10373,meta-llama/Llama-3.1-8B,False,1024,4,powerlaw_cluster,15.797665369649806,False,28,True,blueprint,0.0,normal,both,2500,250,Llama-3.1-8B-BluePrint,Llama-3.1-8B,True,0.1716796875,0.6706740258674484,0.0064453125,0.05556640625,0.841796875,0.90625,0.064453125,0.6299934771463752,0.4488644887230295,-0.011878588033059823,0.8247397798523886,0.16397885892397343,0.8248859170081791,0.1712094085385703,-0.0190496195278246,0.6981534090909091,1.8290360552174123,1758,0.7064846416382252,0.9032611716729382,,,11,True
visualizer_v2_e1_core_10374.json,e1_core,10374,9863817,374,10374,meta-llama/Llama-3.1-8B,False,64,0,powerlaw_cluster,13.6875,True,29,False,average,1.0,normal,both,2500,250,Llama-3.1-8B-BluePrint,Llama-3.1-8B,True,0.040625,0.3666666666666667,-0.009375,0.0125,1.0,0.90625,-0.09375,0.0,0.4488644887230295,-0.04710465734018044,0.844513838965494,0.18493150684931506,0.8724454365610618,0.12583654410124548,-0.04710465734018044,0.13920454545454544,1.3441543579101562,26,0.5769230769230769,1.0689227764423077,,,11,True
visualizer_v2_e1_core_10375.json,e1_core,10375,9863865,375,10375,google/gemma-3-4b-pt,False,64,1,random,16.369230769230768,True,25,True,average,1.0,normal,both,2500,250,gemma-3-4b-pt-BluePrint,gemma-3-4b-pt,True,0.384375,0.4795607209527265,-0.015625,0.15625,0.796875,0.640625,-0.15625,0.7281342378690551,0.9421631690835512,0.021657799897030944,0.5205138571295692,0.4400785854616896,0.6115226533912868,0.404987453215164,-0.13465820063765663,0.8025568181818182,0.5986144325949929,246,0.8902439024390244,0.47198138973577236,,,11,True
visualizer_v2_e1_core_10376.json,e1_core,10376,9863912,376,10376,Qwen/Qwen2.5-7B-Instruct,False,64,1,random,16.584615384615386,False,25,False,uniform,1.0,normal,both,2500,250,Qwen2.5-7B-Instruct-BluePrint,Qwen2.5-7B-Instruct,True,0.15,0.4860662525879917,-0.003125,0.0578125,1.0,0.96875,-0.03125,0.0,0.20062232431271465,0.025411630341676976,0.9608403110047846,0.078125,0.9398028023142397,0.06072199496821448,0.025411630341676976,0.9247159090909091,1.0900488766756924,96,0.7395833333333334,0.6754061381022135,,,11,True
visualizer_v2_e1_core_10377.json,e1_core,10377,9863913,377,10377,meta-llama/Llama-3.1-8B,False,64,0,powerlaw_cluster,13.5625,True,25,True,distribution,0.5,normal,both,2500,250,Llama-3.1-8B-BluePrint,Llama-3.1-8B,True,0.2046875,0.4623160465265729,0.0015625,0.0703125,0.5625,0.578125,0.015625,0.9886994082884974,0.9823166080205502,0.11319004175042516,0.6090540413677072,0.42626728110599077,0.5399784825100055,0.41675206450814173,-0.07181744799188441,0.45738636363636365,0.5471689917824485,131,0.9007633587786259,0.43805537333015265,,,11,True
visualizer_v2_e1_core_10378.json,e1_core,10378,9864218,378,10378,google/gemma-3-4b-pt,False,256,4,random,15.246153846153845,False,25,False,distribution,1.0,normal,both,2500,250,gemma-3-4b-pt-BluePrint,gemma-3-4b-pt,True,0.3796875,0.5689849599017931,0.009375,0.151171875,0.65625,0.75,0.09375,0.9283620723948678,0.8112781244591328,0.0022880457548659764,0.640819976964508,0.3713527851458886,0.6212920103760481,0.327959297793434,-0.007271198198116932,0.6882102272727273,0.46114201979203656,972,0.9537037037037037,0.35759568704989714,,,11,True
visualizer_v2_e1_core_10379.json,e1_core,10379,9864219,379,10379,Qwen/Qwen2.5-7B-Instruct,False,64,4,random,14.970588235294118,True,29,False,distribution,0.5,normal,both,2500,250,Qwen2.5-7B-Instruct-BluePrint,Qwen2.5-7B-Instruct,True,0.13125,0.5450396825396825,0.021875,0.0484375,0.53125,0.75,0.21875,0.9971803988942641,0.8112781244591328,-0.09635362197587666,0.5608878621378621,0.43529411764705883,0.6116543832322727,0.3700520114027269,-0.24191802735901305,0.7514204545454546,1.5843125690113415,84,0.7380952380952381,0.7492428734188988,,,11,True
visualizer_v2_e1_core_10380.json,e1_core,10380,9864220,380,10380,marcelbinz/Llama-3.1-Minitaur-8B,False,256,0,random,16.171875,True,28,False,uniform,1.0,normal,both,2500,250,Llama-3.1-Minitaur-8B-BluePrint,Llama-3.1-Minitaur-8B,True,0.21015625,0.5127292420075238,-0.00390625,0.077734375,0.5625,0.5234375,-0.0390625,0.9886994082884974,0.9984144269374465,0.05487370669794332,0.544796713388141,0.47391304347826085,0.49726862498799945,0.4767456612845959,-0.1914097676348458,0.5174005681818182,0.4396847811612216,538,0.9851301115241635,0.2190213682039963,,,11,True
visualizer_v2_e1_core_10381.json,e1_core,10381,9864221,381,10381,google/gemma-3-4b-pt,False,1024,4,random,15.982490272373541,False,25,True,blueprint,0.0,normal,both,2500,250,gemma-3-4b-pt-BluePrint,gemma-3-4b-pt,True,0.223828125,0.4922198910873659,-0.0001953125,0.0884765625,0.515625,0.513671875,-0.001953125,0.9992954443621548,0.999460595178071,0.00306201225409663,0.5042700740092122,0.4978387056934667,0.5029990190871212,0.4423323088398419,-0.003933909167982471,0.7799183238636364,1.6218044654974206,2292,0.5357766143106457,1.2623629944486767,,,11,True
visualizer_v2_e1_core_10382.json,e1_core,10382,9864341,382,10382,google/gemma-3-4b-pt,False,64,0,powerlaw_cluster,13.75,False,25,False,blueprint,1.0,normal,both,2500,250,gemma-3-4b-pt-BluePrint,gemma-3-4b-pt,True,0.2859375,0.5713643790849673,0.0390625,0.1140625,0.5,0.890625,0.390625,1.0,0.4980278865344765,0.02101359703337365,0.8110905202690694,0.20454545454545456,0.7731628483597321,0.24009646244852967,0.0883547813093729,0.734375,0.5716989690607245,183,0.9344262295081968,0.40267727544398907,,,11,True
visualizer_v2_e1_core_10383.json,e1_core,10383,9864453,383,10383,google/gemma-3-4b-pt,False,256,0,powerlaw_cluster,15.34375,False,25,True,average,0.0,normal,both,2500,250,gemma-3-4b-pt-BluePrint,gemma-3-4b-pt,True,0.427734375,0.5413490833833715,-0.000390625,0.12734375,0.77734375,0.7734375,-0.00390625,0.7649881629079047,0.7719706699485864,-0.015858138576626754,0.6445971887229097,0.3630346232179226,0.64322626491027,0.3098294907741175,-0.0291742417542838,0.7531960227272727,0.7535347505049272,1095,0.776255707762557,0.699274768568065,,,11,True
visualizer_v2_e1_core_10384.json,e1_core,10384,9864489,384,10384,Qwen/Qwen2.5-7B-Instruct,False,256,4,random,16.723076923076924,True,29,False,average,0.0,normal,both,2500,250,Qwen2.5-7B-Instruct-BluePrint,Qwen2.5-7B-Instruct,True,0.172265625,0.5632769328819374,-0.022265625,0.0578125,0.7734375,0.55078125,-0.22265625,0.7719706699485864,0.9925464978639335,0.04698604425250254,0.510615523096908,0.47623666343355964,0.508163880778019,0.4460961576510102,0.041098140100196884,0.5099431818181818,1.1555243513800881,441,0.7233560090702947,0.7276805090525794,,,11,True
visualizer_v2_e1_core_10385.json,e1_core,10385,9864490,385,10385,google/gemma-3-4b-pt,False,1024,1,powerlaw_cluster,15.814634146341463,False,28,True,distribution,0.0,normal,both,2500,250,gemma-3-4b-pt-BluePrint,gemma-3-4b-pt,True,0.19228515625,0.5959422557594705,-0.00146484375,0.06416015625,0.7890625,0.7744140625,-0.0146484375,0.7432709194035553,0.7702368811129258,-0.009020882681933426,0.6460407872714017,0.3870110140524117,0.6653764433986566,0.31025041470434106,-0.005705829482503275,0.8117897727272727,1.5207026671110229,1969,0.6206196038598273,1.016175331107973,,,11,True
visualizer_v2_e1_core_10386.json,e1_core,10386,9864491,386,10386,google/gemma-3-4b-pt,False,256,4,random,16.1,True,29,False,distribution,1.0,normal,both,2500,250,gemma-3-4b-pt-BluePrint,gemma-3-4b-pt,True,0.174609375,0.5802288251610259,0.028515625,0.07734375,0.58203125,0.8671875,0.28515625,0.980495792602403,0.5651013322959568,-0.002912730378485373,0.783279952368311,0.22395571212883744,0.7217463562940826,0.24074205886648956,-0.24179160625749616,0.4094460227272727,1.18557730588046,447,0.8478747203579419,0.629146567393736,,,11,True
visualizer_v2_e1_core_10387.json,e1_core,10387,9864492,387,10387,marcelbinz/Llama-3.1-Minitaur-8B,False,256,0,powerlaw_cluster,15.375,False,28,False,distribution,0.0,normal,both,2500,250,Llama-3.1-Minitaur-8B-BluePrint,Llama-3.1-Minitaur-8B,True,0.153125,0.5555149884520009,0.02734375,0.05546875,0.5234375,0.796875,0.2734375,0.9984144269374465,0.7281342378690551,-0.012826479572143333,0.6674090746884587,0.32926829268292684,0.6773198232131743,0.29590076942145144,0.02844120539522029,0.7567471590909091,0.6183986663818359,392,0.9336734693877551,0.27253505161830355,,,11,True
visualizer_v2_e1_core_10388.json,e1_core,10388,9864493,388,10388,meta-llama/Llama-3.1-8B,False,64,1,powerlaw_cluster,13.569230769230769,False,29,True,uniform,1.0,normal,both,2500,250,Llama-3.1-8B-BluePrint,Llama-3.1-8B,True,0.140625,0.5033391608391609,0.0,0.0640625,0.953125,0.953125,0.0,0.2729708579140699,0.2729708579140699,-0.040128140279887245,0.9154444288082059,0.07788944723618091,0.836312214961677,0.15395045379272349,-0.01753955233427001,0.13920454545454544,1.2458357377485796,90,0.6888888888888889,0.8613932291666667,,,11,True
visualizer_v2_e1_core_10389.json,e1_core,10389,9864494,389,10389,google/gemma-3-4b-pt,False,256,1,random,16.03112840466926,False,25,True,average,1.0,normal,both,2500,250,gemma-3-4b-pt-BluePrint,gemma-3-4b-pt,True,0.283203125,0.5036641322739391,0.000390625,0.134375,0.77734375,0.78125,0.00390625,0.7649881629079047,0.7578784625383954,-0.008476249644816598,0.6734835666533615,0.3546483030004919,0.6247875496721135,0.3870381875927005,0.026949819524386704,0.7127130681818182,1.0681756260720165,725,0.7531034482758621,0.8248714473329741,,,11,True
visualizer_v2_e1_core_10390.json,e1_core,10390,9864539,390,10390,marcelbinz/Llama-3.1-Minitaur-8B,False,256,1,powerlaw_cluster,15.330739299610896,False,28,False,distribution,1.0,normal,both,2500,250,Llama-3.1-Minitaur-8B-BluePrint,Llama-3.1-Minitaur-8B,True,0.154296875,0.5383251522983208,0.023046875,0.053515625,0.5234375,0.75390625,0.23046875,0.9984144269374465,0.8050279555733038,-0.029887017043191407,0.6314458141133805,0.3551351351351351,0.5246112707723687,0.46121833813377056,-0.03318405404809342,0.7503551136363636,0.6233252612027255,395,0.9215189873417722,0.2989854257318038,,,11,True
visualizer_v2_e1_core_10391.json,e1_core,10391,9864540,391,10391,Qwen/Qwen2.5-7B-Instruct,False,64,0,powerlaw_cluster,13.53125,True,25,False,uniform,0.0,normal,both,2500,250,Qwen2.5-7B-Instruct-BluePrint,Qwen2.5-7B-Instruct,True,0.075,0.35694444444444445,-0.00625,0.0234375,1.0,0.9375,-0.0625,0.0,0.3372900666170139,-0.021099664887677404,0.9234314005447781,0.13163972286374134,0.893502929151325,0.0996588226700916,-0.021099664887677404,0.9502840909090909,1.0223539959300647,48,1.0,0.3499196370442708,,,11,True
visualizer_v2_e1_core_10392.json,e1_core,10392,9864541,392,10392,marcelbinz/Llama-3.1-Minitaur-8B,False,1024,4,random,15.82490272373541,False,25,True,uniform,0.0,normal,both,2500,250,Llama-3.1-Minitaur-8B-BluePrint,Llama-3.1-Minitaur-8B,True,0.115625,0.610340324748213,0.0224609375,0.054296875,0.5771484375,0.8017578125,0.224609375,0.9827576999984439,0.7183985085369448,0.010714483622965197,0.6762064752537952,0.32018474597428537,0.6844672800496443,0.30495233392547727,0.000902295113591153,0.7706853693181818,2.219939805937677,1184,0.6427364864864865,1.030152585055377,,,11,True
visualizer_v2_e1_core_10393.json,e1_core,10393,9864542,393,10393,Qwen/Qwen2.5-7B-Instruct,False,256,4,powerlaw_cluster,15.284615384615385,True,25,False,average,1.0,normal,both,2500,250,Qwen2.5-7B-Instruct-BluePrint,Qwen2.5-7B-Instruct,True,0.35625,0.6090683197440587,-0.0078125,0.1046875,1.0,0.921875,-0.078125,0.0,0.3955378064564774,0.0013748385958070027,0.8589533983508181,0.11549970077797726,0.810278507737151,0.14832322432824083,0.0013748385958070027,0.8185369318181818,0.7891987670551647,912,0.756578947368421,0.658930594461006,,,11,True
visualizer_v2_e1_core_10394.json,e1_core,10394,9864543,394,10394,Qwen/Qwen2.5-7B-Instruct,False,1024,4,powerlaw_cluster,15.805447470817121,True,28,False,average,0.0,normal,both,2500,250,Qwen2.5-7B-Instruct-BluePrint,Qwen2.5-7B-Instruct,True,0.0697265625,0.42174241022680503,-0.00625,0.022265625,1.0,0.9375,-0.0625,0.0,0.3372900666170139,0.0006196290186565122,0.8880637424702822,0.15508668189759442,0.8848049174065897,0.09973344149990701,0.0006196290186565122,0.955078125,0.6676848991350695,714,0.9453781512605042,0.32953786983543415,,,11,True
visualizer_v2_e1_core_10395.json,e1_core,10395,9864544,395,10395,marcelbinz/Llama-3.1-Minitaur-8B,False,256,1,powerlaw_cluster,15.385214007782102,True,25,True,average,0.5,normal,both,2500,250,Llama-3.1-Minitaur-8B-BluePrint,Llama-3.1-Minitaur-8B,True,0.367578125,0.5924179916623362,0.006640625,0.117578125,0.66796875,0.734375,0.06640625,0.916988243682839,0.8351164948421137,0.052506120843183665,0.6183613917481193,0.38118022328548645,0.6188316821462605,0.3403121282303272,-0.16402487716474629,0.7581676136363636,1.213720327751203,941,0.5642933049946866,1.0955573395132132,,,11,True
visualizer_v2_e1_core_10396.json,e1_core,10396,9864574,396,10396,Qwen/Qwen2.5-7B-Instruct,False,64,1,random,16.523076923076925,True,29,False,distribution,1.0,normal,both,2500,250,Qwen2.5-7B-Instruct-BluePrint,Qwen2.5-7B-Instruct,True,0.1984375,0.5668273528120076,0.0046875,0.0671875,0.53125,0.578125,0.046875,0.9971803988942641,0.9823166080205502,-0.007794586049569209,0.5183307948545132,0.49705304518664045,0.4813932572072482,0.5258519056047833,-0.10661709673820338,0.6477272727272727,1.2969314835288308,127,0.7086614173228346,0.7107236366572343,,,11,True
visualizer_v2_e1_core_10397.json,e1_core,10397,9864631,397,10397,marcelbinz/Llama-3.1-Minitaur-8B,False,64,0,powerlaw_cluster,13.71875,True,29,True,average,0.5,normal,both,2500,250,Llama-3.1-Minitaur-8B-BluePrint,Llama-3.1-Minitaur-8B,True,0.1171875,0.496959706959707,-0.0015625,0.034375,1.0,0.984375,-0.015625,0.0,0.11611507530476971,-0.014217167229430994,0.9663456492859807,0.029612756264236904,0.962442292918375,0.030511712796923395,-0.014217167229430994,0.3309659090909091,1.8846194527365945,75,0.5466666666666666,1.2619986979166666,,,11,True
visualizer_v2_e1_core_10398.json,e1_core,10398,9864675,398,10398,meta-llama/Llama-3.1-8B,False,1024,0,powerlaw_cluster,15.806640625,True,29,True,distribution,0.5,normal,both,2500,250,Llama-3.1-8B-BluePrint,Llama-3.1-8B,True,0.158984375,0.3801600871047814,-0.0423828125,0.04287109375,1.0,0.576171875,-0.423828125,0.0,0.9831931543086582,0.01568059235446072,0.5393339428929247,0.4837513900902014,0.5055776178735454,0.4242146913567138,0.01568059235446072,0.6245561079545454,2.0146661256016656,1628,0.42076167076167076,1.4624573686491946,,,11,True
visualizer_v2_e1_core_10399.json,e1_core,10399,9864676,399,10399,meta-llama/Llama-3.1-8B,False,256,0,random,15.578125,False,28,False,blueprint,1.0,normal,both,2500,250,Llama-3.1-8B-BluePrint,Llama-3.1-8B,True,0.3,0.4873958144456778,-0.0171875,0.11640625,0.84375,0.671875,-0.171875,0.6252624052234231,0.9129992135852474,0.039139286756460424,0.5491968407142219,0.43229689067201604,0.7072633231074273,0.27432174625371547,0.024328385142349453,0.47904829545454547,0.37375103343616833,768,0.9791666666666666,0.27550633748372394,,,11,True
visualizer_v2_e1_core_10400.json,e1_core,10400,9909420,400,10400,google/gemma-3-4b-pt,False,1024,0,powerlaw_cluster,15.798828125,False,28,False,distribution,0.0,normal,both,2500,250,gemma-3-4b-pt-BluePrint,gemma-3-4b-pt,True,0.29228515625,0.5458616076977115,-0.02587890625,0.08515625,0.7890625,0.5302734375,-0.2587890625,0.7432709194035553,0.9973539766883218,0.008286203648882773,0.5155782397821583,0.4922734577821733,0.49730012560459863,0.4503129118191035,0.014317562163703652,0.6403586647727273,0.290630730715665,2993,0.9959906448379552,0.20581242299741062,,,11,True
visualizer_v2_e1_core_10401.json,e1_core,10401,9864782,401,10401,meta-llama/Llama-3.1-8B,False,256,0,random,15.7109375,False,29,True,blueprint,0.5,normal,both,2500,250,Llama-3.1-8B-BluePrint,Llama-3.1-8B,True,0.354296875,0.46776295545755725,-0.025390625,0.122265625,0.99609375,0.7421875,-0.25390625,0.03687450625387198,0.8234274317947733,-0.0015387773843761146,0.5969893244417113,0.3823968175037295,0.6653876712981049,0.299660905173972,0.0015125972012084744,0.5255681818181818,1.2341216965155168,907,0.6229327453142227,1.0388061792611287,,,11,True
visualizer_v2_e1_core_10402.json,e1_core,10402,9864783,402,10402,marcelbinz/Llama-3.1-Minitaur-8B,False,256,1,random,15.665369649805447,True,25,True,uniform,0.5,normal,both,2500,250,Llama-3.1-Minitaur-8B-BluePrint,Llama-3.1-Minitaur-8B,True,0.34609375,0.6094168949316512,0.015625,0.12890625,0.56640625,0.72265625,0.15625,0.9872383624334873,0.8518061887486322,0.04796163069544386,0.6348509052954512,0.382367758186398,0.5972923434953357,0.38075419244500386,-0.22439115035890705,0.6942471590909091,1.1398002468049526,886,0.6749435665914221,0.9659161707617628,,,11,True
visualizer_v2_e1_core_10403.json,e1_core,10403,9864803,403,10403,google/gemma-3-4b-pt,False,256,4,random,15.461538461538462,True,28,True,average,0.0,normal,both,2500,250,gemma-3-4b-pt-BluePrint,gemma-3-4b-pt,True,0.45859375,0.569977107327422,0.00234375,0.159765625,0.59765625,0.62109375,0.0234375,0.9723051006568468,0.957265876631391,-0.01589985868106262,0.5292621698935652,0.4714510214772132,0.5212331407553951,0.43787382209660974,-0.10423034620622881,0.7510653409090909,0.6194365674799139,1174,0.8143100511073254,0.5660913002755005,,,11,True
visualizer_v2_e1_core_10404.json,e1_core,10404,9864804,404,10404,marcelbinz/Llama-3.1-Minitaur-8B,False,1024,4,random,16.103112840466927,True,29,False,blueprint,0.0,normal,both,2500,250,Llama-3.1-Minitaur-8B-BluePrint,Llama-3.1-Minitaur-8B,True,0.04970703125,0.4376811807980568,-0.00361328125,0.0212890625,1.0,0.9638671875,-0.0361328125,0.0,0.2242712232258441,-0.013933804447640374,0.927078531348528,0.07546245252970722,0.9221152558401438,0.07680925758006836,-0.013933804447640374,0.09872159090909091,1.6454011743718928,509,0.7170923379174853,0.7031173256385069,,,11,True
visualizer_v2_e1_core_10405.json,e1_core,10405,9864826,405,10405,meta-llama/Llama-3.1-8B,False,256,0,random,16.3046875,False,29,False,blueprint,0.5,normal,both,2500,250,Llama-3.1-8B-BluePrint,Llama-3.1-8B,True,0.137890625,0.4542261647357703,-0.005859375,0.062109375,0.99609375,0.9375,-0.05859375,0.03687450625387198,0.3372900666170139,0.013874256673747937,0.8628652110281633,0.12937230474365116,0.891588314344884,0.11432616810871,0.01478015031118758,0.14204545454545456,1.2432278719815342,353,0.8526912181303116,0.5615842997521246,,,11,True
visualizer_v2_e1_core_10406.json,e1_core,10406,9864827,406,10406,Qwen/Qwen2.5-7B-Instruct,False,64,4,powerlaw_cluster,13.764705882352942,True,25,False,average,0.5,normal,both,2500,250,Qwen2.5-7B-Instruct-BluePrint,Qwen2.5-7B-Instruct,True,0.378125,0.6211671074024016,-0.003125,0.1,1.0,0.96875,-0.03125,0.0,0.20062232431271465,0.0,0.9556247846039433,0.03987730061349693,0.931791651747576,0.06479917237518676,0.0,0.8196022727272727,0.8437925685535778,242,0.7933884297520661,0.6629161992348915,,,11,True
visualizer_v2_e1_core_10407.json,e1_core,10407,9864828,407,10407,meta-llama/Llama-3.1-8B,False,1024,4,random,15.828793774319067,False,28,True,uniform,1.0,normal,both,2500,250,Llama-3.1-8B-BluePrint,Llama-3.1-8B,True,0.3228515625,0.5589364845735978,0.00703125,0.13212890625,0.5517578125,0.6220703125,0.0703125,0.9922565478487513,0.9565666925926268,-0.012574432637516442,0.5179168458194439,0.4752055818589584,0.6131757510629544,0.32028609260694574,-0.0003056259696557744,0.7345525568181818,1.8254501678218895,3306,0.6584996975196612,0.9568696988400588,,,11,True
visualizer_v2_e1_core_10408.json,e1_core,10408,9864901,408,10408,marcelbinz/Llama-3.1-Minitaur-8B,False,64,1,powerlaw_cluster,13.661538461538461,False,25,False,blueprint,1.0,normal,both,2500,250,Llama-3.1-Minitaur-8B-BluePrint,Llama-3.1-Minitaur-8B,True,0.375,0.5870841497683603,-0.003125,0.0609375,0.640625,0.609375,-0.03125,0.9421631690835512,0.9652016987500656,0.02255268165480295,0.5579355873849252,0.5149253731343284,0.6050782610541025,0.3767856091473197,0.025713553389955256,0.5326704545454546,0.4999847412109375,240,0.9666666666666667,0.321527099609375,,,11,True
visualizer_v2_e1_core_10409.json,e1_core,10409,9864902,409,10409,Qwen/Qwen2.5-7B-Instruct,False,1024,0,powerlaw_cluster,15.802734375,True,25,True,distribution,0.5,normal,both,2500,250,Qwen2.5-7B-Instruct-BluePrint,Qwen2.5-7B-Instruct,True,0.22841796875,0.4466454167261687,-0.01865234375,0.0736328125,1.0,0.8134765625,-0.1865234375,0.0,0.6941418427106161,0.002792040165530027,0.7026230717101527,0.31009763935236684,0.7048166575244567,0.24814574229451475,0.002792040165530027,0.8856534090909091,2.2548059131738474,2339,0.45404018811457886,1.5848606275971908,,,11,True
visualizer_v2_e1_core_10410.json,e1_core,10410,9864926,410,10410,meta-llama/Llama-3.1-8B,False,64,1,powerlaw_cluster,13.753846153846155,True,25,True,uniform,1.0,normal,both,2500,250,Llama-3.1-8B-BluePrint,Llama-3.1-8B,True,0.234375,0.5375923259746789,0.01875,0.09375,0.546875,0.734375,0.1875,0.9936507116910405,0.8351164948421137,0.06427319353372728,0.6865124156463137,0.3497536945812808,0.6365873246188293,0.3472416292300257,0.020861810864098128,0.421875,0.6025326468727805,150,0.9,0.419501953125,,,11,True
visualizer_v2_e1_core_10411.json,e1_core,10411,9864927,411,10411,meta-llama/Llama-3.1-8B,False,256,0,powerlaw_cluster,15.296875,True,25,False,distribution,0.0,normal,both,2500,250,Llama-3.1-8B-BluePrint,Llama-3.1-8B,True,0.223828125,0.5634255685011771,0.036328125,0.06328125,0.55078125,0.9140625,0.36328125,0.9925464978639335,0.4227623437791517,0.03357706202439101,0.8469394790996452,0.14555669050051073,0.8338148135106116,0.14816864347883624,-0.11052931895323329,0.31001420454545453,0.5754450017755682,573,0.9581151832460733,0.37389987592713786,,,11,True
visualizer_v2_e1_core_10412.json,e1_core,10412,9864979,412,10412,Qwen/Qwen2.5-7B-Instruct,False,1024,1,random,16.532682926829267,False,29,False,uniform,0.5,normal,both,2500,250,Qwen2.5-7B-Instruct-BluePrint,Qwen2.5-7B-Instruct,True,0.14169921875,0.4903208309820185,-0.00087890625,0.05634765625,0.5244140625,0.515625,-0.0087890625,0.9982794894411453,0.9992954443621548,-0.0017914809288987388,0.49560877072546416,0.5001184553423359,0.5108800789166305,0.4400168503870391,-0.0017513097049642935,0.470703125,1.1308347501538016,1451,0.8035837353549277,0.604215236797898,,,11,True
visualizer_v2_e1_core_10413.json,e1_core,10413,9865068,413,10413,google/gemma-3-4b-pt,False,64,4,random,15.647058823529411,False,29,True,distribution,1.0,normal,both,2500,250,gemma-3-4b-pt-BluePrint,gemma-3-4b-pt,True,0.190625,0.5890202779676464,0.028125,0.084375,0.59375,0.875,0.28125,0.9744894033980523,0.5435644431995964,-0.021877467601838754,0.7588475150007657,0.22727272727272727,0.7283792240943543,0.2488363301601275,-0.07315372691966114,0.3991477272727273,1.084914120760831,122,0.8032786885245902,0.6873078893442623,,,11,True
visualizer_v2_e1_core_10414.json,e1_core,10414,9865088,414,10414,meta-llama/Llama-3.1-8B,False,1024,1,powerlaw_cluster,15.797073170731707,True,28,True,blueprint,1.0,normal,both,2500,250,Llama-3.1-8B-BluePrint,Llama-3.1-8B,True,0.2365234375,0.43723034895604423,-0.033203125,0.06591796875,0.841796875,0.509765625,-0.33203125,0.6299934771463752,0.9997248102609695,0.0010244108062836003,0.48696661915463263,0.4989863152559554,0.5233084028817436,0.44493374326178337,-0.005934930720269922,0.7302911931818182,1.992761947045272,2422,0.6717588769611891,0.9761864199902183,,,11,True
visualizer_v2_e1_core_10415.json,e1_core,10415,9865089,415,10415,meta-llama/Llama-3.1-8B,False,64,1,powerlaw_cluster,13.846153846153847,True,25,False,uniform,0.5,normal,both,2500,250,Llama-3.1-8B-BluePrint,Llama-3.1-8B,True,0.2671875,0.552934911422763,0.0328125,0.0921875,0.546875,0.875,0.328125,0.9936507116910405,0.5435644431995964,-0.009828009828009921,0.7931932624390189,0.1897810218978102,0.7705772441084333,0.23422716990130837,-0.03783635668634512,0.3465909090909091,0.5322255221280184,171,0.9590643274853801,0.3445438139619883,,,11,True
visualizer_v2_e1_core_10416.json,e1_core,10416,9865100,416,10416,Qwen/Qwen2.5-7B-Instruct,False,64,1,powerlaw_cluster,13.692307692307692,False,29,True,uniform,0.0,normal,both,2500,250,Qwen2.5-7B-Instruct-BluePrint,Qwen2.5-7B-Instruct,True,0.215625,0.6169350962075419,-0.009375,0.0640625,0.625,0.53125,-0.09375,0.954434002924965,0.9971803988942641,0.05603670355013613,0.5188551009629441,0.4691358024691358,0.5009189041570322,0.4911461922378233,0.07155151314110919,0.5198863636363636,1.08017128164118,138,0.7391304347826086,0.6957711482393569,,,11,True
visualizer_v2_e1_core_10417.json,e1_core,10417,9865101,417,10417,marcelbinz/Llama-3.1-Minitaur-8B,False,256,4,random,15.96923076923077,True,25,False,distribution,1.0,normal,both,2500,250,Llama-3.1-Minitaur-8B-BluePrint,Llama-3.1-Minitaur-8B,True,0.25078125,0.5447883755840858,-0.01328125,0.086328125,0.71875,0.5859375,-0.1328125,0.8571484374283717,0.9785844853199953,0.07983029660375392,0.5636729902471525,0.4440506329113924,0.5083867706519462,0.4165458686981213,-0.1560067099657198,0.6441761363636364,0.6637736233797941,642,0.9174454828660437,0.3989544924917251,,,11,True
visualizer_v2_e1_core_10418.json,e1_core,10418,9865123,418,10418,Qwen/Qwen2.5-7B-Instruct,False,64,1,random,15.2,True,28,True,blueprint,1.0,normal,both,2500,250,Qwen2.5-7B-Instruct-BluePrint,Qwen2.5-7B-Instruct,True,0.05,0.47142857142857136,0.0,0.025,1.0,1.0,0.0,0.0,0.0,0.0,1.0,0.0,1.0,0.0,0.0,0.9730113636363636,1.019982554695823,32,0.90625,0.4341392517089844,,,11,True
visualizer_v2_e1_core_10419.json,e1_core,10419,9865124,419,10419,meta-llama/Llama-3.1-8B,False,64,1,random,15.907692307692308,True,25,False,blueprint,0.5,normal,both,2500,250,Llama-3.1-8B-BluePrint,Llama-3.1-8B,True,0.315625,0.5822660427807487,0.0125,0.121875,0.609375,0.734375,0.125,0.9652016987500656,0.8351164948421137,-0.042573048321601296,0.5848992207981771,0.43204868154158216,0.5630939039837579,0.44098221067308563,-0.08559556543884575,0.6676136363636364,0.5358852039683949,202,0.9257425742574258,0.3689762530940594,,,11,True
visualizer_v2_e1_core_10420.json,e1_core,10420,9865237,420,10420,marcelbinz/Llama-3.1-Minitaur-8B,False,64,4,random,16.029411764705884,True,29,False,distribution,0.0,normal,both,2500,250,Llama-3.1-Minitaur-8B-BluePrint,Llama-3.1-Minitaur-8B,True,0.0890625,0.43285714285714283,-0.0046875,0.0390625,1.0,0.953125,-0.046875,0.0,0.2729708579140699,-0.030861551650234076,0.8879935638132357,0.08131868131868132,0.9084885395534014,0.09594218682581475,-0.030861551650234076,0.23579545454545456,2.0430464311079546,57,0.5964912280701754,0.9595840186403509,,,11,True
visualizer_v2_e1_core_10421.json,e1_core,10421,9865258,421,10421,meta-llama/Llama-3.1-8B,False,1024,1,random,16.11512195121951,False,25,True,distribution,0.0,normal,both,2500,250,Llama-3.1-8B-BluePrint,Llama-3.1-8B,True,0.14658203125,0.6204581711160297,0.03427734375,0.07080078125,0.5244140625,0.8671875,0.3427734375,0.9982794894411453,0.5651013322959568,0.0013434137961197575,0.7787362274409005,0.2236266407389402,0.7709533492057598,0.21773759349065544,-0.001495853979882678,0.7064098011363636,1.6643400278196416,1501,0.676215856095936,0.8765433157070092,,,11,True
visualizer_v2_e1_core_10422.json,e1_core,10422,9865280,422,10422,google/gemma-3-4b-pt,False,64,4,random,14.705882352941176,False,28,True,uniform,0.0,normal,both,2500,250,gemma-3-4b-pt-BluePrint,gemma-3-4b-pt,True,0.2546875,0.5325133818709671,0.0140625,0.090625,0.515625,0.65625,0.140625,0.9992954443621548,0.9283620723948678,-0.010196393590838142,0.5707976580857936,0.45823389021479716,0.5439662204132858,0.43330192845215015,0.01879829863763368,0.7556818181818182,0.5609883395108309,163,0.9386503067484663,0.38557143884202455,,,11,True
visualizer_v2_e1_core_10423.json,e1_core,10423,9865281,423,10423,marcelbinz/Llama-3.1-Minitaur-8B,False,64,0,random,15.125,False,29,True,distribution,0.5,normal,both,2500,250,Llama-3.1-Minitaur-8B-BluePrint,Llama-3.1-Minitaur-8B,True,0.0765625,0.5279166666666667,-0.0015625,0.0328125,1.0,0.984375,-0.015625,0.0,0.11611507530476971,-0.013400335008375583,0.9790460628695923,0.04132231404958678,0.9735117378947054,0.029931540584843427,-0.013400335008375583,0.3309659090909091,2.1736491810191763,49,0.3673469387755102,1.6098333864795917,,,11,True
visualizer_v2_e1_core_10424.json,e1_core,10424,9865282,424,10424,google/gemma-3-4b-pt,False,64,0,powerlaw_cluster,13.75,False,29,False,distribution,1.0,normal,both,2500,250,gemma-3-4b-pt-BluePrint,gemma-3-4b-pt,True,0.1703125,0.5903574203574203,0.0296875,0.0546875,0.59375,0.890625,0.296875,0.9744894033980523,0.4980278865344765,-0.05423907319641984,0.7966594808323829,0.20681818181818182,0.841447324763186,0.16098995561907342,-0.04418223017062168,0.4559659090909091,1.3538797551935369,109,0.8165137614678899,0.6760321100917431,,,11,True
visualizer_v2_e1_core_10425.json,e1_core,10425,9865283,425,10425,google/gemma-3-4b-pt,False,256,4,random,16.3,True,29,True,uniform,1.0,normal,both,2500,250,gemma-3-4b-pt-BluePrint,gemma-3-4b-pt,True,0.259375,0.5287321997595971,-0.00546875,0.09609375,0.60546875,0.55078125,-0.0546875,0.967661552439695,0.9925464978639335,0.02558716747110493,0.5164950079531352,0.48414271555996036,0.5737807373926064,0.3718115759770621,0.008077437858891048,0.6487926136363636,1.3567422113635323,664,0.5948795180722891,1.0408847303275603,,,11,True
visualizer_v2_e1_core_10426.json,e1_core,10426,9865311,426,10426,marcelbinz/Llama-3.1-Minitaur-8B,False,1024,4,powerlaw_cluster,15.80739299610895,True,29,True,distribution,1.0,normal,both,2500,250,Llama-3.1-Minitaur-8B-BluePrint,Llama-3.1-Minitaur-8B,True,0.200390625,0.47564094139276725,-0.0111328125,0.06865234375,1.0,0.888671875,-0.111328125,0.0,0.5039090326727599,0.020884784347983736,0.8155570413204991,0.18744104568117503,0.871140355953217,0.10448918696636379,0.020884784347983736,0.7238103693181818,3.991111687342213,2052,0.31676413255360625,1.9852619885701186,,,11,True
visualizer_v2_e1_core_10427.json,e1_core,10427,9865312,427,10427,google/gemma-3-4b-pt,False,256,4,random,16.130769230769232,True,25,True,blueprint,0.5,normal,both,2500,250,gemma-3-4b-pt-BluePrint,gemma-3-4b-pt,True,0.38125,0.5241396049142971,0.01796875,0.15546875,0.50390625,0.68359375,0.1796875,0.9999559719934967,0.9004304890456557,-0.00021258649184291198,0.5440102675145811,0.43843843843843844,0.5671046637228822,0.36056842848826065,-0.01669298431186937,0.6534090909090909,0.9761787598783319,976,0.6454918032786885,0.8991990011246478,,,11,True
visualizer_v2_e1_core_10428.json,e1_core,10428,9865395,428,10428,marcelbinz/Llama-3.1-Minitaur-8B,False,1024,4,random,15.892996108949417,True,28,False,average,0.5,normal,both,2500,250,Llama-3.1-Minitaur-8B-BluePrint,Llama-3.1-Minitaur-8B,True,0.15078125,0.5671065277986379,-0.0041015625,0.04853515625,0.7421875,0.701171875,-0.041015625,0.8234274317947733,0.8798536873545877,0.08822467119735498,0.6282572332336864,0.36255276881052895,0.5887508702724449,0.32753153421062214,-0.13186081901627894,0.6653941761363636,0.6062239950353449,1544,0.9669689119170984,0.25077329645502755,,,11,True
visualizer_v2_e1_core_10429.json,e1_core,10429,9865396,429,10429,marcelbinz/Llama-3.1-Minitaur-8B,False,64,1,powerlaw_cluster,13.753846153846155,True,29,True,distribution,0.0,normal,both,2500,250,Llama-3.1-Minitaur-8B-BluePrint,Llama-3.1-Minitaur-8B,True,0.0734375,0.4333333333333333,-0.0046875,0.028125,1.0,0.953125,-0.046875,0.0,0.2729708579140699,-0.05026648552617889,0.9453632790909006,0.12437810945273632,0.9110557112277077,0.08230168669514057,-0.05026648552617889,0.2869318181818182,2.202829187566584,47,0.3829787234042553,1.4124106549202127,,,11,True
visualizer_v2_e1_core_10430.json,e1_core,10430,9909421,430,10430,google/gemma-3-4b-pt,False,1024,1,random,15.814634146341463,False,25,False,average,1.0,normal,both,2500,250,gemma-3-4b-pt-BluePrint,gemma-3-4b-pt,True,0.19580078125,0.4969706848810165,-0.00595703125,0.07705078125,0.7470703125,0.6875,-0.0595703125,0.8158886340238983,0.8960382325345574,-0.006436773401724506,0.5692696474464242,0.43058823529411766,0.5772662539978914,0.39666078537945054,-0.0002983887532383763,0.7768110795454546,0.44230079650878906,2005,0.9755610972568578,0.3388905665523691,,,11,True
visualizer_v2_e1_core_10431.json,e1_core,10431,9865398,431,10431,google/gemma-3-4b-pt,False,256,1,powerlaw_cluster,15.385214007782102,False,29,True,distribution,0.5,normal,both,2500,250,gemma-3-4b-pt-BluePrint,gemma-3-4b-pt,True,0.331640625,0.5244885195373864,0.022265625,0.1171875,0.58203125,0.8046875,0.22265625,0.980495792602403,0.7124534449668779,0.03694893933329532,0.7249022072862189,0.2811181434599156,0.7289590575394767,0.24912206059052464,0.06157829802770495,0.4875710227272727,1.1153402436863293,849,0.6796230859835101,0.9300899438217756,,,11,True
visualizer_v2_e1_core_10432.json,e1_core,10432,9865417,432,10432,Qwen/Qwen2.5-7B-Instruct,False,256,1,random,15.821011673151752,True,25,True,distribution,0.0,normal,both,2500,250,Qwen2.5-7B-Instruct-BluePrint,Qwen2.5-7B-Instruct,True,0.2703125,0.46594149596095474,-0.01484375,0.112890625,1.0,0.8515625,-0.1484375,0.0,0.6059162956553664,-0.011491031390134587,0.7400838452234298,0.2603491271820449,0.746216417077204,0.2527234821093311,-0.011491031390134587,0.8863636363636364,1.1033103974028067,692,0.6864161849710982,0.8139830297128313,,,11,True
visualizer_v2_e1_core_10433.json,e1_core,10433,9865430,433,10433,google/gemma-3-4b-pt,False,64,4,random,16.235294117647058,True,28,True,blueprint,1.0,normal,both,2500,250,gemma-3-4b-pt-BluePrint,gemma-3-4b-pt,True,0.3484375,0.5699140786749483,0.0171875,0.1453125,0.53125,0.703125,0.171875,0.9971803988942641,0.877437311089633,-0.002765319638417236,0.5926122558069153,0.40086206896551724,0.5619306956895544,0.43212214727519577,0.12342756442888068,0.7315340909090909,0.5426261208274148,223,0.9103139013452914,0.4657600984445067,,,11,True
visualizer_v2_e1_core_10434.json,e1_core,10434,9865431,434,10434,meta-llama/Llama-3.1-8B,False,1024,0,powerlaw_cluster,15.81640625,False,25,False,blueprint,1.0,normal,both,2500,250,Llama-3.1-8B-BluePrint,Llama-3.1-8B,True,0.17724609375,0.5905517360965611,0.00419921875,0.05419921875,0.57421875,0.6162109375,0.0419921875,0.9840471637045681,0.9606742173616984,0.02354637305684377,0.5439384453396598,0.4598666337367251,0.561544835579642,0.4008833096029191,0.021886442589312778,0.5658735795454546,0.37861511924050073,1815,0.977961432506887,0.2790119770144628,,,11,True
visualizer_v2_e1_core_10435.json,e1_core,10435,9865450,435,10435,Qwen/Qwen2.5-7B-Instruct,False,64,1,powerlaw_cluster,13.446153846153846,True,28,True,uniform,0.5,normal,both,2500,250,Qwen2.5-7B-Instruct-BluePrint,Qwen2.5-7B-Instruct,True,0.1125,0.4441181041181041,-0.003125,0.0375,1.0,0.96875,-0.03125,0.0,0.20062232431271465,-0.012820512820513138,0.9033409315750287,0.04556962025316456,0.928534796358618,0.0868033374923558,-0.012820512820513138,0.9375,0.9750659465789795,72,0.8472222222222222,0.5776066250271268,,,11,True
visualizer_v2_e1_core_10436.json,e1_core,10436,9865460,436,10436,Qwen/Qwen2.5-7B-Instruct,False,64,4,random,16.38235294117647,True,25,False,blueprint,0.0,normal,both,2500,250,Qwen2.5-7B-Instruct-BluePrint,Qwen2.5-7B-Instruct,True,0.25625,0.45407101956014995,-0.028125,0.090625,1.0,0.71875,-0.28125,0.0,0.8571484374283717,-0.0009388831761078078,0.5868190618824493,0.41594827586206895,0.5923577675260469,0.3892510233667539,-0.0009388831761078078,0.8338068181818182,0.9116354855624113,164,0.7195121951219512,0.7406102622427592,,,11,True
visualizer_v2_e1_core_10437.json,e1_core,10437,9865461,437,10437,meta-llama/Llama-3.1-8B,False,256,4,powerlaw_cluster,15.423076923076923,False,28,True,average,1.0,normal,both,2500,250,Llama-3.1-8B-BluePrint,Llama-3.1-8B,True,0.23203125,0.5372783785634621,0.0171875,0.0859375,0.61328125,0.78515625,0.171875,0.9626493634223954,0.7506399446452308,0.003951799338920632,0.6774680766240387,0.37373737373737376,0.7243241100622514,0.22332703053796676,-0.0030595236035802827,0.6246448863636364,1.2870709929953923,594,0.6464646464646465,0.8971491855402989,,,11,True
visualizer_v2_e1_core_10438.json,e1_core,10438,9865477,438,10438,Qwen/Qwen2.5-7B-Instruct,False,256,1,random,16.27237354085603,True,25,False,blueprint,0.5,normal,both,2500,250,Qwen2.5-7B-Instruct-BluePrint,Qwen2.5-7B-Instruct,True,0.130078125,0.4954326497588708,-0.004296875,0.05546875,1.0,0.95703125,-0.04296875,0.0,0.2557420200756248,-0.0004792200280930698,0.9181547497816265,0.08527131782945736,0.9136727284055783,0.0742651699014573,-0.0004792200280930698,0.9215198863636364,1.16819889978929,333,0.7897897897897898,0.5949974632835962,,,11,True
visualizer_v2_e1_core_10439.json,e1_core,10439,9909422,439,10439,google/gemma-3-4b-pt,False,1024,1,random,15.91219512195122,True,28,False,blueprint,1.0,normal,both,2500,250,gemma-3-4b-pt-BluePrint,gemma-3-4b-pt,True,0.11572265625,0.524108725630757,0.00498046875,0.04873046875,0.5947265625,0.64453125,0.0498046875,0.9739518946365374,0.9388575093412463,0.0021466557627185944,0.544871896324976,0.448547513540128,0.5905403462302975,0.3898492546113078,0.024558630184697297,0.6860795454545454,0.4749623211947354,1185,0.9704641350210971,0.31290916732594937,,,11,True
visualizer_v2_e1_core_10440.json,e1_core,10440,9865491,440,10440,meta-llama/Llama-3.1-8B,False,64,1,powerlaw_cluster,13.6,True,25,True,average,1.0,normal,both,2500,250,Llama-3.1-8B-BluePrint,Llama-3.1-8B,True,0.25,0.49969881142249567,-0.00625,0.0734375,0.609375,0.546875,-0.0625,0.9652016987500656,0.9936507116910405,0.11253472135331949,0.5681377789184815,0.43672456575682383,0.5355142347465564,0.4557215334263625,-0.021380658095975474,0.5241477272727273,0.6244392503391613,160,0.8375,0.5553657531738281,,,11,True
visualizer_v2_e1_core_10441.json,e1_core,10441,9865492,441,10441,marcelbinz/Llama-3.1-Minitaur-8B,False,64,0,random,16.125,True,25,True,average,0.0,normal,both,2500,250,Llama-3.1-Minitaur-8B-BluePrint,Llama-3.1-Minitaur-8B,True,0.3140625,0.6133270109663298,0.0078125,0.109375,0.609375,0.6875,0.078125,0.9652016987500656,0.8960382325345574,-0.005508210351278456,0.569592434939531,0.436046511627907,0.5621205710071716,0.462248338586674,-0.19340965795936976,0.6803977272727273,0.7346246892755682,201,0.8308457711442786,0.563305906988495,,,11,True
visualizer_v2_e1_core_10442.json,e1_core,10442,9865493,442,10442,google/gemma-3-4b-pt,False,64,1,random,15.753846153846155,False,25,True,average,0.5,normal,both,2500,250,gemma-3-4b-pt-BluePrint,gemma-3-4b-pt,True,0.3171875,0.4890405721215316,-0.0140625,0.121875,0.796875,0.65625,-0.140625,0.7281342378690551,0.9283620723948678,0.01779467105387585,0.5912348422274893,0.4326530612244898,0.5894793788459167,0.4320860427401379,0.02206452587881162,0.7741477272727273,0.5950123180042614,203,0.9310344827586207,0.4836149168719212,,,11,True
visualizer_v2_e1_core_10443.json,e1_core,10443,9865509,443,10443,marcelbinz/Llama-3.1-Minitaur-8B,False,1024,4,random,15.992217898832685,False,28,True,blueprint,1.0,normal,both,2500,250,Llama-3.1-Minitaur-8B-BluePrint,Llama-3.1-Minitaur-8B,True,0.19052734375,0.520786287020545,0.00419921875,0.08330078125,0.720703125,0.7626953125,0.0419921875,0.8544909836023519,0.7905292647801849,0.005238964896526046,0.6316298664471491,0.35859770398716206,0.7095364580029396,0.2233637976568867,0.013486934244310921,0.7799183238636364,2.5580932088937103,1951,0.6355715017939518,0.998976029474756,,,11,True
visualizer_v2_e1_core_10444.json,e1_core,10444,9865526,444,10444,meta-llama/Llama-3.1-8B,False,64,1,random,16.43076923076923,False,28,True,blueprint,1.0,normal,both,2500,250,Llama-3.1-8B-BluePrint,Llama-3.1-8B,True,0.403125,0.4945355525700353,-0.01875,0.165625,0.828125,0.640625,-0.1875,0.6619760641115653,0.9421631690835512,0.015928688748973345,0.5181123983543339,0.444007858546169,0.6708274151164254,0.3509699398508296,0.0299171431847097,0.5340909090909091,0.48683617331764917,258,0.9031007751937985,0.43230302204457366,,,11,True
visualizer_v2_e1_core_10445.json,e1_core,10445,9865527,445,10445,google/gemma-3-4b-pt,False,64,4,random,15.735294117647058,False,29,False,average,0.5,normal,both,2500,250,gemma-3-4b-pt-BluePrint,gemma-3-4b-pt,True,0.1265625,0.5932534132534133,0.0421875,0.0609375,0.5625,0.984375,0.421875,0.9886994082884974,0.11611507530476971,-0.007823613086773765,0.9803291536050157,0.02981651376146789,0.981869962581545,0.018449315136413336,-0.05083968762788563,0.34801136363636365,1.4304358742453835,81,0.9012345679012346,0.4591230227623457,,,11,True
visualizer_v2_e1_core_10446.json,e1_core,10446,9865555,446,10446,meta-llama/Llama-3.1-8B,False,256,4,powerlaw_cluster,15.384615384615385,True,29,False,blueprint,1.0,normal,both,2500,250,Llama-3.1-8B-BluePrint,Llama-3.1-8B,True,0.1578125,0.4831411424626381,-0.00625,0.0609375,0.99609375,0.93359375,-0.0625,0.03687450625387198,0.35236704918494266,0.018032827716755195,0.8750623925783128,0.1144578313253012,0.8995259156652023,0.08252825413705081,0.019037852842402555,0.17649147727272727,1.1851092251864346,404,0.844059405940594,0.5259224164603961,,,11,True
visualizer_v2_e1_core_10447.json,e1_core,10447,9865556,447,10447,google/gemma-3-4b-pt,False,1024,0,random,15.837890625,False,25,False,distribution,0.0,normal,both,2500,250,gemma-3-4b-pt-BluePrint,gemma-3-4b-pt,True,0.30693359375,0.505435196973849,-0.00908203125,0.11875,0.6708984375,0.580078125,-0.0908203125,0.9140058089098427,0.9814174969930441,0.008791671819567273,0.514775520946692,0.4835368109507954,0.5146535127891995,0.4211477003561712,0.006329824068139294,0.6322798295454546,0.3448625694621693,3143,0.9856824689786828,0.2459964976734012,,,11,True
visualizer_v2_e1_core_10448.json,e1_core,10448,9865557,448,10448,meta-llama/Llama-3.1-8B,False,64,0,powerlaw_cluster,13.6875,True,28,True,average,0.0,normal,both,2500,250,Llama-3.1-8B-BluePrint,Llama-3.1-8B,True,0.2578125,0.5632383612259774,-0.0046875,0.0671875,0.578125,0.53125,-0.046875,0.9823166080205502,0.9971803988942641,0.06752959209741995,0.62171739416579,0.45662100456621,0.5146800649264377,0.4535974717049526,-0.1289489906515432,0.6107954545454546,0.8465451327237216,165,0.7757575757575758,0.6890920928030303,,,11,True
visualizer_v2_e1_core_10449.json,e1_core,10449,9865558,449,10449,google/gemma-3-4b-pt,False,64,4,random,16.5,False,28,False,uniform,1.0,normal,both,2500,250,gemma-3-4b-pt-BluePrint,gemma-3-4b-pt,True,0.2609375,0.5290102707749766,0.0140625,0.0796875,0.515625,0.65625,0.140625,0.9992954443621548,0.9283620723948678,-0.01774978528485565,0.504694380163447,0.47468354430379744,0.5336611646751551,0.44714572302832817,-0.004875833931507938,0.7372159090909091,0.5292174599387429,167,0.9341317365269461,0.3685353901571856,,,11,True
visualizer_v2_e1_core_10450.json,e1_core,10450,9865574,450,10450,Qwen/Qwen2.5-7B-Instruct,False,64,4,powerlaw_cluster,13.882352941176471,False,28,False,distribution,1.0,normal,both,2500,250,Qwen2.5-7B-Instruct-BluePrint,Qwen2.5-7B-Instruct,True,0.1796875,0.5235241882300706,-0.0015625,0.059375,1.0,0.984375,-0.015625,0.0,0.11611507530476971,-0.013445378151254725,0.9729026964321084,0.026865671641791045,0.9842924286214749,0.014049223038294107,-0.013445378151254725,0.9247159090909091,0.7116415717385032,115,0.8,0.5609316618546195,,,11,True
visualizer_v2_e1_core_10451.json,e1_core,10451,9909423,451,10451,google/gemma-3-4b-pt,False,1024,4,random,16.070038910505836,False,28,False,uniform,0.0,normal,both,2500,250,gemma-3-4b-pt-BluePrint,gemma-3-4b-pt,True,0.16103515625,0.5251969470750323,0.01826171875,0.06953125,0.5126953125,0.6953125,0.1826171875,0.9995349089317651,0.8869456102215854,0.014460802551156013,0.5776905183398687,0.4197788697788698,0.5741056520930532,0.3871133942216742,0.002958572327680613,0.7481356534090909,0.5088200352408669,1649,0.9805942995755003,0.2580523470664039,,,11,True
visualizer_v2_e1_core_10452.json,e1_core,10452,9865622,452,10452,meta-llama/Llama-3.1-8B,False,64,1,powerlaw_cluster,13.692307692307692,True,25,False,average,0.5,normal,both,2500,250,Llama-3.1-8B-BluePrint,Llama-3.1-8B,True,0.2515625,0.4607251082251082,-0.0078125,0.0671875,0.609375,0.53125,-0.078125,0.9652016987500656,0.9971803988942641,0.1715341959334566,0.6133266350018269,0.40987654320987654,0.5128474813001628,0.4601321799570488,-0.07155679750547245,0.42329545454545453,0.5475373701615767,161,0.968944099378882,0.4129979862189441,,,11,True
visualizer_v2_e1_core_10453.json,e1_core,10453,9865635,453,10453,marcelbinz/Llama-3.1-Minitaur-8B,False,256,0,random,16.3359375,False,25,True,blueprint,0.5,normal,both,2500,250,Llama-3.1-Minitaur-8B-BluePrint,Llama-3.1-Minitaur-8B,True,0.3625,0.5012213858237493,-0.01171875,0.14453125,0.72265625,0.60546875,-0.1171875,0.8518061887486322,0.967661552439695,-0.010368377791287893,0.5104354260800569,0.4815877570540411,0.5289381714767751,0.4405269940779369,0.0012268836727279478,0.6463068181818182,0.9395606219768524,928,0.6982758620689655,0.8696420459911741,,,11,True
visualizer_v2_e1_core_10454.json,e1_core,10454,9865661,454,10454,meta-llama/Llama-3.1-8B,False,256,1,powerlaw_cluster,15.408560311284047,True,28,True,distribution,0.0,normal,both,2500,250,Llama-3.1-8B-BluePrint,Llama-3.1-8B,True,0.165625,0.530493043833561,0.01484375,0.054296875,0.6953125,0.84375,0.1484375,0.8869456102215854,0.6252624052234231,-0.002928769165463256,0.737601007133403,0.28121664887940234,0.7403503771488285,0.23975827937505015,-0.23401458765597596,0.8529829545454546,1.1543318764729933,424,0.7688679245283019,0.7035476576607183,,,11,True
visualizer_v2_e1_core_10455.json,e1_core,10455,9865662,455,10455,Qwen/Qwen2.5-7B-Instruct,False,1024,1,powerlaw_cluster,15.779512195121951,True,28,False,blueprint,1.0,normal,both,2500,250,Qwen2.5-7B-Instruct-BluePrint,Qwen2.5-7B-Instruct,True,0.01787109375,0.49287322614352647,-0.00166015625,0.00595703125,1.0,0.9833984375,-0.0166015625,0.0,0.12190842569913289,-0.0067637128048382384,0.9654571379456772,0.03008759680081249,0.9373805313665572,0.0652240244769228,-0.0067637128048382384,0.9769176136363636,1.1616867956790058,183,0.8306010928961749,0.45045346119364754,,,11,True
visualizer_v2_e1_core_10456.json,e1_core,10456,9865680,456,10456,marcelbinz/Llama-3.1-Minitaur-8B,False,256,1,powerlaw_cluster,15.330739299610896,False,25,False,average,0.0,normal,both,2500,250,Llama-3.1-Minitaur-8B-BluePrint,Llama-3.1-Minitaur-8B,True,0.247265625,0.5476892661888652,-0.005859375,0.083203125,0.66796875,0.609375,-0.05859375,0.916988243682839,0.9652016987500656,0.005251734948152467,0.5456991826286225,0.4752,0.5293789681293384,0.42365123125820325,0.03625931657282816,0.6544744318181818,0.5758653554049405,633,0.9320695102685624,0.3643889464849921,,,11,True
visualizer_v2_e1_core_10457.json,e1_core,10457,9909436,457,10457,google/gemma-3-4b-pt,False,1024,0,random,16.1875,True,25,False,blueprint,0.0,normal,both,2500,250,gemma-3-4b-pt-BluePrint,gemma-3-4b-pt,True,0.175390625,0.5539743809967994,0.0275390625,0.080078125,0.515625,0.791015625,0.275390625,0.9992954443621548,0.7395369196434033,0.0018600246799277953,0.6904688391240527,0.3202220077220077,0.6626011981530364,0.3013153494453745,-0.030534315049085915,0.6678799715909091,0.5251013799147173,1796,0.9749443207126949,0.2830500613342149,,,11,True
visualizer_v2_e1_core_10458.json,e1_core,10458,9865692,458,10458,meta-llama/Llama-3.1-8B,False,1024,1,random,16.078048780487805,False,29,False,uniform,0.5,normal,both,2500,250,Llama-3.1-8B-BluePrint,Llama-3.1-8B,True,0.0548828125,0.49025331477741185,-0.00078125,0.02587890625,0.9619140625,0.9541015625,-0.0078125,0.23344638460526349,0.26871143681449094,0.02938100132212095,0.9170054431632705,0.0870995249116823,0.9001317913030314,0.10030664326339492,0.03765265460427138,0.09676846590909091,1.4468138434670188,562,0.8131672597864769,0.5613887691837188,,,11,True
visualizer_v2_e1_core_10459.json,e1_core,10459,9865714,459,10459,google/gemma-3-4b-pt,False,64,0,random,16.0625,False,29,True,average,0.5,normal,both,2500,250,gemma-3-4b-pt-BluePrint,gemma-3-4b-pt,True,0.06875,0.49642857142857144,0.040625,0.040625,0.5625,0.96875,0.40625,0.9886994082884974,0.20062232431271465,-0.03237979306147162,0.9469690479771126,0.06420233463035019,0.8880465065866138,0.12753553007828924,-0.019532624713915356,0.33238636363636365,1.5937264182350852,44,0.8409090909090909,0.6064009232954546,,,11,True
visualizer_v2_e1_core_10460.json,e1_core,10460,9865715,460,10460,google/gemma-3-4b-pt,False,256,4,powerlaw_cluster,15.376923076923077,False,28,True,distribution,0.0,normal,both,2500,250,gemma-3-4b-pt-BluePrint,gemma-3-4b-pt,True,0.438671875,0.5410962543764521,-0.012109375,0.12109375,0.8046875,0.68359375,-0.12109375,0.7124534449668779,0.9004304890456557,-0.03775793464686642,0.5649330590453554,0.4840649428743235,0.5644460309688537,0.3896749846519096,-0.03530920190064929,0.75390625,0.6181035150181163,1123,0.8299198575244879,0.5595009074291797,,,11,True
visualizer_v2_e1_core_10461.json,e1_core,10461,9865716,461,10461,google/gemma-3-4b-pt,False,256,0,powerlaw_cluster,15.359375,False,29,False,distribution,1.0,normal,both,2500,250,gemma-3-4b-pt-BluePrint,gemma-3-4b-pt,True,0.1078125,0.5917694567284246,0.0375,0.048828125,0.58203125,0.95703125,0.375,0.980495792602403,0.2557420200756248,0.01389826180531659,0.9210685098023477,0.05595116988809766,0.9672179072334063,0.028707114221924068,-0.0025642112682026895,0.3877840909090909,1.3924966291947798,276,0.8804347826086957,0.5831581889719203,,,11,True
visualizer_v2_e1_core_10462.json,e1_core,10462,9865726,462,10462,meta-llama/Llama-3.1-8B,False,256,4,random,16.115384615384617,False,28,False,blueprint,1.0,normal,both,2500,250,Llama-3.1-8B-BluePrint,Llama-3.1-8B,True,0.23984375,0.5073567360064932,0.0015625,0.105078125,0.84375,0.859375,0.015625,0.6252624052234231,0.5858732928619206,0.01905834961043702,0.7607577716365598,0.23053589484327602,0.7361364844151927,0.24361009775936798,0.006013117172188949,0.29723011363636365,0.6301668340509589,614,0.9201954397394136,0.42956065820948697,,,11,True
visualizer_v2_e1_core_10463.json,e1_core,10463,9865756,463,10463,google/gemma-3-4b-pt,False,1024,4,powerlaw_cluster,15.815175097276265,False,25,True,uniform,0.0,normal,both,2500,250,gemma-3-4b-pt-BluePrint,gemma-3-4b-pt,True,0.1919921875,0.5023974116267992,0.006640625,0.06220703125,0.51953125,0.5859375,0.06640625,0.9988990309438097,0.9785844853199953,-0.014817702611350606,0.5123296764901065,0.492170626349892,0.5206096842430834,0.44135305802472585,-0.021274756679042637,0.7933238636363636,1.6670769330283457,1966,0.5162767039674466,1.32959730627578,,,11,True
visualizer_v2_e1_core_10464.json,e1_core,10464,9865784,464,10464,marcelbinz/Llama-3.1-Minitaur-8B,False,256,0,random,16.015625,True,25,True,average,1.0,normal,both,2500,250,Llama-3.1-Minitaur-8B-BluePrint,Llama-3.1-Minitaur-8B,True,0.239453125,0.5076942353799934,0.007421875,0.100390625,0.66796875,0.7421875,0.07421875,0.916988243682839,0.8234274317947733,0.026936190644049583,0.622648990662311,0.38097560975609757,0.6975395424745718,0.2969886335366434,-0.21050339008845467,0.7439630681818182,1.8903554023497484,613,0.5008156606851549,1.2854581128131313,,,11,True
visualizer_v2_e1_core_10465.json,e1_core,10465,9865785,465,10465,google/gemma-3-4b-pt,False,64,1,powerlaw_cluster,13.538461538461538,False,28,True,average,0.5,normal,both,2500,250,gemma-3-4b-pt-BluePrint,gemma-3-4b-pt,True,0.365625,0.5345899209486167,0.021875,0.13125,0.515625,0.734375,0.21875,0.9992954443621548,0.8351164948421137,-0.01010101010100971,0.6244324316034842,0.3875,0.6378317356046131,0.34720019083071296,-0.05876365890312142,0.75,0.4221413352272727,234,0.9529914529914529,0.31895198985042733,,,11,True
visualizer_v2_e1_core_10466.json,e1_core,10466,9865786,466,10466,google/gemma-3-4b-pt,False,64,4,random,15.676470588235293,False,25,False,distribution,1.0,normal,both,2500,250,gemma-3-4b-pt-BluePrint,gemma-3-4b-pt,True,0.39375,0.5475212908201025,-0.003125,0.1703125,0.6875,0.65625,-0.03125,0.8960382325345574,0.9283620723948678,-0.04732298608936807,0.5520471331946742,0.47085201793721976,0.5963334405833709,0.37163200368994,-0.09038663880604111,0.7286931818181818,0.43154491077769885,252,0.9523809523809523,0.37628270709325395,,,11,True
visualizer_v2_e1_core_10467.json,e1_core,10467,9865787,467,10467,google/gemma-3-4b-pt,False,256,0,powerlaw_cluster,15.328125,True,28,False,blueprint,0.0,normal,both,2500,250,gemma-3-4b-pt-BluePrint,gemma-3-4b-pt,True,0.240234375,0.5227022707968308,0.010546875,0.0765625,0.55078125,0.65625,0.10546875,0.9925464978639335,0.9283620723948678,0.0005823248525660565,0.5658867787628677,0.4413863404689093,0.5454700958755471,0.4151773751074053,-0.02793011289862651,0.75,0.5078491731123491,615,0.9495934959349593,0.3769308943089431,,,11,True
visualizer_v2_e1_core_10468.json,e1_core,10468,9865806,468,10468,marcelbinz/Llama-3.1-Minitaur-8B,False,1024,4,powerlaw_cluster,15.79182879377432,True,29,False,uniform,0.5,normal,both,2500,250,Llama-3.1-Minitaur-8B-BluePrint,Llama-3.1-Minitaur-8B,True,0.052734375,0.4333914645461256,-0.0044921875,0.0173828125,1.0,0.955078125,-0.044921875,0.0,0.26442059519345,0.0008650560420435368,0.9121361812362937,0.07752043596730246,0.8980710101621147,0.10008620131780835,0.0008650560420435368,0.14089133522727273,1.756449894471602,540,0.7166666666666667,0.7135064019097223,,,11,True
visualizer_v2_e1_core_10469.json,e1_core,10469,9865807,469,10469,Qwen/Qwen2.5-7B-Instruct,False,64,0,random,17.0,True,29,True,blueprint,0.0,normal,both,2500,250,Qwen2.5-7B-Instruct-BluePrint,Qwen2.5-7B-Instruct,True,0.2078125,0.47903340620731927,-0.0140625,0.0875,0.796875,0.65625,-0.140625,0.7281342378690551,0.9283620723948678,0.03607855983561412,0.5881791683262273,0.4375,0.5570714415107387,0.4524734975951112,-0.018243376391816044,0.7173295454545454,0.9678922999988903,133,0.7293233082706767,0.6943010602678571,,,11,True
visualizer_v2_e1_core_10470.json,e1_core,10470,9865808,470,10470,Qwen/Qwen2.5-7B-Instruct,False,1024,0,powerlaw_cluster,15.802734375,True,28,True,average,0.0,normal,both,2500,250,Qwen2.5-7B-Instruct-BluePrint,Qwen2.5-7B-Instruct,True,0.23984375,0.44988129240280805,-0.015234375,0.08349609375,1.0,0.84765625,-0.15234375,0.0,0.6156745938434387,-0.01867363378434236,0.742405653631852,0.2706711160548758,0.7436424194248322,0.21896272996025326,-0.01867363378434236,0.8894708806818182,1.986552179378288,2456,0.48412052117263843,1.451786464705141,,,11,True
visualizer_v2_e1_core_10471.json,e1_core,10471,9865845,471,10471,meta-llama/Llama-3.1-8B,False,64,4,random,15.529411764705882,True,25,True,average,0.0,normal,both,2500,250,Llama-3.1-8B-BluePrint,Llama-3.1-8B,True,0.284375,0.5431855688470306,0.00625,0.109375,0.609375,0.671875,0.0625,0.9652016987500656,0.9129992135852474,0.023593252329833708,0.5803609571256629,0.41797752808988764,0.5630295618384097,0.4116173473756979,-0.14554355291072765,0.5269886363636364,0.6260230324485085,182,0.9065934065934066,0.4736489096840659,,,11,True
visualizer_v2_e1_core_10472.json,e1_core,10472,9865846,472,10472,Qwen/Qwen2.5-7B-Instruct,False,1024,4,random,16.147859922178988,True,25,False,average,1.0,normal,both,2500,250,Qwen2.5-7B-Instruct-BluePrint,Qwen2.5-7B-Instruct,True,0.22099609375,0.4991628267355184,-0.02373046875,0.07705078125,1.0,0.7626953125,-0.2373046875,0.0,0.7905292647801849,0.02641614611225417,0.6373500270780845,0.36485826001955035,0.7352687329118962,0.21820101200668263,0.02641614611225417,0.7934126420454546,0.7457811900160529,2263,0.799381352187362,0.6042891640184835,,,11,True
visualizer_v2_e1_core_10473.json,e1_core,10473,9909437,473,10473,google/gemma-3-4b-pt,False,1024,1,powerlaw_cluster,15.799024390243902,False,28,False,distribution,0.5,normal,both,2500,250,gemma-3-4b-pt-BluePrint,gemma-3-4b-pt,True,0.26728515625,0.5549603688943453,-0.02763671875,0.07646484375,0.7890625,0.5126953125,-0.2763671875,0.7432709194035553,0.9995349089317651,-0.0011389322805735371,0.4910073627686064,0.5002556237218814,0.503544148165245,0.4138825356936846,-0.02353826383567218,0.6378728693181818,0.2963385365226052,2737,0.9919620021921812,0.2093399265276763,,,11,True
visualizer_v2_e1_core_10474.json,e1_core,10474,9865858,474,10474,google/gemma-3-4b-pt,False,256,0,powerlaw_cluster,15.3359375,False,25,True,average,0.0,normal,both,2500,250,gemma-3-4b-pt-BluePrint,gemma-3-4b-pt,True,0.4484375,0.5448472271262924,-0.015625,0.138671875,0.77734375,0.62109375,-0.15625,0.7649881629079047,0.957265876631391,0.004726576422560476,0.5078699030097172,0.4630667345899134,0.5321254767094539,0.4144211574497339,0.031913571317731135,0.7563920454545454,0.6779426553032615,1148,0.8101045296167247,0.6430190880539526,,,11,True
visualizer_v2_e1_core_10475.json,e1_core,10475,9865874,475,10475,marcelbinz/Llama-3.1-Minitaur-8B,False,64,4,powerlaw_cluster,13.735294117647058,True,25,False,uniform,0.0,normal,both,2500,250,Llama-3.1-Minitaur-8B-BluePrint,Llama-3.1-Minitaur-8B,True,0.278125,0.5238230593534134,0.01875,0.090625,0.5,0.6875,0.1875,1.0,0.8960382325345574,-0.02119495706194051,0.6212679677265511,0.42592592592592593,0.5793905690814168,0.3611426711722625,-0.32698008102888265,0.4616477272727273,0.5018390308726918,178,0.9662921348314607,0.3169823121488764,,,11,True
visualizer_v2_e1_core_10476.json,e1_core,10476,9865875,476,10476,marcelbinz/Llama-3.1-Minitaur-8B,False,1024,1,random,15.791219512195122,False,28,False,uniform,1.0,normal,both,2500,250,Llama-3.1-Minitaur-8B-BluePrint,Llama-3.1-Minitaur-8B,True,0.13486328125,0.5127601207375387,-0.00556640625,0.0544921875,0.5634765625,0.5078125,-0.0556640625,0.9883425400806773,0.9998238825988729,-0.007311830787491744,0.499884390724751,0.5034713612695264,0.4982154862864569,0.43502709495809455,-0.019478380115583803,0.5023970170454546,0.4777548313140869,1381,0.9703113685734974,0.25299828023171617,,,11,True
visualizer_v2_e1_core_10477.json,e1_core,10477,9865876,477,10477,marcelbinz/Llama-3.1-Minitaur-8B,False,64,1,random,15.692307692307692,False,29,True,distribution,0.5,normal,both,2500,250,Llama-3.1-Minitaur-8B-BluePrint,Llama-3.1-Minitaur-8B,True,0.084375,0.38705128205128203,-0.003125,0.0390625,1.0,0.96875,-0.03125,0.0,0.20062232431271465,-0.030846063454761825,0.9445787733923326,0.05991735537190083,0.9161737130143733,0.09394785464053829,-0.030846063454761825,0.29545454545454547,2.178912943059748,54,0.5370370370370371,1.1848506221064814,,,11,True
visualizer_v2_e1_core_10478.json,e1_core,10478,9865893,478,10478,marcelbinz/Llama-3.1-Minitaur-8B,False,1024,1,powerlaw_cluster,15.802926829268293,False,25,False,average,1.0,normal,both,2500,250,Llama-3.1-Minitaur-8B-BluePrint,Llama-3.1-Minitaur-8B,True,0.12373046875,0.47085609671483875,-0.01181640625,0.0388671875,0.6787109375,0.560546875,-0.1181640625,0.9057777606948741,0.9893963750395396,0.006336210589159712,0.5235959255919376,0.48277615355281556,0.5181971546667399,0.4366230843075409,-0.00030006850457071476,0.66015625,0.6045941331169822,1267,0.909234411996843,0.3627730251393548,,,11,True
visualizer_v2_e1_core_10479.json,e1_core,10479,9865894,479,10479,marcelbinz/Llama-3.1-Minitaur-8B,False,256,0,random,16.109375,True,28,True,uniform,0.5,normal,both,2500,250,Llama-3.1-Minitaur-8B-BluePrint,Llama-3.1-Minitaur-8B,True,0.23125,0.5653607842899648,0.02890625,0.107421875,0.5625,0.8515625,0.2890625,0.9886994082884974,0.6059162956553664,-0.018971929288298404,0.755184547877473,0.23520853540252182,0.7331468512837395,0.25053405426469705,-0.2695896071665135,0.7311789772727273,1.2793872642584823,592,0.7111486486486487,0.8579348527096413,,,11,True
visualizer_v2_e1_core_10480.json,e1_core,10480,9865907,480,10480,marcelbinz/Llama-3.1-Minitaur-8B,False,1024,1,random,16.044878048780486,True,28,False,uniform,1.0,normal,both,2500,250,Llama-3.1-Minitaur-8B-BluePrint,Llama-3.1-Minitaur-8B,True,0.12822265625,0.5517913911684001,-0.00458984375,0.044921875,0.5634765625,0.517578125,-0.0458984375,0.9883425400806773,0.9991082581917692,0.03770592806824671,0.5155625156995857,0.48059555772516477,0.5085122326953774,0.43716235833768186,-0.22943194997102875,0.5267223011363636,0.4638841910795732,1313,0.9687738004569688,0.2508230681466584,,,11,True
visualizer_v2_e1_core_10481.json,e1_core,10481,9865908,481,10481,meta-llama/Llama-3.1-8B,False,1024,1,powerlaw_cluster,15.816585365853658,True,29,True,average,1.0,normal,both,2500,250,Llama-3.1-8B-BluePrint,Llama-3.1-8B,True,0.31826171875,0.4433317750418258,-0.04169921875,0.075390625,1.0,0.5830078125,-0.4169921875,0.0,0.9800264587372677,-0.01401170548799452,0.5107042697933168,0.4787932340318101,0.5023183904374576,0.4492402741194736,-0.01401170548799452,0.6004083806818182,2.2623346006836402,3259,0.4028843203436637,1.6015372503092773,,,11,True
visualizer_v2_e1_core_10482.json,e1_core,10482,9865920,482,10482,meta-llama/Llama-3.1-8B,False,1024,0,random,15.90234375,True,29,False,distribution,0.0,normal,both,2500,250,Llama-3.1-8B-BluePrint,Llama-3.1-8B,True,0.02470703125,0.4118445084327437,-0.00341796875,0.01005859375,1.0,0.9658203125,-0.0341796875,0.0,0.21493796627555237,-0.0014351087162576973,0.9372769581682708,0.06583149103414394,0.9262775073077297,0.07749812070682773,-0.0014351087162576973,0.04820667613636364,1.5742054852572354,253,0.6442687747035574,0.845019917243083,,,11,True
visualizer_v2_e1_core_10483.json,e1_core,10483,9865921,483,10483,meta-llama/Llama-3.1-8B,False,256,4,powerlaw_cluster,15.323076923076924,True,25,False,uniform,1.0,normal,both,2500,250,Llama-3.1-8B-BluePrint,Llama-3.1-8B,True,0.230859375,0.5439915182051116,0.027734375,0.083984375,0.54296875,0.8203125,0.27734375,0.9946660886725551,0.6793929348105143,-0.033836090260947325,0.6866240842903422,0.28769601930036187,0.7014275783918011,0.2423335401259623,-0.0163222747156462,0.46732954545454547,0.6412826884876598,591,0.8984771573604061,0.4470392475676819,,,11,True
visualizer_v2_e1_core_10484.json,e1_core,10484,9865930,484,10484,google/gemma-3-4b-pt,False,1024,1,powerlaw_cluster,15.808780487804878,True,28,False,uniform,0.5,normal,both,2500,250,gemma-3-4b-pt-BluePrint,gemma-3-4b-pt,True,0.15869140625,0.5195695835108098,0.01298828125,0.05576171875,0.5126953125,0.642578125,0.1298828125,0.9995349089317651,0.940522320381105,0.036629166142792935,0.5640912033393657,0.42735585471170945,0.5489988383191653,0.37891307645122807,0.006485740669855949,0.7395241477272727,0.4816126389936967,1625,0.9815384615384616,0.26578125,,,11,True
visualizer_v2_e1_core_10485.json,e1_core,10485,9865931,485,10485,meta-llama/Llama-3.1-8B,False,1024,1,random,15.966829268292683,False,28,False,blueprint,0.5,normal,both,2500,250,Llama-3.1-8B-BluePrint,Llama-3.1-8B,True,0.2078125,0.5197496986732043,0.0015625,0.08447265625,0.841796875,0.857421875,0.015625,0.6299934771463752,0.5909510690151104,0.01682925726496999,0.771149139447599,0.24175150251441188,0.7630341878666239,0.19870804931765212,0.034977784918942156,0.3264382102272727,0.5175910863009366,2128,0.9703947368421053,0.3098283351812148,,,11,True
visualizer_v2_e1_core_10486.json,e1_core,10486,9865945,486,10486,google/gemma-3-4b-pt,False,1024,4,random,16.11284046692607,True,25,False,distribution,1.0,normal,both,2500,250,gemma-3-4b-pt-BluePrint,gemma-3-4b-pt,True,0.2099609375,0.48309468777147047,-0.016015625,0.07802734375,0.6708984375,0.5107421875,-0.16015625,0.9140058089098427,0.999667015968799,-0.0010350477141470868,0.49963501655663906,0.5003059601028026,0.497447151968676,0.3956976677448654,-0.14312868388844388,0.6706321022727273,0.3438896265896884,2150,0.9883720930232558,0.2575529160610465,,,11,True
visualizer_v2_e1_core_10487.json,e1_core,10487,9865946,487,10487,meta-llama/Llama-3.1-8B,False,1024,4,powerlaw_cluster,15.801556420233464,False,25,False,uniform,0.0,normal,both,2500,250,Llama-3.1-8B-BluePrint,Llama-3.1-8B,True,0.194140625,0.5585200747648329,0.0259765625,0.0693359375,0.53125,0.791015625,0.259765625,0.9971803988942641,0.7395369196434033,-0.012154212583541123,0.6697958817490782,0.3270875763747454,0.6705593838914514,0.30829263349200364,-0.010168294547794702,0.36754261363636365,0.48157587918368255,1988,0.959758551307847,0.31053508551307846,,,11,True
visualizer_v2_e1_core_10488.json,e1_core,10488,9909438,488,10488,google/gemma-3-4b-pt,False,1024,4,powerlaw_cluster,15.801556420233464,False,28,False,distribution,0.0,normal,both,2500,250,gemma-3-4b-pt-BluePrint,gemma-3-4b-pt,True,0.29375,0.5473950742290676,-0.0279296875,0.08251953125,0.7890625,0.509765625,-0.279296875,0.7432709194035553,0.9997248102609695,0.010868710249519232,0.4767803896586729,0.494820395533432,0.4948364244250376,0.45216813534518296,0.02134728582508253,0.6216264204545454,0.29137273268266156,3008,0.9946808510638298,0.20352676066946476,,,11,True
visualizer_v2_e1_core_10489.json,e1_core,10489,9865948,489,10489,marcelbinz/Llama-3.1-Minitaur-8B,False,256,0,powerlaw_cluster,15.3359375,True,25,True,distribution,0.0,normal,both,2500,250,Llama-3.1-Minitaur-8B-BluePrint,Llama-3.1-Minitaur-8B,True,0.25,0.5241217959498508,0.01171875,0.0875,0.71875,0.8359375,0.1171875,0.8571484374283717,0.6439403638806509,0.03754080677699538,0.7600125565357659,0.26235354049923587,0.7245301325978235,0.2597826237216461,-0.19337493504486852,0.81640625,1.3876719129356472,640,0.6109375,1.0319324731826782,,,11,True
visualizer_v2_e1_core_10490.json,e1_core,10490,9865949,490,10490,Qwen/Qwen2.5-7B-Instruct,False,256,1,random,15.875486381322958,True,28,False,uniform,0.5,normal,both,2500,250,Qwen2.5-7B-Instruct-BluePrint,Qwen2.5-7B-Instruct,True,0.089453125,0.4992380787011517,-0.001171875,0.041015625,1.0,0.98828125,-0.01171875,0.0,0.09198335195381278,-0.010536879076765196,0.9824680537840399,0.024826216484607744,0.9869162782576676,0.009021132350677044,-0.010536879076765196,0.9541903409090909,0.8172827742316506,229,0.9039301310043668,0.41792264047147926,,,11,True
visualizer_v2_e1_core_10491.json,e1_core,10491,9909439,491,10491,google/gemma-3-4b-pt,False,1024,0,random,15.77734375,True,25,False,average,0.5,normal,both,2500,250,gemma-3-4b-pt-BluePrint,gemma-3-4b-pt,True,0.252734375,0.4927895487922257,-0.01015625,0.09267578125,0.7470703125,0.6455078125,-0.1015625,0.8158886340238983,0.938016099659139,0.01813882117825369,0.5531214824201273,0.44924486258974994,0.5628313945434549,0.38468121701458347,-0.1851813534640114,0.7650923295454546,0.3980612104589289,2588,0.9876352395672334,0.29109779133863023,,,11,True
visualizer_v2_e1_core_10492.json,e1_core,10492,9865962,492,10492,meta-llama/Llama-3.1-8B,False,64,0,powerlaw_cluster,13.59375,False,29,False,distribution,1.0,normal,both,2500,250,Llama-3.1-8B-BluePrint,Llama-3.1-8B,True,0.0359375,0.3533333333333333,-0.0015625,0.0140625,1.0,0.984375,-0.015625,0.0,0.11611507530476971,-0.016016016016014184,0.9596568592014266,0.03218390804597701,0.9824192132722892,0.022790601752018542,-0.016016016016014184,0.05397727272727273,1.4864092740145596,23,0.5217391304347826,0.9953719429347826,,,11,True
visualizer_v2_e1_core_10493.json,e1_core,10493,9865963,493,10493,marcelbinz/Llama-3.1-Minitaur-8B,False,64,4,random,17.176470588235293,False,25,False,blueprint,0.5,normal,both,2500,250,Llama-3.1-Minitaur-8B-BluePrint,Llama-3.1-Minitaur-8B,True,0.3328125,0.6078776051534671,0.0046875,0.115625,0.640625,0.6875,0.046875,0.9421631690835512,0.8960382325345574,0.015294974508375627,0.5699759667606128,0.42105263157894735,0.5484985330050023,0.42780719724620897,-0.014735055521654586,0.4616477272727273,0.5298642245205966,213,0.9061032863849765,0.3564659441021127,,,11,True
visualizer_v2_e1_core_10494.json,e1_core,10494,9865964,494,10494,Qwen/Qwen2.5-7B-Instruct,False,256,0,powerlaw_cluster,15.375,True,25,True,blueprint,0.5,normal,both,2500,250,Qwen2.5-7B-Instruct-BluePrint,Qwen2.5-7B-Instruct,True,0.041796875,0.4459090909090909,-0.000390625,0.01484375,1.0,0.99609375,-0.00390625,0.0,0.03687450625387198,-2.7311486405779823e-14,0.9938496215350436,0.0040650406504065045,0.9940344352617081,0.006275092384282236,-2.7311486405779823e-14,0.98046875,1.8765346016734838,107,0.6261682242990654,0.9519484511045652,,,11,True
visualizer_v2_e1_core_10495.json,e1_core,10495,9865997,495,10495,Qwen/Qwen2.5-7B-Instruct,False,1024,1,powerlaw_cluster,15.799024390243902,True,25,True,uniform,0.0,normal,both,2500,250,Qwen2.5-7B-Instruct-BluePrint,Qwen2.5-7B-Instruct,True,0.09951171875,0.44436979163586987,-0.00556640625,0.03662109375,1.0,0.9443359375,-0.0556640625,0.0,0.3099867854868206,-0.000636754082388385,0.8946327069776856,0.09697973747929145,0.9006607907331946,0.08822386526665668,-0.000636754082388385,0.9484197443181818,2.9489057979504154,1019,0.4111874386653582,1.761445339341393,,,11,True
visualizer_v2_e1_core_10496.json,e1_core,10496,9866013,496,10496,Qwen/Qwen2.5-7B-Instruct,False,64,0,powerlaw_cluster,13.40625,False,25,False,average,1.0,normal,both,2500,250,Qwen2.5-7B-Instruct-BluePrint,Qwen2.5-7B-Instruct,True,0.25625,0.42620471493553336,-0.025,0.0828125,1.0,0.75,-0.25,0.0,0.8112781244591328,0.0007617596648263381,0.6892293817790421,0.3706293706293706,0.7605516057171655,0.2478429504986673,0.0007617596648263381,0.7173295454545454,0.48545577309348364,164,0.9817073170731707,0.2902072813452744,,,11,True
visualizer_v2_e1_core_10497.json,e1_core,10497,9866014,497,10497,google/gemma-3-4b-pt,False,1024,1,powerlaw_cluster,15.791219512195122,False,28,True,blueprint,0.0,normal,both,2500,250,gemma-3-4b-pt-BluePrint,gemma-3-4b-pt,True,0.215625,0.5412950075164856,0.0158203125,0.07421875,0.5947265625,0.7529296875,0.158203125,0.9739518946365374,0.8066015723807111,-0.019546890283138014,0.6096947146268236,0.38579458354624424,0.6351314015412077,0.35158986998419184,-0.022863313697061908,0.7571910511363636,1.643930216468024,2208,0.5480072463768116,1.218226043642431,,,11,True
visualizer_v2_e1_core_10498.json,e1_core,10498,9866021,498,10498,Qwen/Qwen2.5-7B-Instruct,False,64,0,random,17.09375,False,28,False,average,0.0,normal,both,2500,250,Qwen2.5-7B-Instruct-BluePrint,Qwen2.5-7B-Instruct,True,0.0375,0.3416666666666667,0.0,0.0171875,1.0,1.0,0.0,0.0,0.0,0.0,1.0,0.0,1.0,0.0,0.0,0.9786931818181818,0.7312993136319247,24,0.9583333333333334,0.3232014973958333,,,11,True
visualizer_v2_e1_core_10499.json,e1_core,10499,9866022,499,10499,marcelbinz/Llama-3.1-Minitaur-8B,False,64,1,powerlaw_cluster,13.6,True,29,False,uniform,1.0,normal,both,2500,250,Llama-3.1-Minitaur-8B-BluePrint,Llama-3.1-Minitaur-8B,True,0.0546875,0.35416666666666663,-0.0109375,0.01875,1.0,0.890625,-0.109375,0.0,0.4980278865344765,-0.027777777777779063,0.8114730165344466,0.185,0.8760737959216213,0.13398981810337252,-0.027777777777779063,0.15198863636363635,1.7754447243430398,35,0.5428571428571428,1.016796875,,,11,True
visualizer_v2_e1_core_10500.json,e1_core,10500,9866037,500,10500,marcelbinz/Llama-3.1-Minitaur-8B,False,256,1,random,16.2568093385214,True,28,False,blueprint,1.0,normal,both,2500,250,Llama-3.1-Minitaur-8B-BluePrint,Llama-3.1-Minitaur-8B,True,0.289453125,0.5304340686427262,-0.001953125,0.107421875,0.6796875,0.66015625,-0.01953125,0.9047209661860878,0.924669105974498,0.003592202631036893,0.5503182673041793,0.4377120698012603,0.5917934294328273,0.3879237028266456,-0.22960869930984282,0.42542613636363635,0.3989853425459428,741,0.970310391363023,0.2725742767375169,,,11,True
visualizer_v2_e1_core_10501.json,e1_core,10501,9866042,501,10501,marcelbinz/Llama-3.1-Minitaur-8B,False,64,1,random,16.246153846153845,False,29,True,distribution,1.0,normal,both,2500,250,Llama-3.1-Minitaur-8B-BluePrint,Llama-3.1-Minitaur-8B,True,0.0828125,0.4038690476190476,-0.0015625,0.0328125,1.0,0.984375,-0.015625,0.0,0.11611507530476971,-0.006939810489790384,0.9301842216499883,0.02982107355864811,0.966021024391631,0.04532787207219685,-0.006939810489790384,0.3210227272727273,2.3749721321192654,53,0.49056603773584906,1.5654455940678436,,,11,True
visualizer_v2_e1_core_10502.json,e1_core,10502,9866043,502,10502,meta-llama/Llama-3.1-8B,False,64,0,powerlaw_cluster,13.46875,True,29,False,distribution,0.5,normal,both,2500,250,Llama-3.1-8B-BluePrint,Llama-3.1-8B,True,0.034375,0.32,-0.003125,0.0109375,1.0,0.96875,-0.03125,0.0,0.20062232431271465,-0.023119000928890302,0.9343386322978159,0.05336426914153132,0.9541079247306804,0.054331740609772375,-0.023119000928890302,0.06960227272727272,1.3589096069335938,22,0.6818181818181818,0.75,,,11,True
visualizer_v2_e1_core_10503.json,e1_core,10503,9866044,503,10503,Qwen/Qwen2.5-7B-Instruct,False,1024,0,random,15.9375,False,29,True,average,0.0,normal,both,2500,250,Qwen2.5-7B-Instruct-BluePrint,Qwen2.5-7B-Instruct,True,0.26513671875,0.5737824529981393,0.01103515625,0.11181640625,0.7578125,0.8681640625,0.1103515625,0.798659130358246,0.5624518380356175,0.0018952332590102638,0.7848262036268705,0.22156862745098038,0.7627826964169778,0.23606700647553217,-0.006153750425093352,0.8020241477272727,2.3079901080239904,2715,0.48471454880294657,1.4003390050505187,,,11,True
visualizer_v2_e1_core_10504.json,e1_core,10504,9866045,504,10504,Qwen/Qwen2.5-7B-Instruct,False,1024,0,powerlaw_cluster,15.818359375,True,29,True,blueprint,1.0,normal,both,2500,250,Qwen2.5-7B-Instruct-BluePrint,Qwen2.5-7B-Instruct,True,0.22939453125,0.5301175370445357,0.01689453125,0.0796875,0.744140625,0.9130859375,0.1689453125,0.8204336100852311,0.426084605399772,0.013162891954821933,0.8342406938878644,0.12248425731571799,0.684238584039457,0.2712522963947328,-0.08019788479185375,0.8647904829545454,2.7436898992481558,2349,0.4329501915708812,1.4263951483052961,,,11,True
visualizer_v2_e1_core_10505.json,e1_core,10505,9866046,505,10505,google/gemma-3-4b-pt,False,256,4,powerlaw_cluster,15.330769230769231,False,25,True,average,0.0,normal,both,2500,250,gemma-3-4b-pt-BluePrint,gemma-3-4b-pt,True,0.4125,0.4815137929195027,-0.01640625,0.132421875,0.77734375,0.61328125,-0.1640625,0.7649881629079047,0.9626493634223954,-0.008761456699210657,0.5587906611337379,0.47232472324723246,0.5257686676204271,0.4285118402745529,0.03871524830635581,0.7333096590909091,0.6619100028818304,1056,0.8267045454545454,0.6036723165801077,,,11,True
visualizer_v2_e1_core_10506.json,e1_core,10506,9866047,506,10506,google/gemma-3-4b-pt,False,1024,4,random,15.929961089494164,True,29,True,uniform,1.0,normal,both,2500,250,gemma-3-4b-pt-BluePrint,gemma-3-4b-pt,True,0.1685546875,0.537742483879033,0.012109375,0.0658203125,0.560546875,0.681640625,0.12109375,0.9893963750395396,0.9025884080335268,0.018625399077687066,0.569469822398922,0.42427244582043344,0.5000884750493557,0.4202233585600448,0.021999594281496157,0.7074751420454546,1.7375327165831218,1726,0.563731170336037,1.095048609918128,,,11,True
visualizer_v2_e1_core_10507.json,e1_core,10507,9866048,507,10507,Qwen/Qwen2.5-7B-Instruct,False,256,1,random,16.202334630350194,False,25,True,blueprint,1.0,normal,both,2500,250,Qwen2.5-7B-Instruct-BluePrint,Qwen2.5-7B-Instruct,True,0.0859375,0.4666428464105949,-0.0046875,0.036328125,1.0,0.953125,-0.046875,0.0,0.2729708579140699,-0.01607977759993235,0.9094139087387227,0.09157330735509012,0.9265431755261165,0.07079866882995814,-0.01607977759993235,0.94921875,1.985957545058971,220,0.6545454545454545,0.9176686547019265,,,11,True
visualizer_v2_e1_core_10508.json,e1_core,10508,9866049,508,10508,Qwen/Qwen2.5-7B-Instruct,False,1024,1,random,16.197073170731706,False,25,False,blueprint,1.0,normal,both,2500,250,Qwen2.5-7B-Instruct-BluePrint,Qwen2.5-7B-Instruct,True,0.05107421875,0.530011783452082,-0.00458984375,0.02119140625,1.0,0.9541015625,-0.0458984375,0.0,0.26871143681449094,-0.012809475505947281,0.9114214766454668,0.0922723424839763,0.9673369657402621,0.03483883247835036,-0.012809475505947281,0.9315518465909091,1.2259561636231162,523,0.7131931166347992,0.6746209109946373,,,11,True
visualizer_v2_e1_core_10509.json,e1_core,10509,9866050,509,10509,meta-llama/Llama-3.1-8B,False,64,4,powerlaw_cluster,13.970588235294118,True,28,True,uniform,0.5,normal,both,2500,250,Llama-3.1-8B-BluePrint,Llama-3.1-8B,True,0.271875,0.5747380952380953,0.0375,0.1015625,0.515625,0.890625,0.375,0.9992954443621548,0.4980278865344765,-0.07863182534753746,0.8033819938231703,0.19881305637982197,0.8188367083662073,0.16901871560760262,-0.10074867307746412,0.43607954545454547,0.6141903617165305,174,0.9022988505747126,0.474041818202227,,,11,True
visualizer_v2_e1_core_10510.json,e1_core,10510,9866051,510,10510,marcelbinz/Llama-3.1-Minitaur-8B,False,1024,0,powerlaw_cluster,15.822265625,True,29,True,uniform,0.5,normal,both,2500,250,Llama-3.1-Minitaur-8B-BluePrint,Llama-3.1-Minitaur-8B,True,0.14365234375,0.4771159015714178,-0.01826171875,0.046875,1.0,0.8173828125,-0.1826171875,0.0,0.6857691258753654,-0.0006974327908123096,0.7098652496331074,0.2921861498580422,0.7312735443791701,0.22436703313558476,-0.0006974327908123096,0.6548295454545454,3.0363208148734304,1471,0.36777702243371857,1.7905440943164943,,,11,True
visualizer_v2_e1_core_10511.json,e1_core,10511,9866052,511,10511,google/gemma-3-4b-pt,False,64,0,powerlaw_cluster,13.78125,True,29,False,average,1.0,normal,both,2500,250,gemma-3-4b-pt-BluePrint,gemma-3-4b-pt,True,0.075,0.47988505747126436,0.04375,0.015625,0.5625,1.0,0.4375,0.9886994082884974,0.0,0.0,1.0,0.0,1.0,0.0,-0.19369907314443927,0.4474431818181818,1.537044178355824,48,0.8958333333333334,0.4721272786458333,,,11,True
visualizer_v2_e1_core_10512.json,e1_core,10512,9866053,512,10512,google/gemma-3-4b-pt,False,64,1,random,16.06153846153846,False,28,False,uniform,0.5,normal,both,2500,250,gemma-3-4b-pt-BluePrint,gemma-3-4b-pt,True,0.2125,0.5095310816634345,0.009375,0.096875,0.515625,0.609375,0.09375,0.9992954443621548,0.9652016987500656,-0.051628847830318764,0.5057855993454371,0.49899799599198397,0.5137412956824038,0.4873126960526306,0.009230043937765872,0.7159090909090909,0.5258192582563921,136,0.9779411764705882,0.3366663315716912,,,11,True
visualizer_v2_e1_core_10513.json,e1_core,10513,9866054,513,10513,google/gemma-3-4b-pt,False,256,0,powerlaw_cluster,15.3515625,True,28,False,blueprint,0.5,normal,both,2500,250,gemma-3-4b-pt-BluePrint,gemma-3-4b-pt,True,0.1796875,0.5254648960287622,0.0125,0.066015625,0.55078125,0.67578125,0.125,0.9925464978639335,0.908910327410359,0.055030782384762354,0.5644698593502675,0.3597964376590331,0.5642320414177375,0.3927019674496996,-0.004905611646061903,0.7375710227272727,0.4615311189131303,460,0.9826086956521739,0.2861996858016304,,,11,True
visualizer_v2_e1_core_10514.json,e1_core,10514,9866055,514,10514,marcelbinz/Llama-3.1-Minitaur-8B,False,1024,1,random,16.374634146341464,True,28,False,distribution,0.0,normal,both,2500,250,Llama-3.1-Minitaur-8B-BluePrint,Llama-3.1-Minitaur-8B,True,0.1248046875,0.522416824469832,0.0234375,0.0462890625,0.5263671875,0.7607421875,0.234375,0.9979930635696015,0.7938038675530564,0.03446576521029369,0.672435910107911,0.331140875388663,0.6346947557030008,0.3170429682256848,-0.2351635950660628,0.7770774147727273,0.6259881583127108,1278,0.9804381846635368,0.20055426417008998,,,11,True
visualizer_v2_e1_core_10515.json,e1_core,10515,9866056,515,10515,Qwen/Qwen2.5-7B-Instruct,False,256,0,random,15.8984375,False,25,False,distribution,0.5,normal,both,2500,250,Qwen2.5-7B-Instruct-BluePrint,Qwen2.5-7B-Instruct,True,0.268359375,0.4788960925423501,-0.014453125,0.108984375,1.0,0.85546875,-0.14453125,0.0,0.5959838258557496,0.01815885939369939,0.7604377188092165,0.2515970515970516,0.7831156503624109,0.22904484303796935,0.01815885939369939,0.7737926136363636,0.5316552899100564,687,0.9286754002911208,0.35962589269468703,,,11,True
visualizer_v2_e1_core_10516.json,e1_core,10516,9866057,516,10516,marcelbinz/Llama-3.1-Minitaur-8B,False,256,1,powerlaw_cluster,15.29182879377432,False,25,False,average,1.0,normal,both,2500,250,Llama-3.1-Minitaur-8B-BluePrint,Llama-3.1-Minitaur-8B,True,0.22890625,0.536753683629704,-0.015625,0.069140625,0.66796875,0.51171875,-0.15625,0.916988243682839,0.9996037156868481,0.005316908404530016,0.5115993576238611,0.4978678038379531,0.5106244077754487,0.4648780825004414,0.017211512315926734,0.59765625,0.5653726404363458,586,0.947098976109215,0.35210452551727817,,,11,True
visualizer_v2_e1_core_10517.json,e1_core,10517,9866058,517,10517,meta-llama/Llama-3.1-8B,False,1024,1,random,15.898536585365854,False,25,False,blueprint,0.0,normal,both,2500,250,Llama-3.1-8B-BluePrint,Llama-3.1-8B,True,0.28974609375,0.5460216323808742,0.01650390625,0.11708984375,0.57421875,0.7392578125,0.1650390625,0.9840471637045681,0.8278642796095941,0.016814878602629972,0.627404721836838,0.37814194184327254,0.6080948215053007,0.35281364151460043,-0.008746847402070223,0.47505326704545453,0.4042376604947177,2967,0.9726996966632963,0.2920042011606842,,,11,True
visualizer_v2_e1_core_10518.json,e1_core,10518,9866059,518,10518,meta-llama/Llama-3.1-8B,False,256,4,random,16.26923076923077,True,28,True,average,1.0,normal,both,2500,250,Llama-3.1-8B-BluePrint,Llama-3.1-8B,True,0.219921875,0.5468541823048171,0.021484375,0.093359375,0.61328125,0.828125,0.21484375,0.9626493634223954,0.6619760641115653,0.025277130551436596,0.7179516191725944,0.2739043824701195,0.7562920008737076,0.2096319009291953,-0.11823436137940457,0.6626420454545454,1.2925744937224821,563,0.6838365896980462,0.8502859789778877,,,11,True
visualizer_v2_e1_core_10519.json,e1_core,10519,9866060,519,10519,marcelbinz/Llama-3.1-Minitaur-8B,False,256,1,random,15.867704280155642,False,28,True,uniform,0.5,normal,both,2500,250,Llama-3.1-Minitaur-8B-BluePrint,Llama-3.1-Minitaur-8B,True,0.236328125,0.5448180174130115,0.024609375,0.11015625,0.5625,0.80859375,0.24609375,0.9886994082884974,0.7044039743593534,0.03509859833198367,0.7131232107828999,0.288480635551142,0.6927461051209184,0.3025307531300409,0.06452457696056113,0.7911931818181818,1.3401930779218674,605,0.7024793388429752,0.8963994302040289,,,11,True
visualizer_v2_e1_core_10520.json,e1_core,10520,9866061,520,10520,Qwen/Qwen2.5-7B-Instruct,False,64,1,random,16.184615384615384,False,29,True,blueprint,1.0,normal,both,2500,250,Qwen2.5-7B-Instruct-BluePrint,Qwen2.5-7B-Instruct,True,0.203125,0.4944155844155844,-0.0125,0.0859375,0.796875,0.671875,-0.125,0.7281342378690551,0.9129992135852474,-0.02193731158972852,0.5366358852994633,0.4538152610441767,0.5020321492074449,0.49738554495312465,0.017507757776600772,0.7571022727272727,1.0816522802818904,130,0.6538461538461539,0.7691387469951924,,,11,True
visualizer_v2_e1_core_10521.json,e1_core,10521,9866077,521,10521,google/gemma-3-4b-pt,False,1024,1,random,15.970731707317073,True,29,True,average,0.0,normal,both,2500,250,gemma-3-4b-pt-BluePrint,gemma-3-4b-pt,True,0.22900390625,0.5640237933827762,0.01962890625,0.09150390625,0.5126953125,0.708984375,0.1962890625,0.9995349089317651,0.8700295850755477,-0.0031626743308906186,0.5955273929275329,0.4184649337910741,0.5879465549743419,0.35068508045802776,-0.27444584644580844,0.6947798295454546,1.123766178773208,2345,0.6336886993603411,0.9515493315674348,,,11,True
visualizer_v2_e1_core_10522.json,e1_core,10522,9866078,522,10522,meta-llama/Llama-3.1-8B,False,256,0,powerlaw_cluster,15.3515625,False,28,True,uniform,0.5,normal,both,2500,250,Llama-3.1-8B-BluePrint,Llama-3.1-8B,True,0.37890625,0.5467647022919624,0.0234375,0.128515625,0.5625,0.796875,0.234375,0.9886994082884974,0.7281342378690551,-0.018885426824917735,0.6732784857802719,0.332824427480916,0.6827668329956242,0.2746526182088452,0.012407625723793274,0.7244318181818182,0.8272758356549523,970,0.7649484536082474,0.6862807441003543,,,11,True
visualizer_v2_e1_core_10523.json,e1_core,10523,9866084,523,10523,google/gemma-3-4b-pt,False,64,4,powerlaw_cluster,13.764705882352942,False,28,True,distribution,0.5,normal,both,2500,250,gemma-3-4b-pt-BluePrint,gemma-3-4b-pt,True,0.4015625,0.5353898137321557,-0.0203125,0.109375,0.78125,0.578125,-0.203125,0.7578784625383954,0.9823166080205502,-0.010043620101902679,0.46740797553154534,0.4940119760479042,0.4920808645271392,0.4576161272146466,0.06857356450289387,0.7244318181818182,0.4015475186434659,257,0.9649805447470817,0.32745622568093385,,,11,True
visualizer_v2_e1_core_10524.json,e1_core,10524,9866085,524,10524,meta-llama/Llama-3.1-8B,False,256,4,random,15.961538461538462,True,28,True,blueprint,0.5,normal,both,2500,250,Llama-3.1-8B-BluePrint,Llama-3.1-8B,True,0.29609375,0.5588571992891157,-0.02109375,0.11328125,0.84375,0.6328125,-0.2109375,0.6252624052234231,0.9484880760741912,-0.006745699771735072,0.5525392382818548,0.46157760814249366,0.5289451035657832,0.4068318795723343,-0.028865800312345466,0.7233664772727273,1.2639093168757178,758,0.6820580474934037,0.9090013780820339,,,11,True
visualizer_v2_e1_core_10525.json,e1_core,10525,9866088,525,10525,meta-llama/Llama-3.1-8B,False,1024,4,random,15.924124513618677,False,25,True,uniform,0.0,normal,both,2500,250,Llama-3.1-8B-BluePrint,Llama-3.1-8B,True,0.25419921875,0.527866999783176,0.01416015625,0.1056640625,0.53125,0.6728515625,0.1416015625,0.9971803988942641,0.9119863773594952,0.02236267255978092,0.5625495515398501,0.43322596630327054,0.558758318909039,0.41064259239568685,0.03336781207820734,0.6987748579545454,1.466172315095636,2603,0.6373415290049942,1.0077482381784775,,,11,True
visualizer_v2_e1_core_10526.json,e1_core,10526,9866097,526,10526,Qwen/Qwen2.5-7B-Instruct,False,1024,4,random,15.698443579766536,False,29,False,blueprint,0.5,normal,both,2500,250,Qwen2.5-7B-Instruct-BluePrint,Qwen2.5-7B-Instruct,True,0.10380859375,0.5327400235470606,0.00791015625,0.05,0.744140625,0.8232421875,0.0791015625,0.8204336100852311,0.672932732796645,-0.002005984745836216,0.7016771979869421,0.2893081761006289,0.7086116130485821,0.24213427740112645,-0.004440069994197313,0.8028231534090909,1.0794360637664795,1063,0.8400752587017873,0.5436053989299153,,,11,True
visualizer_v2_e1_core_10527.json,e1_core,10527,9866098,527,10527,Qwen/Qwen2.5-7B-Instruct,False,256,4,powerlaw_cluster,15.323076923076924,True,25,True,average,0.0,normal,both,2500,250,Qwen2.5-7B-Instruct-BluePrint,Qwen2.5-7B-Instruct,True,0.3875,0.4748803445171232,-0.0203125,0.121875,1.0,0.796875,-0.203125,0.0,0.7281342378690551,-0.03734241362380699,0.6750395940044677,0.3547418967587035,0.6737834555328919,0.277739027529664,-0.03734241362380699,0.8167613636363636,0.9661363586783409,992,0.6995967741935484,0.8167036348773588,,,11,True
visualizer_v2_e1_core_10528.json,e1_core,10528,9866112,528,10528,google/gemma-3-4b-pt,False,1024,4,random,15.98443579766537,True,25,True,distribution,0.5,normal,both,2500,250,gemma-3-4b-pt-BluePrint,gemma-3-4b-pt,True,0.17001953125,0.5084262772198519,0.00400390625,0.07109375,0.6708984375,0.7109375,0.0400390625,0.9140058089098427,0.8675071344816212,0.0029915557906217763,0.6003778813931628,0.40886091571023075,0.5917172111100704,0.31570592901055317,-0.15911853540640983,0.7702414772727273,1.7872378931973467,1741,0.6105686387133831,1.0811875555311243,,,11,True
visualizer_v2_e1_core_10529.json,e1_core,10529,9866271,529,10529,google/gemma-3-4b-pt,False,64,4,powerlaw_cluster,13.882352941176471,True,29,True,distribution,1.0,normal,both,2500,250,gemma-3-4b-pt-BluePrint,gemma-3-4b-pt,True,0.2109375,0.5697096908939014,0.0328125,0.0671875,0.59375,0.921875,0.328125,0.9744894033980523,0.3955378064564774,0.06483925549915373,0.8633628838532317,0.12166172106824925,0.9113890529211449,0.07689646521999148,-0.22923299469378297,0.4375,1.1340873024680398,135,0.8444444444444444,0.673976417824074,,,11,True
visualizer_v2_e1_core_10530.json,e1_core,10530,9866272,530,10530,marcelbinz/Llama-3.1-Minitaur-8B,False,1024,0,random,16.15625,False,25,False,uniform,0.0,normal,both,2500,250,Llama-3.1-Minitaur-8B-BluePrint,Llama-3.1-Minitaur-8B,True,0.21220703125,0.5048344405925783,-0.00615234375,0.07998046875,0.5771484375,0.515625,-0.0615234375,0.9827576999984439,0.9992954443621548,-0.01151491182310054,0.4981733182802914,0.5051982591876208,0.5008832517129174,0.454025227512501,-0.01248565070538045,0.5415482954545454,0.4497859911485152,2173,0.9848136217211229,0.23557076100868615,,,11,True
visualizer_v2_e1_core_10531.json,e1_core,10531,9866293,531,10531,Qwen/Qwen2.5-7B-Instruct,False,64,0,powerlaw_cluster,13.75,True,25,True,average,0.5,normal,both,2500,250,Qwen2.5-7B-Instruct-BluePrint,Qwen2.5-7B-Instruct,True,0.1421875,0.4809722222222222,-0.0078125,0.053125,1.0,0.921875,-0.078125,0.0,0.3955378064564774,0.07533592307202448,0.8732407327793308,0.15,0.8945140854606684,0.09946863684857646,0.07533592307202448,0.9417613636363636,1.2060567790811711,91,0.7142857142857143,0.7311411427927541,,,11,True
visualizer_v2_e1_core_10532.json,e1_core,10532,9866300,532,10532,Qwen/Qwen2.5-7B-Instruct,False,1024,0,random,16.08984375,False,29,True,blueprint,0.0,normal,both,2500,250,Qwen2.5-7B-Instruct-BluePrint,Qwen2.5-7B-Instruct,True,0.0984375,0.5494328053069453,0.0212890625,0.05341796875,0.744140625,0.95703125,0.212890625,0.8204336100852311,0.2557420200756248,-0.0003642987249556771,0.9188718768818845,0.08205875212430201,0.9074991428308836,0.08386019127571516,-0.0020576539842056545,0.9369673295454546,2.4624113472686573,1008,0.49007936507936506,1.309217331901429,,,11,True
visualizer_v2_e1_core_10533.json,e1_core,10533,9866301,533,10533,meta-llama/Llama-3.1-8B,False,1024,1,random,15.970731707317073,False,28,False,blueprint,1.0,normal,both,2500,250,Llama-3.1-8B-BluePrint,Llama-3.1-8B,True,0.1794921875,0.4415268288153088,-0.02265625,0.06376953125,0.841796875,0.615234375,-0.2265625,0.6299934771463752,0.9613384097169942,-0.011433943908083099,0.525383521456287,0.47841550159430957,0.5531245804882751,0.4134393110244965,0.00154359501112648,0.4921875,0.37471525235609576,1838,0.9831338411316648,0.2694045306549238,,,11,True
visualizer_v2_e1_core_10534.json,e1_core,10534,9866312,534,10534,google/gemma-3-4b-pt,False,256,1,powerlaw_cluster,15.361867704280156,True,25,True,blueprint,1.0,normal,both,2500,250,gemma-3-4b-pt-BluePrint,gemma-3-4b-pt,True,0.268359375,0.5388532391823935,0.019140625,0.08984375,0.50390625,0.6953125,0.19140625,0.9999559719934967,0.8869456102215854,0.0003769432672666235,0.5626621919411572,0.4099147121535181,0.5728915091356274,0.3808090401342562,-0.07589823083399433,0.6480823863636364,1.2544189698316834,687,0.6273653566229985,1.064784776001865,,,11,True
visualizer_v2_e1_core_10535.json,e1_core,10535,9866313,535,10535,Qwen/Qwen2.5-7B-Instruct,False,256,1,powerlaw_cluster,15.268482490272374,False,28,True,distribution,0.0,normal,both,2500,250,Qwen2.5-7B-Instruct-BluePrint,Qwen2.5-7B-Instruct,True,0.221484375,0.43299261237469305,-0.011328125,0.07265625,1.0,0.88671875,-0.11328125,0.0,0.5097345489307138,0.004167856959734587,0.7754266918153229,0.15786637931034483,0.7958846374921984,0.1904033674280027,0.004167856959734587,0.9066051136363636,1.034096272154288,567,0.7107583774250441,0.7886554913125551,,,11,True
visualizer_v2_e1_core_10536.json,e1_core,10536,9866314,536,10536,meta-llama/Llama-3.1-8B,False,256,4,powerlaw_cluster,15.346153846153847,False,25,True,uniform,0.5,normal,both,2500,250,Llama-3.1-8B-BluePrint,Llama-3.1-8B,True,0.4390625,0.6030213250401888,0.009375,0.14765625,0.54296875,0.63671875,0.09375,0.9946660886725551,0.9453732087003415,0.03051893193677244,0.5366556673195797,0.44240992321323097,0.534088070580326,0.39825912165882804,0.025309609758419387,0.7262073863636364,0.8769335909323259,1124,0.6921708185053381,0.8398152144354009,,,11,True
visualizer_v2_e1_core_10537.json,e1_core,10537,9866335,537,10537,marcelbinz/Llama-3.1-Minitaur-8B,False,64,1,random,15.96923076923077,True,28,False,uniform,0.5,normal,both,2500,250,Llama-3.1-Minitaur-8B-BluePrint,Llama-3.1-Minitaur-8B,True,0.253125,0.5704699121027722,0.003125,0.0984375,0.59375,0.625,0.03125,0.9744894033980523,0.954434002924965,-0.0070321811680572706,0.49618316213530567,0.4788732394366197,0.5263925490317387,0.4834728687825387,-0.24529092128913021,0.47017045454545453,0.4939540516246449,162,0.9691358024691358,0.293310848283179,,,11,True
visualizer_v2_e1_core_10538.json,e1_core,10538,9866336,538,10538,meta-llama/Llama-3.1-8B,False,256,4,powerlaw_cluster,15.4,False,29,False,uniform,0.5,normal,both,2500,250,Llama-3.1-8B-BluePrint,Llama-3.1-8B,True,0.065625,0.5130956625074272,0.00234375,0.030078125,0.95703125,0.98046875,0.0234375,0.2557420200756248,0.13880049798406022,-0.025788625374163807,0.9636514515271793,0.053475935828877004,0.9571387178756492,0.03739127588051732,-0.05055351565629681,0.11434659090909091,1.4208436445756392,168,0.7797619047619048,0.6252935500372023,,,11,True
visualizer_v2_e1_core_10539.json,e1_core,10539,9866337,539,10539,marcelbinz/Llama-3.1-Minitaur-8B,False,64,4,random,16.235294117647058,False,25,True,blueprint,0.0,normal,both,2500,250,Llama-3.1-Minitaur-8B-BluePrint,Llama-3.1-Minitaur-8B,True,0.39375,0.5970927514711544,0.00625,0.1609375,0.640625,0.703125,0.0625,0.9421631690835512,0.877437311089633,0.08377500427423502,0.5547010785686368,0.3948497854077253,0.5750324057828515,0.43350860841503736,0.07072936442139606,0.4971590909090909,0.6266438310796564,252,0.8253968253968254,0.5043636503673735,,,11,True
visualizer_v2_e1_core_10540.json,e1_core,10540,9866338,540,10540,marcelbinz/Llama-3.1-Minitaur-8B,False,1024,1,random,16.037073170731706,False,29,True,distribution,1.0,normal,both,2500,250,Llama-3.1-Minitaur-8B-BluePrint,Llama-3.1-Minitaur-8B,True,0.2263671875,0.47190813585388386,-0.0162109375,0.08740234375,1.0,0.837890625,-0.162109375,0.0,0.639332052560352,0.01831701890857737,0.7419024259908905,0.27107256291228926,0.811853431233406,0.16774085391012328,0.01831701890857737,0.6828835227272727,3.80300334116063,2318,0.2981018119068162,2.017300300550831,,,11,True
visualizer_v2_e1_core_10541.json,e1_core,10541,9866339,541,10541,meta-llama/Llama-3.1-8B,False,256,0,random,15.7578125,True,28,True,blueprint,0.0,normal,both,2500,250,Llama-3.1-8B-BluePrint,Llama-3.1-8B,True,0.39453125,0.6095153395254054,-0.0234375,0.125390625,0.84375,0.609375,-0.234375,0.6252624052234231,0.9652016987500656,0.035724339019963344,0.53185059767393,0.46058502726822015,0.5297509368692812,0.43362253894139474,0.026145430709074123,0.6946022727272727,0.7826854965903542,1010,0.802970297029703,0.6356982844890935,,,11,True
visualizer_v2_e1_core_10542.json,e1_core,10542,9866340,542,10542,Qwen/Qwen2.5-7B-Instruct,False,1024,0,random,16.154296875,False,29,False,blueprint,0.5,normal,both,2500,250,Qwen2.5-7B-Instruct-BluePrint,Qwen2.5-7B-Instruct,True,0.11455078125,0.5373161505417293,0.00888671875,0.05595703125,0.744140625,0.8330078125,0.0888671875,0.8204336100852311,0.6507777075586034,0.011765273449840767,0.7358967161264104,0.27578285576109296,0.7226454851106751,0.25431086600050073,0.02681824077501129,0.8011363636363636,1.0286358486522327,1173,0.8491048593350383,0.5292959904325181,,,11,True
visualizer_v2_e1_core_10543.json,e1_core,10543,9866345,543,10543,marcelbinz/Llama-3.1-Minitaur-8B,False,1024,4,powerlaw_cluster,15.79182879377432,True,28,True,blueprint,1.0,normal,both,2500,250,Llama-3.1-Minitaur-8B-BluePrint,Llama-3.1-Minitaur-8B,True,0.19716796875,0.5271932216896762,0.00498046875,0.0583984375,0.720703125,0.7705078125,0.0498046875,0.8544909836023519,0.7771250214224671,0.08251479704052261,0.705988951031499,0.26732673267326734,0.7482635516966287,0.19103243643981133,-0.13610899384683742,0.7809836647727273,2.555655249225145,2019,0.6275383853392769,1.0393468456258863,,,11,True
visualizer_v2_e1_core_10544.json,e1_core,10544,9866346,544,10544,meta-llama/Llama-3.1-8B,False,256,0,random,16.1796875,False,28,True,uniform,0.0,normal,both,2500,250,Llama-3.1-8B-BluePrint,Llama-3.1-8B,True,0.397265625,0.5419305112651078,0.016796875,0.165234375,0.5625,0.73046875,0.16796875,0.9886994082884974,0.840791205012962,-0.00010327080950814397,0.5810113920628102,0.3973925639787542,0.60487281878143,0.3650629938699075,0.012635691663160116,0.7137784090909091,0.6931476538831537,1017,0.8308751229105211,0.6015172787706643,,,11,True
visualizer_v2_e1_core_10545.json,e1_core,10545,9866353,545,10545,google/gemma-3-4b-pt,False,256,0,powerlaw_cluster,15.34375,False,28,False,blueprint,0.5,normal,both,2500,250,gemma-3-4b-pt-BluePrint,gemma-3-4b-pt,True,0.221875,0.5227218497085491,0.01015625,0.087109375,0.55078125,0.65234375,0.1015625,0.9925464978639335,0.9319574523469683,0.03276855741698633,0.5468574641856451,0.4108961303462322,0.5362536762901638,0.414014167345857,0.051771420202243776,0.7585227272727273,0.5084958509965376,568,0.9700704225352113,0.3641211281360035,,,11,True
visualizer_v2_e1_core_10546.json,e1_core,10546,9866354,546,10546,Qwen/Qwen2.5-7B-Instruct,False,64,4,powerlaw_cluster,13.764705882352942,True,28,False,blueprint,0.0,normal,both,2500,250,Qwen2.5-7B-Instruct-BluePrint,Qwen2.5-7B-Instruct,True,0.1375,0.4397871572871573,-0.0125,0.0546875,1.0,0.875,-0.125,0.0,0.5435644431995964,-0.007469118069519901,0.7316616716616715,0.18862275449101795,0.7728943424002592,0.22789079316380956,-0.007469118069519901,0.9119318181818182,0.8791457089510831,88,0.875,0.5141698663884943,,,11,True
visualizer_v2_e1_core_10547.json,e1_core,10547,9866424,547,10547,Qwen/Qwen2.5-7B-Instruct,False,64,1,powerlaw_cluster,13.723076923076922,True,28,False,blueprint,0.5,normal,both,2500,250,Qwen2.5-7B-Instruct-BluePrint,Qwen2.5-7B-Instruct,True,0.05,0.5194444444444445,0.0,0.0171875,1.0,1.0,0.0,0.0,0.0,0.0,1.0,0.0,1.0,0.0,0.0,0.9730113636363636,0.9640256708318536,32,0.78125,0.5264358520507812,,,11,True
visualizer_v2_e1_core_10548.json,e1_core,10548,9866425,548,10548,Qwen/Qwen2.5-7B-Instruct,False,1024,4,powerlaw_cluster,15.780155642023347,False,25,False,distribution,1.0,normal,both,2500,250,Qwen2.5-7B-Instruct-BluePrint,Qwen2.5-7B-Instruct,True,0.22685546875,0.4871088850819215,-0.02900390625,0.0625,1.0,0.7099609375,-0.2900390625,0.0,0.8687717006080348,-0.0033114153903333002,0.592255866783702,0.412957129160389,0.7062588536577399,0.2429319536822868,-0.0033114153903333002,0.7771661931818182,0.7112481282515959,2323,0.8037021093413689,0.588703288531129,,,11,True
visualizer_v2_e1_core_10549.json,e1_core,10549,9866468,549,10549,Qwen/Qwen2.5-7B-Instruct,False,64,1,random,16.43076923076923,False,25,False,average,0.5,normal,both,2500,250,Qwen2.5-7B-Instruct-BluePrint,Qwen2.5-7B-Instruct,True,0.3234375,0.4722639993797489,-0.0265625,0.0953125,1.0,0.734375,-0.265625,0.0,0.8351164948421137,-0.0258363891974794,0.5980539377346652,0.4027504911591356,0.5651451894094237,0.4423150749074678,-0.0258363891974794,0.8252840909090909,0.8050088015469637,207,0.7391304347826086,0.7095328068387681,,,11,True
visualizer_v2_e1_core_10550.json,e1_core,10550,9866483,550,10550,marcelbinz/Llama-3.1-Minitaur-8B,False,1024,1,powerlaw_cluster,15.806829268292683,False,29,True,average,0.5,normal,both,2500,250,Llama-3.1-Minitaur-8B-BluePrint,Llama-3.1-Minitaur-8B,True,0.16708984375,0.4456353481400491,-0.02529296875,0.0513671875,1.0,0.7470703125,-0.2529296875,0.0,0.8158886340238983,-0.006557769040687054,0.6251280575831173,0.3912110114913499,0.6216416071906904,0.33349632950264213,-0.006557769040687054,0.6629083806818182,3.3859576290812003,1711,0.43132670952659263,1.8295161524827825,,,11,True
visualizer_v2_e1_core_10551.json,e1_core,10551,9866484,551,10551,meta-llama/Llama-3.1-8B,False,64,4,random,15.941176470588236,True,25,False,average,0.0,normal,both,2500,250,Llama-3.1-8B-BluePrint,Llama-3.1-8B,True,0.259375,0.5442167116509221,0.003125,0.0875,0.609375,0.640625,0.03125,0.9652016987500656,0.9421631690835512,0.11566369587506896,0.5700712188000324,0.42391304347826086,0.5400837072786789,0.45502889828542903,-0.1065585263471532,0.44176136363636365,0.5813841386274858,166,0.9216867469879518,0.42222797439759036,,,11,True
visualizer_v2_e1_core_10552.json,e1_core,10552,9866485,552,10552,marcelbinz/Llama-3.1-Minitaur-8B,False,256,0,powerlaw_cluster,15.4140625,False,29,False,uniform,0.0,normal,both,2500,250,Llama-3.1-Minitaur-8B-BluePrint,Llama-3.1-Minitaur-8B,True,0.084375,0.4385719696017179,-0.00390625,0.033203125,1.0,0.9609375,-0.0390625,0.0,0.23797715131903663,-0.006128571362941601,0.9206402236910535,0.05625950329447542,0.9184444359710291,0.08733290166215492,-0.006128571362941601,0.15376420454545456,1.682802980596369,216,0.6759259259259259,0.7805582682291666,,,11,True
visualizer_v2_e1_core_10553.json,e1_core,10553,9866486,553,10553,Qwen/Qwen2.5-7B-Instruct,False,256,1,powerlaw_cluster,15.400778210116732,False,28,True,average,0.5,normal,both,2500,250,Qwen2.5-7B-Instruct-BluePrint,Qwen2.5-7B-Instruct,True,0.2671875,0.46463676851699304,-0.0078125,0.09140625,1.0,0.921875,-0.078125,0.0,0.3955378064564774,0.03313763733840423,0.8424569768282539,0.11069915254237288,0.8406619865213866,0.16136095226280217,0.03313763733840423,0.8874289772727273,0.9779345601458441,684,0.716374269005848,0.7701000247085303,,,11,True
visualizer_v2_e1_core_10554.json,e1_core,10554,9866487,554,10554,Qwen/Qwen2.5-7B-Instruct,False,256,4,powerlaw_cluster,15.307692307692308,False,28,True,blueprint,0.5,normal,both,2500,250,Qwen2.5-7B-Instruct-BluePrint,Qwen2.5-7B-Instruct,True,0.07421875,0.47260631181683815,-0.00234375,0.0296875,1.0,0.9765625,-0.0234375,0.0,0.16032872589902855,-0.0087039592399981,0.9570329933281018,0.06082289803220036,0.9554872593427501,0.03500264761066811,-0.0087039592399981,0.9627130681818182,1.3891642997888,190,0.7631578947368421,0.6371867531224301,,,11,True
visualizer_v2_e1_core_10555.json,e1_core,10555,9866497,555,10555,meta-llama/Llama-3.1-8B,False,64,1,random,15.784615384615385,False,28,False,blueprint,0.0,normal,both,2500,250,Llama-3.1-8B-BluePrint,Llama-3.1-8B,True,0.2890625,0.5324633407732986,-0.0015625,0.1203125,0.828125,0.8125,-0.015625,0.6619760641115653,0.6962122601251458,-0.03683061443120036,0.6614117565967661,0.32238193018480493,0.6785585368258975,0.3376180912902551,-0.0569513387772769,0.3622159090909091,0.606993935324929,185,0.918918918918919,0.4181297508445946,,,11,True
visualizer_v2_e1_core_10556.json,e1_core,10556,9866498,556,10556,Qwen/Qwen2.5-7B-Instruct,False,64,4,powerlaw_cluster,13.676470588235293,True,28,False,uniform,1.0,normal,both,2500,250,Qwen2.5-7B-Instruct-BluePrint,Qwen2.5-7B-Instruct,True,0.15625,0.549746963562753,0.0,0.0515625,1.0,1.0,0.0,0.0,0.0,0.0,1.0,0.0,1.0,0.0,0.0,0.9318181818181818,0.8711010759527033,100,0.81,0.5797039794921875,,,11,True
visualizer_v2_e1_core_10557.json,e1_core,10557,9866504,557,10557,Qwen/Qwen2.5-7B-Instruct,False,256,0,random,15.859375,False,28,False,distribution,0.0,normal,both,2500,250,Qwen2.5-7B-Instruct-BluePrint,Qwen2.5-7B-Instruct,True,0.043359375,0.45491217116217103,-0.002734375,0.019140625,1.0,0.97265625,-0.02734375,0.0,0.18089075961189305,0.012308339689131339,0.9237646634190357,0.054679802955665026,0.9511575044092093,0.03773320923179744,0.012308339689131339,0.9762073863636364,0.6947972124273126,111,0.9009009009009009,0.39267490146396394,,,11,True
visualizer_v2_e1_core_10558.json,e1_core,10558,9866505,558,10558,google/gemma-3-4b-pt,False,64,4,powerlaw_cluster,13.558823529411764,True,28,False,distribution,0.5,normal,both,2500,250,gemma-3-4b-pt-BluePrint,gemma-3-4b-pt,True,0.4328125,0.6422129187474456,-0.0171875,0.1390625,0.78125,0.609375,-0.171875,0.7578784625383954,0.9652016987500656,-0.029503899046899606,0.5454463276695111,0.4790996784565916,0.5358971723034605,0.40894333576518127,-0.1386272370644114,0.6860795454545454,0.33954897793856537,277,0.9675090252707581,0.3015586219539711,,,11,True
visualizer_v2_e1_core_10559.json,e1_core,10559,9866512,559,10559,marcelbinz/Llama-3.1-Minitaur-8B,False,1024,0,powerlaw_cluster,15.8203125,True,28,True,average,0.0,normal,both,2500,250,Llama-3.1-Minitaur-8B-BluePrint,Llama-3.1-Minitaur-8B,True,0.1861328125,0.6187750478163622,0.0064453125,0.0583984375,0.7421875,0.806640625,0.064453125,0.8234274317947733,0.7084463523747807,0.017418062145676087,0.7056059663266848,0.268641975308642,0.698160464543094,0.2546608474907467,-0.18755351315475524,0.7332208806818182,2.413078781280836,1906,0.5739769150052466,1.2661849975836115,,,11,True
visualizer_v2_e1_core_10560.json,e1_core,10560,9866513,560,10560,meta-llama/Llama-3.1-8B,False,1024,0,powerlaw_cluster,15.80078125,True,25,True,blueprint,1.0,normal,both,2500,250,Llama-3.1-8B-BluePrint,Llama-3.1-8B,True,0.15703125,0.5051134063042447,-0.00234375,0.050390625,0.57421875,0.55078125,-0.0234375,0.9840471637045681,0.9925464978639335,0.029967675339792683,0.5314071707556202,0.48590852904820764,0.6165412316327926,0.34584714589506965,-0.11782338603622046,0.7475142045454546,2.470932411834259,1608,0.6461442786069652,1.0283821506879816,,,11,True
visualizer_v2_e1_core_10561.json,e1_core,10561,9866514,561,10561,meta-llama/Llama-3.1-8B,False,64,1,random,16.06153846153846,False,28,False,blueprint,0.0,normal,both,2500,250,Llama-3.1-8B-BluePrint,Llama-3.1-8B,True,0.36875,0.5278818138383355,0.003125,0.1390625,0.828125,0.859375,0.03125,0.6619760641115653,0.5858732928619206,-0.057931462242208374,0.7230415498368218,0.2751004016064257,0.7499232419326418,0.2851295793915873,-0.0556312897292698,0.49573863636363635,0.4343684803355824,236,0.9364406779661016,0.3644316075211864,,,11,True
visualizer_v2_e1_core_10562.json,e1_core,10562,9866515,562,10562,marcelbinz/Llama-3.1-Minitaur-8B,False,1024,1,random,16.031219512195122,False,29,True,average,1.0,normal,both,2500,250,Llama-3.1-Minitaur-8B-BluePrint,Llama-3.1-Minitaur-8B,True,0.25859375,0.46957603626515726,-0.0193359375,0.08828125,1.0,0.806640625,-0.193359375,0.0,0.7084463523747807,-0.0058669648779641715,0.6814872311749771,0.30979721475690203,0.7284110070273986,0.26493893116407263,-0.0058669648779641715,0.6780894886363636,3.949235541830686,2648,0.38746223564954685,1.7990416353202658,,,11,True
visualizer_v2_e1_core_10563.json,e1_core,10563,9866516,563,10563,meta-llama/Llama-3.1-8B,False,256,4,powerlaw_cluster,15.353846153846154,True,28,True,distribution,0.5,normal,both,2500,250,Llama-3.1-8B-BluePrint,Llama-3.1-8B,True,0.24296875,0.518274445179128,-0.00234375,0.073046875,0.6953125,0.671875,-0.0234375,0.8869456102215854,0.9129992135852474,-0.0016250473972156576,0.5816929160044901,0.4187983343248067,0.5438246552460674,0.37369513840277163,-0.1934386799925512,0.7311789772727273,1.048263125798919,622,0.7363344051446945,0.7515514901213324,,,11,True
visualizer_v2_e1_core_10564.json,e1_core,10564,9866517,564,10564,google/gemma-3-4b-pt,False,64,0,random,16.46875,False,29,True,distribution,0.5,normal,both,2500,250,gemma-3-4b-pt-BluePrint,gemma-3-4b-pt,True,0.2078125,0.5282190324295587,0.0265625,0.1,0.59375,0.859375,0.265625,0.9744894033980523,0.5858732928619206,-0.07445326136380365,0.7160917921947333,0.2637571157495256,0.7741793729100777,0.2517624541730564,-0.04569168249180619,0.45454545454545453,1.164606961337003,133,0.8345864661654135,0.6946406543703008,,,11,True
visualizer_v2_e1_core_10565.json,e1_core,10565,9866518,565,10565,Qwen/Qwen2.5-7B-Instruct,False,64,0,powerlaw_cluster,13.84375,True,28,True,uniform,1.0,normal,both,2500,250,Qwen2.5-7B-Instruct-BluePrint,Qwen2.5-7B-Instruct,True,0.1609375,0.5071078431372549,-0.0015625,0.059375,1.0,0.984375,-0.015625,0.0,0.11611507530476971,-0.007276034561165747,0.9709843714055669,0.022573363431151242,0.991325623564016,0.007652805008726555,-0.007276034561165747,0.90625,0.9298730113289573,103,0.8737864077669902,0.48763712170054613,,,11,True
visualizer_v2_e1_core_10566.json,e1_core,10566,9866532,566,10566,google/gemma-3-4b-pt,False,256,4,powerlaw_cluster,15.284615384615385,False,25,False,uniform,0.0,normal,both,2500,250,gemma-3-4b-pt-BluePrint,gemma-3-4b-pt,True,0.290625,0.5375657929388307,0.0203125,0.08203125,0.5078125,0.7109375,0.203125,0.9998238825988729,0.8675071344816212,-0.025095305853796036,0.5363968755331188,0.40663390663390664,0.5850552389343091,0.3921321775998438,-0.0527775074482572,0.6732954545454546,0.5712588917125355,744,0.9153225806451613,0.4074654527889785,,,11,True
visualizer_v2_e1_core_10567.json,e1_core,10567,9866533,567,10567,marcelbinz/Llama-3.1-Minitaur-8B,False,1024,4,random,15.943579766536965,False,29,False,blueprint,0.5,normal,both,2500,250,Llama-3.1-Minitaur-8B-BluePrint,Llama-3.1-Minitaur-8B,True,0.04814453125,0.43742637278967844,-0.00556640625,0.01943359375,1.0,0.9443359375,-0.0556640625,0.0,0.3099867854868206,-0.014732794753356374,0.8920661741443846,0.11163366336633664,0.8805501626930199,0.10039942165964702,-0.014732794753356374,0.09259588068181818,1.603477868166837,493,0.6612576064908722,0.7877095746703854,,,11,True
visualizer_v2_e1_core_10568.json,e1_core,10568,9866534,568,10568,Qwen/Qwen2.5-7B-Instruct,False,256,0,random,16.2578125,False,29,True,distribution,0.5,normal,both,2500,250,Qwen2.5-7B-Instruct-BluePrint,Qwen2.5-7B-Instruct,True,0.2046875,0.5837085580122237,0.0171875,0.09296875,0.64453125,0.81640625,0.171875,0.9388575093412463,0.6878760365869007,-0.0121626003448618,0.7228251779392703,0.308505526189332,0.7104591699405655,0.28258158599049366,0.001859859980270077,0.7446732954545454,1.917505613782189,524,0.583969465648855,1.0579501435956882,,,11,True
visualizer_v2_e1_core_10569.json,e1_core,10569,9866535,569,10569,marcelbinz/Llama-3.1-Minitaur-8B,False,64,4,random,15.617647058823529,False,28,True,uniform,1.0,normal,both,2500,250,Llama-3.1-Minitaur-8B-BluePrint,Llama-3.1-Minitaur-8B,True,0.265625,0.516294650338768,0.0,0.1109375,0.59375,0.59375,0.0,0.9744894033980523,0.9744894033980523,0.007881311922775351,0.5570452063722253,0.48329621380846327,0.5162056509410115,0.4366808067076396,0.05778565349926696,0.5269886363636364,0.6537631750106812,170,0.8823529411764706,0.4901223575367647,,,11,True
visualizer_v2_e1_core_10570.json,e1_core,10570,9866536,570,10570,meta-llama/Llama-3.1-8B,False,256,4,random,15.884615384615385,False,25,False,average,0.0,normal,both,2500,250,Llama-3.1-8B-BluePrint,Llama-3.1-8B,True,0.271484375,0.5272326684982458,-0.016015625,0.091796875,0.6796875,0.51953125,-0.16015625,0.9047209661860878,0.9988990309438097,-0.01601157578862927,0.497329413213898,0.5079122001020929,0.5019076385968737,0.4682249097294403,-0.04545670175090266,0.4854403409090909,0.48802895979447797,695,0.962589928057554,0.3765575820593525,,,11,True
visualizer_v2_e1_core_10571.json,e1_core,10571,9866537,571,10571,Qwen/Qwen2.5-7B-Instruct,False,1024,1,random,16.200975609756096,False,25,True,uniform,1.0,normal,both,2500,250,Qwen2.5-7B-Instruct-BluePrint,Qwen2.5-7B-Instruct,True,0.21357421875,0.45056963539533257,-0.01357421875,0.0908203125,1.0,0.8642578125,-0.1357421875,0.0,0.5729784327076798,0.010077853564055045,0.763720144627805,0.24063330916122794,0.8238056499205809,0.17782532798879164,0.010077853564055045,0.8868963068181818,2.434281392118216,2187,0.3763145861911294,1.6313348550691853,,,11,True
visualizer_v2_e1_core_10572.json,e1_core,10572,9866540,572,10572,Qwen/Qwen2.5-7B-Instruct,False,64,1,random,16.523076923076925,False,25,True,average,0.5,normal,both,2500,250,Qwen2.5-7B-Instruct-BluePrint,Qwen2.5-7B-Instruct,True,0.19375,0.5227660455486542,-0.00625,0.0859375,1.0,0.9375,-0.0625,0.0,0.3372900666170139,-0.0071461502996775185,0.8499962096173462,0.13229571984435798,0.8746863154533338,0.1449327869818044,-0.0071461502996775185,0.9232954545454546,1.1939365430311724,124,0.75,0.7460669240643901,,,11,True
visualizer_v2_e1_core_10573.json,e1_core,10573,9866541,573,10573,Qwen/Qwen2.5-7B-Instruct,False,256,4,random,15.015384615384615,True,28,True,uniform,1.0,normal,both,2500,250,Qwen2.5-7B-Instruct-BluePrint,Qwen2.5-7B-Instruct,True,0.1390625,0.4403988051244149,-0.009375,0.05546875,1.0,0.90625,-0.09375,0.0,0.4488644887230295,-0.03794476237870161,0.825664353654076,0.17475728155339806,0.7933455369931168,0.1906511619000436,-0.03794476237870161,0.9250710227272727,1.6127721547911114,356,0.6235955056179775,1.0862108013603125,,,11,True
visualizer_v2_e1_core_10574.json,e1_core,10574,9909398,574,10574,google/gemma-3-4b-pt,False,1024,1,powerlaw_cluster,15.802926829268293,False,29,True,blueprint,0.5,normal,both,2500,250,gemma-3-4b-pt-BluePrint,gemma-3-4b-pt,True,0.23291015625,0.5171354360223462,-0.00419921875,0.06640625,0.7607421875,0.71875,-0.0419921875,0.7938038675530564,0.8571484374283717,-0.0014694470650581238,0.5913041382619802,0.4136968928344959,0.5573018602276704,0.3874202809510165,0.012199031995362089,0.6909623579545454,1.3911583775823766,2385,0.5283018867924528,1.1139545880523618,,,11,True
visualizer_v2_e1_core_10575.json,e1_core,10575,9858254,575,10575,Qwen/Qwen2.5-7B-Instruct,False,64,0,powerlaw_cluster,13.5625,True,28,True,distribution,0.0,normal,both,2500,250,Qwen2.5-7B-Instruct-BluePrint,Qwen2.5-7B-Instruct,True,0.19375,0.41558982683982676,-0.01875,0.0703125,1.0,0.8125,-0.1875,0.0,0.6962122601251458,-0.037310653091631306,0.648891024694099,0.3548387096774194,0.7024566812507231,0.2724211076114472,-0.037310653091631306,0.9019886363636364,0.7248999855735085,124,0.8790322580645161,0.46728515625,,,11,True
visualizer_v2_e2_base_vs_lora_20000.json,e2_base_vs_lora,20000,9866543,0,20000,meta-llama/Llama-3.1-8B,True,256,1,powerlaw_cluster,15.299610894941635,True,25,False,,1.0,normal,both,2500,250,Llama-3.1-8B-base,Llama-3.1-8B,False,0.00078125,0.1,0.0,0.000390625,1.0,1.0,0.0,0.0,0.0,0.0,1.0,0.0,1.0,0.0,0.0,0.4591619318181818,1.4200099598277698,2,0.5,0.7890625,,,11,True
visualizer_v2_e2_base_vs_lora_20001.json,e2_base_vs_lora,20001,9866544,1,20001,google/gemma-3-4b-pt,True,256,1,random,16.64591439688716,True,28,True,,0.0,normal,both,2500,250,gemma-3-4b-pt-base,gemma-3-4b-pt,False,0.16796875,0.5879316267519534,-0.00625,0.044921875,1.0,0.9375,-0.0625,0.0,0.3372900666170139,-0.0029864461291072577,0.8894500440523889,0.1119013750592698,0.8803708215608829,0.11685354544178729,-0.0029864461291072577,0.6399147727272727,0.8701124408028342,430,0.9,0.6776554551235465,,,11,True
visualizer_v2_e2_base_vs_lora_20002.json,e2_base_vs_lora,20002,9866545,2,20002,Qwen/Qwen2.5-7B-Instruct,True,256,4,powerlaw_cluster,15.361538461538462,True,28,False,,1.0,normal,both,2500,250,Qwen2.5-7B-Instruct-base,Qwen2.5-7B-Instruct,False,0.11328125,0.4364010025062656,0.0,0.035546875,1.0,1.0,0.0,0.0,0.0,0.0,1.0,0.0,1.0,0.0,0.0,0.9694602272727273,6.669523576020517,290,0.1793103448275862,3.6062305997157917,,,11,True
visualizer_v2_e2_base_vs_lora_20003.json,e2_base_vs_lora,20003,9866569,3,20003,Qwen/Qwen2.5-7B-Instruct,True,256,1,random,16.101167315175097,False,25,True,,0.0,normal,both,2500,250,Qwen2.5-7B-Instruct-base,Qwen2.5-7B-Instruct,False,0.00546875,0.1,0.0,0.001953125,1.0,1.0,0.0,0.0,0.0,0.0,1.0,0.0,1.0,0.0,0.0,0.9989346590909091,18.0843141018413,14,0.35714285714285715,6.299017259052822,,,11,True
visualizer_v2_e2_base_vs_lora_20004.json,e2_base_vs_lora,20004,9866570,4,20004,marcelbinz/Llama-3.1-Minitaur-8B,True,256,1,powerlaw_cluster,15.392996108949417,False,25,True,,0.0,normal,both,2500,250,Llama-3.1-Minitaur-8B-base,Llama-3.1-Minitaur-8B,False,0.040234375,0.4075583566760038,-0.005859375,0.013671875,1.0,0.94140625,-0.05859375,0.0,0.32183715247832606,0.02152457710962594,0.8964445717618685,0.13679745493107104,0.8891907850050845,0.1090923375036042,0.02152457710962594,0.4659090909090909,1.4373645945028826,103,0.5631067961165048,1.1337715815571905,,,11,True
visualizer_v2_e2_base_vs_lora_20005.json,e2_base_vs_lora,20005,9866571,5,20005,marcelbinz/Llama-3.1-Minitaur-8B,True,256,0,powerlaw_cluster,15.359375,True,29,True,,1.0,normal,both,2500,250,Llama-3.1-Minitaur-8B-base,Llama-3.1-Minitaur-8B,False,0.05234375,0.470734126984127,-0.00390625,0.0203125,1.0,0.9609375,-0.0390625,0.0,0.23797715131903663,-0.006808049162548832,0.9386871723223403,0.06917599186164802,0.9806094087271774,0.025027740824155938,-0.006808049162548832,0.2265625,3.471081244674596,134,0.417910447761194,2.39129638671875,,,11,True
visualizer_v2_e2_base_vs_lora_20006.json,e2_base_vs_lora,20006,9866941,6,20006,meta-llama/Llama-3.1-8B,True,256,0,powerlaw_cluster,15.359375,False,29,True,,1.0,normal,both,2500,250,Llama-3.1-8B-base,Llama-3.1-8B,False,0.021875,0.43666666666666665,-0.00234375,0.00859375,1.0,0.9765625,-0.0234375,0.0,0.16032872589902855,-0.001290234958576047,0.9633132360884495,0.04577822990844354,0.970099657643554,0.027012169138920624,-0.001290234958576047,0.23046875,3.2186168229038064,56,0.5178571428571429,1.5301227569580078,,,11,True
visualizer_v2_e2_base_vs_lora_20007.json,e2_base_vs_lora,20007,9866942,7,20007,google/gemma-3-4b-pt,True,256,1,powerlaw_cluster,15.354085603112841,True,25,True,,0.0,normal,both,2500,250,gemma-3-4b-pt-base,gemma-3-4b-pt,False,0.1390625,0.5746792521994135,0.0,0.0203125,1.0,1.0,0.0,0.0,0.0,0.0,1.0,0.0,1.0,0.0,0.0,0.6090198863636364,1.16484488140453,356,0.9101123595505618,0.6124322441186798,,,11,True
visualizer_v2_e2_base_vs_lora_20008.json,e2_base_vs_lora,20008,9866943,8,20008,marcelbinz/Llama-3.1-Minitaur-8B,True,256,1,random,15.766536964980546,True,29,False,,0.5,normal,both,2500,250,Llama-3.1-Minitaur-8B-base,Llama-3.1-Minitaur-8B,False,0.0,0.0,0.0,0.0,1.0,1.0,0.0,0.0,0.0,0.0,1.0,0.0,1.0,0.0,0.0,0.06392045454545454,4.358903364701704,0,,,,,11,True
visualizer_v2_e2_base_vs_lora_20009.json,e2_base_vs_lora,20009,9866944,9,20009,marcelbinz/Llama-3.1-Minitaur-8B,True,256,1,random,15.571984435797665,False,28,True,,0.5,normal,both,2500,250,Llama-3.1-Minitaur-8B-base,Llama-3.1-Minitaur-8B,False,0.023046875,0.4083116883116883,-0.001953125,0.009765625,1.0,0.98046875,-0.01953125,0.0,0.13880049798406022,0.003887514515069842,0.9544379933063379,0.04054738976178408,0.9795279327168293,0.010197570032542689,0.003887514515069842,0.4225852272727273,1.5564270967786962,59,0.3559322033898305,1.2762802899894068,,,11,True
visualizer_v2_e2_base_vs_lora_20010.json,e2_base_vs_lora,20010,9866953,10,20010,meta-llama/Llama-3.1-8B,True,256,0,random,16.0234375,False,28,True,,0.0,normal,both,2500,250,Llama-3.1-8B-base,Llama-3.1-8B,False,0.03515625,0.45666666666666667,-0.003125,0.014453125,1.0,0.96875,-0.03125,0.0,0.20062232431271465,0.02534172009193278,0.9505213984989814,0.05363237445148708,0.94392697426245,0.052393861931609366,0.02534172009193278,0.4875710227272727,1.4538149400190874,90,0.6444444444444445,1.0172644721137152,,,11,True
visualizer_v2_e2_base_vs_lora_20011.json,e2_base_vs_lora,20011,9866954,11,20011,google/gemma-3-4b-pt,True,256,1,powerlaw_cluster,15.252918287937744,True,28,False,,0.0,normal,both,2500,250,gemma-3-4b-pt-base,gemma-3-4b-pt,False,0.25859375,0.5366000363819021,-0.02265625,0.058984375,1.0,0.7734375,-0.2265625,0.0,0.7719706699485864,0.017648789096970104,0.6545943063267202,0.36909871244635195,0.6532844559303381,0.32606506161507565,0.017648789096970104,0.3203125,0.46185372092507104,662,0.9758308157099698,0.4816046308534743,,,11,True
visualizer_v2_e2_base_vs_lora_20012.json,e2_base_vs_lora,20012,9866955,12,20012,Qwen/Qwen2.5-7B-Instruct,True,256,4,random,16.015384615384615,True,29,False,,0.5,normal,both,2500,250,Qwen2.5-7B-Instruct-base,Qwen2.5-7B-Instruct,False,0.391796875,0.4984849459247636,-0.012109375,0.159375,0.66796875,0.546875,-0.12109375,0.916988243682839,0.9936507116910405,-0.01044040924598882,0.49004770747756426,0.5035389282103134,0.5009244581026697,0.4153733779973103,-0.010289915180813415,0.6711647727272727,6.037601492071355,1003,0.11665004985044865,5.552204307269004,,,11,True
visualizer_v2_e2_base_vs_lora_20013.json,e2_base_vs_lora,20013,9866956,13,20013,meta-llama/Llama-3.1-8B,True,256,1,random,15.673151750972762,False,25,True,,1.0,normal,both,2500,250,Llama-3.1-8B-base,Llama-3.1-8B,False,0.01953125,0.4629545454545454,-0.00234375,0.007421875,1.0,0.9765625,-0.0234375,0.0,0.16032872589902855,-0.019755390408907794,0.9575612961487899,0.038751887267237044,0.9898309489540954,0.011650682928642504,-0.019755390408907794,0.4041193181818182,1.3080443387681788,50,0.64,0.707440185546875,,,11,True
visualizer_v2_e2_base_vs_lora_20014.json,e2_base_vs_lora,20014,9866957,14,20014,google/gemma-3-4b-pt,True,256,0,powerlaw_cluster,15.3984375,False,28,True,,0.0,normal,both,2500,250,gemma-3-4b-pt-base,gemma-3-4b-pt,False,0.162890625,0.5462997567448031,-0.002734375,0.03046875,1.0,0.97265625,-0.02734375,0.0,0.18089075961189305,-0.017342830597708064,0.953892245392703,0.04058853373921867,0.9541122076715235,0.0319067167752064,-0.017342830597708064,0.5443892045454546,0.9480856982144442,417,0.9064748201438849,0.6818279751199041,,,11,True
visualizer_v2_e2_base_vs_lora_20015.json,e2_base_vs_lora,20015,9866958,15,20015,marcelbinz/Llama-3.1-Minitaur-8B,True,256,4,powerlaw_cluster,15.307692307692308,False,28,True,,0.0,normal,both,2500,250,Llama-3.1-Minitaur-8B-base,Llama-3.1-Minitaur-8B,False,0.03984375,0.44341103341103344,-0.00390625,0.012890625,1.0,0.9609375,-0.0390625,0.0,0.23797715131903663,0.0023255813953489348,0.9408027244819519,0.07932692307692307,0.9200708331528387,0.08544904010863172,0.0023255813953489348,0.4602272727272727,1.425774029710076,102,0.5490196078431373,0.9966203278186274,,,11,True
visualizer_v2_e2_base_vs_lora_20016.json,e2_base_vs_lora,20016,9866975,16,20016,marcelbinz/Llama-3.1-Minitaur-8B,True,256,4,random,16.20769230769231,False,29,False,,0.5,normal,both,2500,250,Llama-3.1-Minitaur-8B-base,Llama-3.1-Minitaur-8B,False,0.0,0.0,0.0,0.0,1.0,1.0,0.0,0.0,0.0,0.0,1.0,0.0,1.0,0.0,0.0,0.13458806818181818,4.517972772771662,0,,,,,11,True
visualizer_v2_e2_base_vs_lora_20017.json,e2_base_vs_lora,20017,9909395,17,20017,google/gemma-3-4b-pt,True,256,0,powerlaw_cluster,15.2890625,False,28,True,,0.5,normal,both,2500,250,gemma-3-4b-pt-base,gemma-3-4b-pt,False,0.3390625,0.532777129607024,-0.02578125,0.08515625,1.0,0.7421875,-0.2578125,0.0,0.8234274317947733,-0.00631089384984785,0.6243461116096366,0.3893714869698518,0.5794664733471813,0.38857692575905206,-0.00631089384984785,0.6182528409090909,0.649055231701244,868,0.8928571428571429,0.5528930101526498,,,11,True
visualizer_v2_e2_base_vs_lora_20018.json,e2_base_vs_lora,20018,9867017,18,20018,google/gemma-3-4b-pt,True,256,4,powerlaw_cluster,15.361538461538462,False,25,True,,0.5,normal,both,2500,250,gemma-3-4b-pt-base,gemma-3-4b-pt,False,0.13515625,0.6602115384615385,-0.0015625,0.027734375,1.0,0.984375,-0.015625,0.0,0.11611507530476971,-0.006022752621013055,0.9654691361381961,0.020121951219512196,0.9712296003676824,0.021949604022363317,-0.006022752621013055,0.6910511363636364,1.1847099390896885,346,0.8323699421965318,0.7059047456421604,,,11,True
visualizer_v2_e2_base_vs_lora_20019.json,e2_base_vs_lora,20019,9867018,19,20019,marcelbinz/Llama-3.1-Minitaur-8B,True,256,4,powerlaw_cluster,15.292307692307693,True,28,True,,1.0,normal,both,2500,250,Llama-3.1-Minitaur-8B-base,Llama-3.1-Minitaur-8B,False,0.034765625,0.5081168831168832,-0.001953125,0.012890625,1.0,0.98046875,-0.01953125,0.0,0.13880049798406022,-0.010742187500002767,0.9576511295792851,0.02717391304347826,0.9179377633296197,0.06708846504884934,-0.010742187500002767,0.49467329545454547,2.001176655292511,89,0.6741573033707865,0.9241641612535112,,,11,True
visualizer_v2_e2_base_vs_lora_20020.json,e2_base_vs_lora,20020,9867019,20,20020,google/gemma-3-4b-pt,True,256,0,powerlaw_cluster,15.296875,True,28,False,,0.5,normal,both,2500,250,gemma-3-4b-pt-base,gemma-3-4b-pt,False,0.2171875,0.6104381470748844,-0.0015625,0.057421875,1.0,0.984375,-0.015625,0.0,0.11611507530476971,-0.019778388302238138,0.9749322826067809,0.04085801838610827,0.9742059067882027,0.0286607393800142,-0.019778388302238138,0.2879971590909091,0.5108594027432528,556,0.9928057553956835,0.46848126967176257,,,11,True
visualizer_v2_e2_base_vs_lora_20021.json,e2_base_vs_lora,20021,9867025,21,20021,marcelbinz/Llama-3.1-Minitaur-8B,True,256,0,powerlaw_cluster,15.28125,True,28,True,,0.5,normal,both,2500,250,Llama-3.1-Minitaur-8B-base,Llama-3.1-Minitaur-8B,False,0.039453125,0.4159423909423909,-0.007421875,0.01171875,1.0,0.92578125,-0.07421875,0.0,0.3814735439675174,0.04651872639553863,0.8786904859173041,0.10940695296523517,0.8814346092509312,0.11541274696937315,0.04651872639553863,0.44389204545454547,1.6097222431139513,101,0.49504950495049505,1.119650661355198,,,11,True
visualizer_v2_e2_base_vs_lora_20022.json,e2_base_vs_lora,20022,9867026,22,20022,meta-llama/Llama-3.1-8B,True,256,4,random,16.138461538461538,False,29,True,,0.0,normal,both,2500,250,Llama-3.1-8B-base,Llama-3.1-8B,False,0.02109375,0.4503846153846154,-0.00078125,0.009765625,1.0,0.9921875,-0.0078125,0.0,0.06591441234324169,-0.0067643335141929824,0.9847321581431752,0.014084507042253521,0.9829199368416506,0.022945966621982533,-0.0067643335141929824,0.3547585227272727,3.2551514994014394,54,0.4444444444444444,1.8864158347800926,,,11,True
visualizer_v2_e2_base_vs_lora_20023.json,e2_base_vs_lora,20023,9867027,23,20023,marcelbinz/Llama-3.1-Minitaur-8B,True,256,0,powerlaw_cluster,15.2734375,True,25,False,,0.0,normal,both,2500,250,Llama-3.1-Minitaur-8B-base,Llama-3.1-Minitaur-8B,False,0.0,0.0,0.0,0.0,1.0,1.0,0.0,0.0,0.0,0.0,1.0,0.0,1.0,0.0,0.0,0.8849431818181818,1.7580807425759055,0,,,,,11,True
visualizer_v2_e2_base_vs_lora_20024.json,e2_base_vs_lora,20024,9867028,24,20024,meta-llama/Llama-3.1-8B,True,256,4,powerlaw_cluster,15.353846153846154,True,28,False,,1.0,normal,both,2500,250,Llama-3.1-8B-base,Llama-3.1-8B,False,0.0,0.0,0.0,0.0,1.0,1.0,0.0,0.0,0.0,0.0,1.0,0.0,1.0,0.0,0.0,0.8604403409090909,1.8654153997247869,0,,,,,11,True
visualizer_v2_e2_base_vs_lora_20025.json,e2_base_vs_lora,20025,9867029,25,20025,marcelbinz/Llama-3.1-Minitaur-8B,True,256,4,random,16.284615384615385,False,28,True,,1.0,normal,both,2500,250,Llama-3.1-Minitaur-8B-base,Llama-3.1-Minitaur-8B,False,0.03515625,0.5650342712842713,-0.00234375,0.01484375,1.0,0.9765625,-0.0234375,0.0,0.16032872589902855,-0.0050280528558719695,0.9511628711282182,0.048829098156452415,0.9757552259012751,0.018716206987855054,-0.0050280528558719695,0.46875,1.9738381965593859,90,0.7333333333333333,0.8817097981770833,,,11,True
visualizer_v2_e2_base_vs_lora_20026.json,e2_base_vs_lora,20026,9867030,26,20026,google/gemma-3-4b-pt,True,256,1,powerlaw_cluster,15.330739299610896,False,25,True,,0.0,normal,both,2500,250,gemma-3-4b-pt-base,gemma-3-4b-pt,False,0.123046875,0.5467885623148782,-0.001953125,0.015625,1.0,0.98046875,-0.01953125,0.0,0.13880049798406022,0.0004026305193922074,0.9497052309343382,0.047261009667024706,0.9624075754138987,0.031824852817402015,0.0004026305193922074,0.6335227272727273,1.1266028447584673,315,0.9301587301587302,0.5956108940972222,,,11,True
visualizer_v2_e2_base_vs_lora_20027.json,e2_base_vs_lora,20027,9867031,27,20027,Qwen/Qwen2.5-7B-Instruct,True,256,1,random,16.33463035019455,True,29,False,,0.0,normal,both,2500,250,Qwen2.5-7B-Instruct-base,Qwen2.5-7B-Instruct,False,0.325,0.5611114634427012,0.021875,0.131640625,0.66796875,0.88671875,0.21875,0.916988243682839,0.5097345489307138,-0.026702294002907717,0.7925398456856468,0.20973963355834138,0.8028125391758998,0.19864339191203412,-0.011905278700011485,0.23828125,6.287828366737813,832,0.1141826923076923,5.357585445619547,,,11,True
visualizer_v2_e2_base_vs_lora_20028.json,e2_base_vs_lora,20028,9867032,28,20028,google/gemma-3-4b-pt,True,256,0,random,15.84375,True,25,True,,0.5,normal,both,2500,250,gemma-3-4b-pt-base,gemma-3-4b-pt,False,0.146484375,0.6578373015873016,-0.002734375,0.033203125,1.0,0.97265625,-0.02734375,0.0,0.18089075961189305,-0.02428508945493986,0.9536242377303398,0.04783037475345168,0.957513051459929,0.03757587529125702,-0.02428508945493986,0.6750710227272727,0.9430330720814791,375,0.9013333333333333,0.6078343098958333,,,11,True
visualizer_v2_e2_base_vs_lora_20029.json,e2_base_vs_lora,20029,9867073,29,20029,meta-llama/Llama-3.1-8B,True,256,1,powerlaw_cluster,15.284046692607005,True,29,True,,0.5,normal,both,2500,250,Llama-3.1-8B-base,Llama-3.1-8B,False,0.028125,0.4624242424242424,-0.0015625,0.009765625,1.0,0.984375,-0.015625,0.0,0.11611507530476971,-0.0029555194325411385,0.9647916411209452,0.017828200972447326,0.9776034680669841,0.0213943607571359,-0.0029555194325411385,0.3604403409090909,2.878879731351679,72,0.4305555555555556,1.7717692057291667,,,11,True
visualizer_v2_e2_base_vs_lora_20030.json,e2_base_vs_lora,20030,9867089,30,20030,meta-llama/Llama-3.1-8B,True,256,1,random,15.77431906614786,True,25,False,,0.0,normal,both,2500,250,Llama-3.1-8B-base,Llama-3.1-8B,False,0.0,0.0,0.0,0.0,1.0,1.0,0.0,0.0,0.0,0.0,1.0,0.0,1.0,0.0,0.0,0.7524857954545454,1.7178421020507812,0,,,,,11,True
visualizer_v2_e2_base_vs_lora_20031.json,e2_base_vs_lora,20031,9867090,31,20031,Qwen/Qwen2.5-7B-Instruct,True,256,1,random,16.459143968871594,False,25,True,,0.0,normal,both,2500,250,Qwen2.5-7B-Instruct-base,Qwen2.5-7B-Instruct,False,0.003125,0.1,-0.00078125,0.001171875,1.0,0.9921875,-0.0078125,0.0,0.06591441234324169,-0.004293193717277198,0.9730998909230496,0.022062350119904078,0.9850757736835312,0.01440726537777773,-0.004293193717277198,1.0,17.664497844917193,8,0.0,11.226343095302582,,,11,True
visualizer_v2_e2_base_vs_lora_20032.json,e2_base_vs_lora,20032,9867091,32,20032,meta-llama/Llama-3.1-8B,True,256,4,powerlaw_cluster,15.4,True,28,True,,0.0,normal,both,2500,250,Llama-3.1-8B-base,Llama-3.1-8B,False,0.023828125,0.43388888888888894,-0.003515625,0.008203125,1.0,0.96484375,-0.03515625,0.0,0.21962487806876488,-0.025112811457721203,0.9279370841373318,0.05571847507331378,0.9354822318908033,0.056029701453030614,-0.025112811457721203,0.5348011363636364,1.5365916598926892,61,0.4426229508196721,1.1699759061219261,,,11,True
visualizer_v2_e2_base_vs_lora_20033.json,e2_base_vs_lora,20033,9867092,33,20033,marcelbinz/Llama-3.1-Minitaur-8B,True,256,1,powerlaw_cluster,15.30739299610895,True,28,False,,0.5,normal,both,2500,250,Llama-3.1-Minitaur-8B-base,Llama-3.1-Minitaur-8B,False,0.0,0.0,0.0,0.0,1.0,1.0,0.0,0.0,0.0,0.0,1.0,0.0,1.0,0.0,0.0,0.8781960227272727,1.8560510115189985,0,,,,,11,True
visualizer_v2_e2_base_vs_lora_20034.json,e2_base_vs_lora,20034,9867093,34,20034,meta-llama/Llama-3.1-8B,True,256,1,powerlaw_cluster,15.346303501945526,True,25,False,,0.0,normal,both,2500,250,Llama-3.1-8B-base,Llama-3.1-8B,False,0.0,0.0,0.0,0.0,1.0,1.0,0.0,0.0,0.0,0.0,1.0,0.0,1.0,0.0,0.0,0.6281960227272727,1.1336558948863635,0,,,,,11,True
visualizer_v2_e2_base_vs_lora_20035.json,e2_base_vs_lora,20035,9867094,35,20035,marcelbinz/Llama-3.1-Minitaur-8B,True,256,4,powerlaw_cluster,15.392307692307693,False,28,False,,0.5,normal,both,2500,250,Llama-3.1-Minitaur-8B-base,Llama-3.1-Minitaur-8B,False,0.00078125,0.1,0.0,0.000390625,1.0,1.0,0.0,0.0,0.0,0.0,1.0,0.0,1.0,0.0,0.0,0.6207386363636364,1.5014053691517224,2,1.0,0.164306640625,,,11,True
visualizer_v2_e2_base_vs_lora_20036.json,e2_base_vs_lora,20036,9867095,36,20036,meta-llama/Llama-3.1-8B,True,256,0,powerlaw_cluster,15.390625,False,29,True,,0.5,normal,both,2500,250,Llama-3.1-8B-base,Llama-3.1-8B,False,0.046484375,0.5375836120401337,-0.001171875,0.016015625,1.0,0.98828125,-0.01171875,0.0,0.09198335195381278,-0.01796087095969991,0.9788725890230456,0.04416243654822335,0.9850408567116563,0.011142254350036913,-0.01796087095969991,0.47691761363636365,2.7113761468367144,119,0.46218487394957986,1.5753604664522058,,,11,True
visualizer_v2_e2_base_vs_lora_20037.json,e2_base_vs_lora,20037,9867096,37,20037,marcelbinz/Llama-3.1-Minitaur-8B,True,256,1,random,15.735408560311283,False,29,False,,0.0,normal,both,2500,250,Llama-3.1-Minitaur-8B-base,Llama-3.1-Minitaur-8B,False,0.0,0.0,0.0,0.0,1.0,1.0,0.0,0.0,0.0,0.0,1.0,0.0,1.0,0.0,0.0,0.06924715909090909,4.720543601296165,0,,,,,11,True
visualizer_v2_e2_base_vs_lora_20038.json,e2_base_vs_lora,20038,9867097,38,20038,Qwen/Qwen2.5-7B-Instruct,True,256,4,powerlaw_cluster,15.338461538461539,True,29,False,,1.0,normal,both,2500,250,Qwen2.5-7B-Instruct-base,Qwen2.5-7B-Instruct,False,0.302734375,0.5438393485847798,0.013671875,0.10234375,0.66796875,0.8046875,0.13671875,0.916988243682839,0.7124534449668779,0.001455091870506421,0.653392968817877,0.30481927710843376,0.7239340152366655,0.2188830168987974,-0.010697594199960088,0.5965909090909091,5.987721933263608,775,0.1367741935483871,5.031236474129462,,,11,True
visualizer_v2_e2_base_vs_lora_20039.json,e2_base_vs_lora,20039,9867098,39,20039,meta-llama/Llama-3.1-8B,True,256,4,random,15.761538461538462,False,28,False,,0.0,normal,both,2500,250,Llama-3.1-8B-base,Llama-3.1-8B,False,0.0,0.0,0.0,0.0,1.0,1.0,0.0,0.0,0.0,0.0,1.0,0.0,1.0,0.0,0.0,0.9034090909090909,1.963179501620206,0,,,,,11,True
visualizer_v2_e2_base_vs_lora_20040.json,e2_base_vs_lora,20040,9867100,40,20040,meta-llama/Llama-3.1-8B,True,256,0,random,16.7578125,True,29,True,,1.0,normal,both,2500,250,Llama-3.1-8B-base,Llama-3.1-8B,False,0.031640625,0.3909188034188034,-0.003515625,0.0140625,1.0,0.96484375,-0.03515625,0.0,0.21962487806876488,-0.008559392782090938,0.9362182790032758,0.06853146853146853,0.9657982342496806,0.03308983994984241,-0.008559392782090938,0.12961647727272727,3.1637570410966873,81,0.32098765432098764,2.1443794156298224,,,11,True
visualizer_v2_e2_base_vs_lora_20041.json,e2_base_vs_lora,20041,9867101,41,20041,google/gemma-3-4b-pt,True,256,4,powerlaw_cluster,15.36923076923077,True,28,False,,0.5,normal,both,2500,250,gemma-3-4b-pt-base,gemma-3-4b-pt,False,0.238671875,0.549173074574237,-0.011328125,0.06015625,1.0,0.88671875,-0.11328125,0.0,0.5097345489307138,-0.025838014132995128,0.7930736514801257,0.2005952380952381,0.8082490914756961,0.16335847250027835,-0.025838014132995128,0.3533380681818182,0.4994028264825994,611,0.9705400981996727,0.496828968903437,,,11,True
visualizer_v2_e2_base_vs_lora_20042.json,e2_base_vs_lora,20042,9867102,42,20042,Qwen/Qwen2.5-7B-Instruct,True,256,0,powerlaw_cluster,15.34375,True,28,True,,1.0,normal,both,2500,250,Qwen2.5-7B-Instruct-base,Qwen2.5-7B-Instruct,False,0.01015625,0.2,0.0,0.003515625,1.0,1.0,0.0,0.0,0.0,0.0,1.0,0.0,1.0,0.0,0.0,0.9950284090909091,9.526328801346773,26,0.2692307692307692,3.4537402345583987,,,11,True
visualizer_v2_e2_base_vs_lora_20043.json,e2_base_vs_lora,20043,9867103,43,20043,Qwen/Qwen2.5-7B-Instruct,True,256,0,random,15.3359375,False,25,True,,0.0,normal,both,2500,250,Qwen2.5-7B-Instruct-base,Qwen2.5-7B-Instruct,False,0.000390625,0.0,-0.000390625,0.0,1.0,0.99609375,-0.00390625,0.0,0.03687450625387198,-0.00409207161126311,0.9929667480469618,0.00815078960774325,0.9893623344119313,0.009263915855733554,-0.00409207161126311,0.9989346590909091,17.453074090055782,1,0.0,16.265595197677612,,,11,True
visualizer_v2_e2_base_vs_lora_20044.json,e2_base_vs_lora,20044,9867113,44,20044,meta-llama/Llama-3.1-8B,True,256,1,powerlaw_cluster,15.30739299610895,False,28,False,,1.0,normal,both,2500,250,Llama-3.1-8B-base,Llama-3.1-8B,False,0.00078125,0.1,0.0,0.000390625,1.0,1.0,0.0,0.0,0.0,0.0,1.0,0.0,1.0,0.0,0.0,0.7333096590909091,1.6295982707630505,2,0.5,0.85546875,,,11,True
visualizer_v2_e2_base_vs_lora_20045.json,e2_base_vs_lora,20045,9867114,45,20045,meta-llama/Llama-3.1-8B,True,256,0,powerlaw_cluster,15.265625,True,25,False,,0.5,normal,both,2500,250,Llama-3.1-8B-base,Llama-3.1-8B,False,0.0015625,0.2,0.0,0.00078125,1.0,1.0,0.0,0.0,0.0,0.0,1.0,0.0,1.0,0.0,0.0,0.43110795454545453,1.1353721618652344,4,0.5,0.62060546875,,,11,True
visualizer_v2_e2_base_vs_lora_20046.json,e2_base_vs_lora,20046,9867115,46,20046,meta-llama/Llama-3.1-8B,True,256,4,random,16.276923076923076,True,28,False,,1.0,normal,both,2500,250,Llama-3.1-8B-base,Llama-3.1-8B,False,0.0,0.0,0.0,0.0,1.0,1.0,0.0,0.0,0.0,0.0,1.0,0.0,1.0,0.0,0.0,0.8114346590909091,1.7945078069513494,0,,,,,11,True
visualizer_v2_e2_base_vs_lora_20047.json,e2_base_vs_lora,20047,9867116,47,20047,Qwen/Qwen2.5-7B-Instruct,True,256,0,powerlaw_cluster,15.2890625,False,28,True,,0.0,normal,both,2500,250,Qwen2.5-7B-Instruct-base,Qwen2.5-7B-Instruct,False,0.0015625,0.1,0.0,0.00078125,1.0,1.0,0.0,0.0,0.0,0.0,1.0,0.0,1.0,0.0,0.0,0.9992897727272727,7.8867255358702755,4,0.25,1.9605789184570312,,,11,True
visualizer_v2_e2_base_vs_lora_20048.json,e2_base_vs_lora,20048,9867117,48,20048,marcelbinz/Llama-3.1-Minitaur-8B,True,256,4,powerlaw_cluster,15.3,False,29,True,,1.0,normal,both,2500,250,Llama-3.1-Minitaur-8B-base,Llama-3.1-Minitaur-8B,False,0.034765625,0.39475108225108224,-0.004296875,0.012890625,1.0,0.95703125,-0.04296875,0.0,0.2557420200756248,-0.03677161899588271,0.9113071562526508,0.07134292565947242,0.9626081009768128,0.0333992515915155,-0.03677161899588271,0.31640625,3.0556896410205145,89,0.3707865168539326,1.8918206718530548,,,11,True
visualizer_v2_e2_base_vs_lora_20049.json,e2_base_vs_lora,20049,9867131,49,20049,Qwen/Qwen2.5-7B-Instruct,True,256,4,random,16.00769230769231,False,25,True,,0.5,normal,both,2500,250,Qwen2.5-7B-Instruct-base,Qwen2.5-7B-Instruct,False,0.05,0.48171550671550667,-0.00546875,0.019921875,1.0,0.9453125,-0.0546875,0.0,0.30598487371383465,-0.02329246576744476,0.912021064048318,0.10202020202020202,0.8889960256634423,0.09979772534298786,-0.02329246576744476,0.9829545454545454,12.326916056346487,128,0.2265625,7.350470273755491,,,11,True
visualizer_v2_e2_base_vs_lora_20050.json,e2_base_vs_lora,20050,9867132,50,20050,meta-llama/Llama-3.1-8B,True,256,0,random,15.6953125,False,28,True,,0.5,normal,both,2500,250,Llama-3.1-8B-base,Llama-3.1-8B,False,0.016796875,0.3983333333333333,-0.002734375,0.00625,1.0,0.97265625,-0.02734375,0.0,0.18089075961189305,-0.012010880754119779,0.9470429498809437,0.057242409158785465,0.9557274668435101,0.04165712651245496,-0.012010880754119779,0.5060369318181818,1.6424708393487064,43,0.5116279069767442,1.1547305084938226,,,11,True
visualizer_v2_e2_base_vs_lora_20051.json,e2_base_vs_lora,20051,9867169,51,20051,Qwen/Qwen2.5-7B-Instruct,True,256,0,powerlaw_cluster,15.3359375,True,29,True,,1.0,normal,both,2500,250,Qwen2.5-7B-Instruct-base,Qwen2.5-7B-Instruct,False,0.390234375,0.5070940336087734,-0.011328125,0.121875,0.66796875,0.5546875,-0.11328125,0.916988243682839,0.9913533102170101,0.009636953834314314,0.49521898892792815,0.5022924095771778,0.4883860089027809,0.4716708418538325,0.00951940818742116,0.5617897727272727,6.338953261390667,999,0.10810810810810811,5.9927520971517785,,,11,True
visualizer_v2_e2_base_vs_lora_20052.json,e2_base_vs_lora,20052,9867250,52,20052,google/gemma-3-4b-pt,True,256,0,random,16.15625,False,25,False,,0.5,normal,both,2500,250,gemma-3-4b-pt-base,gemma-3-4b-pt,False,0.107421875,0.53,-0.001953125,0.004296875,1.0,0.98046875,-0.01953125,0.0,0.13880049798406022,0.014131968026747259,0.9535746578679247,0.03529980657640232,0.9596157405335206,0.05238912444158088,0.014131968026747259,0.29545454545454547,0.6777742559259589,275,0.9927272727272727,0.5627698863636363,,,11,True
visualizer_v2_e2_base_vs_lora_20053.json,e2_base_vs_lora,20053,9867251,53,20053,marcelbinz/Llama-3.1-Minitaur-8B,True,256,0,powerlaw_cluster,15.3515625,False,25,False,,0.0,normal,both,2500,250,Llama-3.1-Minitaur-8B-base,Llama-3.1-Minitaur-8B,False,0.0,0.0,0.0,0.0,1.0,1.0,0.0,0.0,0.0,0.0,1.0,0.0,1.0,0.0,0.0,0.4552556818181818,1.3358462940562854,0,,,,,11,True
visualizer_v2_e2_base_vs_lora_20054.json,e2_base_vs_lora,20054,9867252,54,20054,google/gemma-3-4b-pt,True,256,4,powerlaw_cluster,15.361538461538462,False,25,True,,1.0,normal,both,2500,250,gemma-3-4b-pt-base,gemma-3-4b-pt,False,0.133984375,0.5802935317176803,-0.014453125,0.03046875,1.0,0.85546875,-0.14453125,0.0,0.5959838258557496,0.044842530503237395,0.7813960040221598,0.21441441441441442,0.8461277906680984,0.13046701153765944,0.044842530503237395,0.6654829545454546,1.4222695231437683,343,0.6268221574344023,1.0627244332093886,,,11,True
visualizer_v2_e2_base_vs_lora_20055.json,e2_base_vs_lora,20055,9867269,55,20055,Qwen/Qwen2.5-7B-Instruct,True,256,0,random,15.9375,False,28,True,,0.5,normal,both,2500,250,Qwen2.5-7B-Instruct-base,Qwen2.5-7B-Instruct,False,0.0078125,0.2444444444444444,0.0,0.003515625,1.0,1.0,0.0,0.0,0.0,0.0,1.0,0.0,1.0,0.0,0.0,0.9989346590909091,8.633369309700687,20,0.15,3.522798037528992,,,11,True
visualizer_v2_e2_base_vs_lora_20056.json,e2_base_vs_lora,20056,9867270,56,20056,meta-llama/Llama-3.1-8B,True,256,1,random,15.229571984435797,False,28,True,,1.0,normal,both,2500,250,Llama-3.1-8B-base,Llama-3.1-8B,False,0.046484375,0.49989316239316234,-0.002734375,0.01953125,1.0,0.97265625,-0.02734375,0.0,0.18089075961189305,0.0027854657423313366,0.9489242648225814,0.060041407867494824,0.9816644787581024,0.01843284137375225,0.0027854657423313366,0.5603693181818182,2.000157294625586,119,0.7310924369747899,0.7772565569196429,,,11,True
visualizer_v2_e2_base_vs_lora_20057.json,e2_base_vs_lora,20057,9867271,57,20057,google/gemma-3-4b-pt,True,256,4,random,15.815384615384616,False,25,True,,0.5,normal,both,2500,250,gemma-3-4b-pt-base,gemma-3-4b-pt,False,0.15390625,0.6276764355115928,-0.003125,0.042578125,1.0,0.96875,-0.03125,0.0,0.20062232431271465,0.019655324638586772,0.9478354480201658,0.059846547314578,0.9530297499308183,0.0368271707807093,0.019655324638586772,0.6825284090909091,1.1390456828204067,394,0.8426395939086294,0.675303812559486,,,11,True
visualizer_v2_e2_base_vs_lora_20058.json,e2_base_vs_lora,20058,9867293,58,20058,meta-llama/Llama-3.1-8B,True,256,4,powerlaw_cluster,15.3,False,29,False,,0.0,normal,both,2500,250,Llama-3.1-8B-base,Llama-3.1-8B,False,0.0,0.0,0.0,0.0,1.0,1.0,0.0,0.0,0.0,0.0,1.0,0.0,1.0,0.0,0.0,0.34517045454545453,5.066654552112926,0,,,,,11,True
visualizer_v2_e2_base_vs_lora_20059.json,e2_base_vs_lora,20059,9867294,59,20059,meta-llama/Llama-3.1-8B,True,256,4,random,15.753846153846155,False,25,False,,0.5,normal,both,2500,250,Llama-3.1-8B-base,Llama-3.1-8B,False,0.00390625,0.1,0.0,0.001953125,1.0,1.0,0.0,0.0,0.0,0.0,1.0,0.0,1.0,0.0,0.0,0.8039772727272727,1.7212194962935015,10,1.0,0.43671875,,,11,True
visualizer_v2_e2_base_vs_lora_20060.json,e2_base_vs_lora,20060,9867295,60,20060,Qwen/Qwen2.5-7B-Instruct,True,256,1,powerlaw_cluster,15.26070038910506,False,25,True,,0.0,normal,both,2500,250,Qwen2.5-7B-Instruct-base,Qwen2.5-7B-Instruct,False,0.01171875,0.1,0.0,0.003515625,1.0,1.0,0.0,0.0,0.0,0.0,1.0,0.0,1.0,0.0,0.0,0.9978693181818182,18.090023221617397,30,0.16666666666666666,6.573420604070027,,,11,True
visualizer_v2_e2_base_vs_lora_20061.json,e2_base_vs_lora,20061,9867296,61,20061,meta-llama/Llama-3.1-8B,True,256,0,random,16.1953125,False,25,True,,0.5,normal,both,2500,250,Llama-3.1-8B-base,Llama-3.1-8B,False,0.0234375,0.45730519480519477,-0.00078125,0.01015625,1.0,0.9921875,-0.0078125,0.0,0.06591441234324169,-0.005759449096174414,0.9796721401272677,0.014954172696575013,0.9932929030511176,0.007116071113604675,-0.005759449096174414,0.4119318181818182,1.2689628357237035,60,0.5833333333333334,0.8770182291666667,,,11,True
visualizer_v2_e2_base_vs_lora_20062.json,e2_base_vs_lora,20062,9867428,62,20062,marcelbinz/Llama-3.1-Minitaur-8B,True,256,4,random,15.4,False,25,True,,0.5,normal,both,2500,250,Llama-3.1-Minitaur-8B-base,Llama-3.1-Minitaur-8B,False,0.020703125,0.4087301587301587,-0.001953125,0.009375,1.0,0.98046875,-0.01953125,0.0,0.13880049798406022,0.000942273358458831,0.9617379741405083,0.044831223628691984,0.9595978842897501,0.03609513780543587,0.000942273358458831,0.5255681818181818,1.718447427858006,53,0.6037735849056604,0.9299454599056604,,,11,True
visualizer_v2_e2_base_vs_lora_20063.json,e2_base_vs_lora,20063,9867429,63,20063,marcelbinz/Llama-3.1-Minitaur-8B,True,256,0,random,15.4296875,True,28,False,,1.0,normal,both,2500,250,Llama-3.1-Minitaur-8B-base,Llama-3.1-Minitaur-8B,False,0.0,0.0,0.0,0.0,1.0,1.0,0.0,0.0,0.0,0.0,1.0,0.0,1.0,0.0,0.0,0.7503551136363636,1.5467267469926314,0,,,,,11,True
visualizer_v2_e2_base_vs_lora_20064.json,e2_base_vs_lora,20064,9867454,64,20064,Qwen/Qwen2.5-7B-Instruct,True,256,4,powerlaw_cluster,15.23076923076923,False,28,False,,1.0,normal,both,2500,250,Qwen2.5-7B-Instruct-base,Qwen2.5-7B-Instruct,False,0.10390625,0.2785049833887043,0.0,0.032421875,1.0,1.0,0.0,0.0,0.0,0.0,1.0,0.0,1.0,0.0,0.0,0.9691051136363636,7.2383213512684135,266,0.18421052631578946,3.2269770332745145,,,11,True
visualizer_v2_e2_base_vs_lora_20065.json,e2_base_vs_lora,20065,9867535,65,20065,marcelbinz/Llama-3.1-Minitaur-8B,True,256,0,random,16.1015625,True,25,False,,1.0,normal,both,2500,250,Llama-3.1-Minitaur-8B-base,Llama-3.1-Minitaur-8B,False,0.0,0.0,0.0,0.0,1.0,1.0,0.0,0.0,0.0,0.0,1.0,0.0,1.0,0.0,0.0,0.7404119318181818,1.5265331268310547,0,,,,,11,True
visualizer_v2_e2_base_vs_lora_20066.json,e2_base_vs_lora,20066,9867536,66,20066,marcelbinz/Llama-3.1-Minitaur-8B,True,256,1,random,15.626459143968871,True,25,False,,1.0,normal,both,2500,250,Llama-3.1-Minitaur-8B-base,Llama-3.1-Minitaur-8B,False,0.0,0.0,0.0,0.0,1.0,1.0,0.0,0.0,0.0,0.0,1.0,0.0,1.0,0.0,0.0,0.80078125,1.7227153778076172,0,,,,,11,True
visualizer_v2_e2_base_vs_lora_20067.json,e2_base_vs_lora,20067,9867537,67,20067,meta-llama/Llama-3.1-8B,True,256,1,random,15.59533073929961,True,28,False,,0.0,normal,both,2500,250,Llama-3.1-8B-base,Llama-3.1-8B,False,0.00625,0.1,0.0,0.003125,1.0,1.0,0.0,0.0,0.0,0.0,1.0,0.0,1.0,0.0,0.0,0.7379261363636364,1.682890458540483,16,1.0,0.541015625,,,11,True
visualizer_v2_e2_base_vs_lora_20068.json,e2_base_vs_lora,20068,9867538,68,20068,google/gemma-3-4b-pt,True,256,4,random,16.546153846153846,True,25,False,,1.0,normal,both,2500,250,gemma-3-4b-pt-base,gemma-3-4b-pt,False,0.1109375,0.6252289377289377,-0.00078125,0.02421875,1.0,0.9921875,-0.0078125,0.0,0.06591441234324169,-0.0034940896346744572,0.9787630351640604,0.0171990171990172,0.994602037334893,0.0024487717771073205,-0.0034940896346744572,0.5777698863636364,0.7257357510653409,284,0.9894366197183099,0.5122311014524648,,,11,True
visualizer_v2_e2_base_vs_lora_20069.json,e2_base_vs_lora,20069,9867580,69,20069,marcelbinz/Llama-3.1-Minitaur-8B,True,256,4,random,15.546153846153846,False,28,True,,0.0,normal,both,2500,250,Llama-3.1-Minitaur-8B-base,Llama-3.1-Minitaur-8B,False,0.019140625,0.5083333333333333,-0.000390625,0.009375,1.0,0.99609375,-0.00390625,0.0,0.03687450625387198,-0.0025869237165455153,0.9885621135801945,0.008877284595300261,0.9898452612776116,0.010357428088724458,-0.0025869237165455153,0.5997869318181818,1.5975066206671975,49,0.46938775510204084,1.1637623066804847,,,11,True
visualizer_v2_e2_base_vs_lora_20070.json,e2_base_vs_lora,20070,9867581,70,20070,marcelbinz/Llama-3.1-Minitaur-8B,True,256,1,powerlaw_cluster,15.369649805447471,True,29,False,,0.0,normal,both,2500,250,Llama-3.1-Minitaur-8B-base,Llama-3.1-Minitaur-8B,False,0.0,0.0,0.0,0.0,1.0,1.0,0.0,0.0,0.0,0.0,1.0,0.0,1.0,0.0,0.0,0.019176136363636364,4.118906888094815,0,,,,,11,True
visualizer_v2_e2_base_vs_lora_20071.json,e2_base_vs_lora,20071,9867604,71,20071,marcelbinz/Llama-3.1-Minitaur-8B,True,256,0,powerlaw_cluster,15.3046875,True,29,True,,1.0,normal,both,2500,250,Llama-3.1-Minitaur-8B-base,Llama-3.1-Minitaur-8B,False,0.0265625,0.5047619047619047,-0.0015625,0.008203125,1.0,0.984375,-0.015625,0.0,0.11611507530476971,0.004104611097516787,0.9695970616320717,0.04134762633996937,0.9831931922531095,0.016919261787458333,0.004104611097516787,0.2634943181818182,3.3171886185353454,68,0.5,1.7070393281824447,,,11,True
visualizer_v2_e2_base_vs_lora_20072.json,e2_base_vs_lora,20072,9867605,72,20072,Qwen/Qwen2.5-7B-Instruct,True,256,0,powerlaw_cluster,15.2890625,False,29,False,,0.5,normal,both,2500,250,Qwen2.5-7B-Instruct-base,Qwen2.5-7B-Instruct,False,0.262890625,0.5284775825906796,0.019921875,0.0828125,0.66796875,0.8671875,0.19921875,0.916988243682839,0.5651013322959568,-0.0390499358584688,0.7623532112206572,0.2468063362289218,0.7749812137631164,0.21260584684893957,-0.010245543929625862,0.17613636363636365,6.466185304505581,673,0.08915304606240713,5.129506793985749,,,11,True
visualizer_v2_e2_base_vs_lora_20073.json,e2_base_vs_lora,20073,9867606,73,20073,google/gemma-3-4b-pt,True,256,4,random,15.307692307692308,True,25,True,,1.0,normal,both,2500,250,gemma-3-4b-pt-base,gemma-3-4b-pt,False,0.1015625,0.840609857978279,-0.00625,0.0328125,1.0,0.9375,-0.0625,0.0,0.3372900666170139,-0.05331663612495783,0.8636529460678068,0.1235356762513312,0.9657688542929019,0.03272983009352027,-0.05331663612495783,0.6928267045454546,1.5522012873129412,260,0.6230769230769231,1.0901804410494291,,,11,True
visualizer_v2_e2_base_vs_lora_20074.json,e2_base_vs_lora,20074,9867607,74,20074,marcelbinz/Llama-3.1-Minitaur-8B,True,256,0,random,16.5546875,True,28,False,,0.0,normal,both,2500,250,Llama-3.1-Minitaur-8B-base,Llama-3.1-Minitaur-8B,False,0.0,0.0,0.0,0.0,1.0,1.0,0.0,0.0,0.0,0.0,1.0,0.0,1.0,0.0,0.0,0.8799715909090909,1.8669674613259055,0,,,,,11,True
visualizer_v2_e2_base_vs_lora_20075.json,e2_base_vs_lora,20075,9867636,75,20075,Qwen/Qwen2.5-7B-Instruct,True,256,0,random,15.6796875,False,28,False,,0.0,normal,both,2500,250,Qwen2.5-7B-Instruct-base,Qwen2.5-7B-Instruct,False,0.0,0.0,0.0,0.0,1.0,1.0,0.0,0.0,0.0,0.0,1.0,0.0,1.0,0.0,0.0,1.0,9.346837244546888,0,,,,,11,True
visualizer_v2_e2_base_vs_lora_20076.json,e2_base_vs_lora,20076,9867637,76,20076,google/gemma-3-4b-pt,True,256,0,random,15.71875,True,29,True,,0.5,normal,both,2500,250,gemma-3-4b-pt-base,gemma-3-4b-pt,False,0.01796875,0.41538461538461535,0.0,0.00859375,1.0,1.0,0.0,0.0,0.0,0.0,1.0,0.0,1.0,0.0,0.0,0.3057528409090909,1.8428775613958186,46,0.43478260869565216,1.4339864979619565,,,11,True
visualizer_v2_e2_base_vs_lora_20077.json,e2_base_vs_lora,20077,9867638,77,20077,marcelbinz/Llama-3.1-Minitaur-8B,True,256,1,random,16.280155642023345,True,25,False,,1.0,normal,both,2500,250,Llama-3.1-Minitaur-8B-base,Llama-3.1-Minitaur-8B,False,0.0,0.0,0.0,0.0,1.0,1.0,0.0,0.0,0.0,0.0,1.0,0.0,1.0,0.0,0.0,0.7414772727272727,1.4515219601717861,0,,,,,11,True
visualizer_v2_e2_base_vs_lora_20078.json,e2_base_vs_lora,20078,9867639,78,20078,Qwen/Qwen2.5-7B-Instruct,True,256,4,powerlaw_cluster,15.3,True,28,True,,0.5,normal,both,2500,250,Qwen2.5-7B-Instruct-base,Qwen2.5-7B-Instruct,False,0.1453125,0.4867141740385037,-0.0046875,0.048828125,1.0,0.953125,-0.046875,0.0,0.2729708579140699,-0.054630066770081184,0.9014407376911363,0.10388821385176185,0.8872006390127389,0.09210405994595985,-0.054630066770081184,0.9559659090909091,6.1772731336426325,372,0.17473118279569894,4.406457557473131,,,11,True
visualizer_v2_e2_base_vs_lora_20079.json,e2_base_vs_lora,20079,9867640,79,20079,marcelbinz/Llama-3.1-Minitaur-8B,True,256,4,powerlaw_cluster,15.376923076923077,False,25,True,,1.0,normal,both,2500,250,Llama-3.1-Minitaur-8B-base,Llama-3.1-Minitaur-8B,False,0.017578125,0.5359615384615385,-0.000390625,0.00625,1.0,0.99609375,-0.00390625,0.0,0.03687450625387198,-0.004886988393404817,0.9929996292176492,0.015197568389057751,0.9923498203076554,0.006778594451079961,-0.004886988393404817,0.5646306818181818,2.3190310936082494,45,0.6666666666666666,1.0012027316623264,,,11,True
visualizer_v2_e2_base_vs_lora_20080.json,e2_base_vs_lora,20080,9867641,80,20080,Qwen/Qwen2.5-7B-Instruct,True,256,0,random,15.546875,False,28,False,,0.5,normal,both,2500,250,Qwen2.5-7B-Instruct-base,Qwen2.5-7B-Instruct,False,0.0,0.0,0.0,0.0,1.0,1.0,0.0,0.0,0.0,0.0,1.0,0.0,1.0,0.0,0.0,1.0,9.193426462906329,0,,,,,11,True
visualizer_v2_e2_base_vs_lora_20081.json,e2_base_vs_lora,20081,9867642,81,20081,marcelbinz/Llama-3.1-Minitaur-8B,True,256,1,powerlaw_cluster,15.377431906614786,False,25,False,,0.0,normal,both,2500,250,Llama-3.1-Minitaur-8B-base,Llama-3.1-Minitaur-8B,False,0.0078125,0.425,0.0,0.003515625,1.0,1.0,0.0,0.0,0.0,0.0,1.0,0.0,1.0,0.0,0.0,0.4609375,1.1784019470214844,20,0.6,0.755224609375,,,11,True
visualizer_v2_e2_base_vs_lora_20082.json,e2_base_vs_lora,20082,9867703,82,20082,Qwen/Qwen2.5-7B-Instruct,True,256,1,powerlaw_cluster,15.29182879377432,True,29,False,,1.0,normal,both,2500,250,Qwen2.5-7B-Instruct-base,Qwen2.5-7B-Instruct,False,0.37578125,0.5524481748290582,0.02265625,0.133203125,0.66796875,0.89453125,0.2265625,0.916988243682839,0.4860951951851023,0.01476321985402646,0.8045911527136369,0.18860827512090275,0.7385231845301891,0.24717191399479027,0.010540383844107597,0.3913352272727273,5.758111452260478,962,0.12474012474012475,4.837422604868169,,,11,True
visualizer_v2_e2_base_vs_lora_20083.json,e2_base_vs_lora,20083,9867826,83,20083,google/gemma-3-4b-pt,True,256,1,random,15.61089494163424,False,29,True,,1.0,normal,both,2500,250,gemma-3-4b-pt-base,gemma-3-4b-pt,False,0.030078125,0.4440151515151515,-0.001953125,0.013671875,1.0,0.98046875,-0.01953125,0.0,0.13880049798406022,-0.019123790187056563,0.9581487711298896,0.03785966683493185,0.9908406257960923,0.006945110831002683,-0.019123790187056563,0.10901988636363637,1.5916702855717053,77,0.5324675324675324,1.1262460683847402,,,11,True
visualizer_v2_e2_base_vs_lora_20084.json,e2_base_vs_lora,20084,9867835,84,20084,google/gemma-3-4b-pt,True,256,4,random,16.03846153846154,False,25,False,,0.0,normal,both,2500,250,gemma-3-4b-pt-base,gemma-3-4b-pt,False,0.12890625,0.5194327731092437,-0.0015625,0.0140625,1.0,0.984375,-0.015625,0.0,0.11611507530476971,-0.017386954478617704,0.9689066301458945,0.034447821681864235,0.9656245292972029,0.02984404669234998,-0.017386954478617704,0.4289772727272727,0.7466862418434836,330,0.9757575757575757,0.538580137310606,,,11,True
visualizer_v2_e2_base_vs_lora_20085.json,e2_base_vs_lora,20085,9867836,85,20085,Qwen/Qwen2.5-7B-Instruct,True,256,4,random,16.523076923076925,False,29,False,,0.5,normal,both,2500,250,Qwen2.5-7B-Instruct-base,Qwen2.5-7B-Instruct,False,0.42578125,0.5671622142650234,0.0046875,0.1671875,0.66796875,0.71484375,0.046875,0.916988243682839,0.8623817843585116,0.01406658505635936,0.577503315075877,0.4017638412542871,0.5900633756572466,0.3684302923963974,0.028690268889653668,0.6356534090909091,6.415233157956126,1090,0.0981651376146789,6.1005235626063214,,,11,True
visualizer_v2_e2_base_vs_lora_20086.json,e2_base_vs_lora,20086,9867929,86,20086,Qwen/Qwen2.5-7B-Instruct,True,256,4,powerlaw_cluster,15.292307692307693,False,25,True,,0.0,normal,both,2500,250,Qwen2.5-7B-Instruct-base,Qwen2.5-7B-Instruct,False,0.011328125,0.2166666666666667,-0.000390625,0.00390625,1.0,0.99609375,-0.00390625,0.0,0.03687450625387198,-2.2717938641393023e-14,0.9832621408593948,0.004886988393402566,0.9894488476308971,0.006037966904717923,-2.2717938641393023e-14,0.9950284090909091,16.492519481784917,29,0.20689655172413793,7.242381371300796,,,11,True
visualizer_v2_e2_base_vs_lora_20087.json,e2_base_vs_lora,20087,9867930,87,20087,meta-llama/Llama-3.1-8B,True,256,0,powerlaw_cluster,15.34375,True,25,False,,0.5,normal,both,2500,250,Llama-3.1-8B-base,Llama-3.1-8B,False,0.0109375,0.3142857142857143,0.0,0.0046875,1.0,1.0,0.0,0.0,0.0,0.0,1.0,0.0,1.0,0.0,0.0,0.5490056818181818,1.0981610038063743,28,0.7142857142857143,0.6315569196428571,,,11,True
visualizer_v2_e2_base_vs_lora_20088.json,e2_base_vs_lora,20088,9867931,88,20088,Qwen/Qwen2.5-7B-Instruct,True,256,1,powerlaw_cluster,15.29182879377432,True,25,False,,0.5,normal,both,2500,250,Qwen2.5-7B-Instruct-base,Qwen2.5-7B-Instruct,False,0.00625,0.125,0.0,0.001171875,1.0,1.0,0.0,0.0,0.0,0.0,1.0,0.0,1.0,0.0,0.0,0.9968039772727273,17.417631724722344,16,0.3125,9.31535891443491,,,11,True
visualizer_v2_e2_base_vs_lora_20089.json,e2_base_vs_lora,20089,9867932,89,20089,meta-llama/Llama-3.1-8B,True,256,0,powerlaw_cluster,15.359375,False,29,False,,0.5,normal,both,2500,250,Llama-3.1-8B-base,Llama-3.1-8B,False,0.0,0.0,0.0,0.0,1.0,1.0,0.0,0.0,0.0,0.0,1.0,0.0,1.0,0.0,0.0,0.04012784090909091,4.3206939697265625,0,,,,,11,True
visualizer_v2_e2_base_vs_lora_20090.json,e2_base_vs_lora,20090,9867933,90,20090,marcelbinz/Llama-3.1-Minitaur-8B,True,256,4,powerlaw_cluster,15.315384615384616,True,25,False,,1.0,normal,both,2500,250,Llama-3.1-Minitaur-8B-base,Llama-3.1-Minitaur-8B,False,0.00078125,0.1,0.0,0.0,1.0,1.0,0.0,0.0,0.0,0.0,1.0,0.0,1.0,0.0,0.0,0.7883522727272727,1.597482681274414,2,0.5,0.92578125,,,11,True
visualizer_v2_e2_base_vs_lora_20091.json,e2_base_vs_lora,20091,9867934,91,20091,meta-llama/Llama-3.1-8B,True,256,4,powerlaw_cluster,15.361538461538462,False,25,False,,0.5,normal,both,2500,250,Llama-3.1-8B-base,Llama-3.1-8B,False,0.00078125,0.1,0.0,0.000390625,1.0,1.0,0.0,0.0,0.0,0.0,1.0,0.0,1.0,0.0,0.0,0.8728693181818182,1.890537608753551,2,1.0,0.296875,,,11,True
visualizer_v2_e2_base_vs_lora_20092.json,e2_base_vs_lora,20092,9867941,92,20092,google/gemma-3-4b-pt,True,256,0,random,15.5859375,True,29,True,,1.0,normal,both,2500,250,gemma-3-4b-pt-base,gemma-3-4b-pt,False,0.023046875,0.4691666666666666,-0.001953125,0.01015625,1.0,0.98046875,-0.01953125,0.0,0.13880049798406022,0.03553299492385163,0.9679651381262642,0.03609022556390978,0.9902672039491452,0.010197085151331716,0.03553299492385163,0.15767045454545456,1.644113302230835,59,0.559322033898305,1.0910706600900424,,,11,True
visualizer_v2_e2_base_vs_lora_20093.json,e2_base_vs_lora,20093,9867942,93,20093,meta-llama/Llama-3.1-8B,True,256,0,random,16.0234375,True,28,True,,1.0,normal,both,2500,250,Llama-3.1-8B-base,Llama-3.1-8B,False,0.0296875,0.49142857142857144,-0.0015625,0.013671875,1.0,0.984375,-0.015625,0.0,0.11611507530476971,0.016678063081116242,0.9701188372341751,0.029741589468551925,0.9844664652381594,0.013722886314297139,0.016678063081116242,0.5269886363636364,2.221284793181853,76,0.7236842105263158,0.8065635279605263,,,11,True
visualizer_v2_e2_base_vs_lora_20094.json,e2_base_vs_lora,20094,9867949,94,20094,Qwen/Qwen2.5-7B-Instruct,True,256,4,powerlaw_cluster,15.361538461538462,False,28,True,,0.5,normal,both,2500,250,Qwen2.5-7B-Instruct-base,Qwen2.5-7B-Instruct,False,0.128125,0.4605822683136009,-0.00234375,0.0453125,1.0,0.9765625,-0.0234375,0.0,0.16032872589902855,-0.001637789845701049,0.9494653742872369,0.0494047619047619,0.9489602556933743,0.04639023357089329,-0.001637789845701049,0.9637784090909091,6.478157866915518,328,0.13109756097560976,5.000504983997926,,,11,True
visualizer_v2_e2_base_vs_lora_20095.json,e2_base_vs_lora,20095,9867950,95,20095,Qwen/Qwen2.5-7B-Instruct,True,256,4,random,16.192307692307693,True,29,False,,0.0,normal,both,2500,250,Qwen2.5-7B-Instruct-base,Qwen2.5-7B-Instruct,False,0.48046875,0.5911651565521693,-0.00234375,0.17265625,0.66796875,0.64453125,-0.0234375,0.916988243682839,0.9388575093412463,-0.019988858525202324,0.5307344660922195,0.46693386773547096,0.5361996309915218,0.43444114348559465,-0.010154936609477971,0.43394886363636365,5.533131420358338,1230,0.1040650406504065,5.452089830336532,,,11,True
visualizer_v2_e2_base_vs_lora_20096.json,e2_base_vs_lora,20096,9867957,96,20096,meta-llama/Llama-3.1-8B,True,256,1,random,15.439688715953308,True,29,False,,0.5,normal,both,2500,250,Llama-3.1-8B-base,Llama-3.1-8B,False,0.0,0.0,0.0,0.0,1.0,1.0,0.0,0.0,0.0,0.0,1.0,0.0,1.0,0.0,0.0,0.04616477272727273,4.335314663973722,0,,,,,11,True
visualizer_v2_e2_base_vs_lora_20097.json,e2_base_vs_lora,20097,9867958,97,20097,Qwen/Qwen2.5-7B-Instruct,True,256,0,random,15.734375,True,25,False,,0.0,normal,both,2500,250,Qwen2.5-7B-Instruct-base,Qwen2.5-7B-Instruct,False,0.0,0.0,0.0,0.0,1.0,1.0,0.0,0.0,0.0,0.0,1.0,0.0,1.0,0.0,0.0,1.0,19.22595807651735,0,,,,,11,True
visualizer_v2_e2_base_vs_lora_20098.json,e2_base_vs_lora,20098,9867959,98,20098,google/gemma-3-4b-pt,True,256,1,random,15.719844357976653,True,29,False,,1.0,normal,both,2500,250,gemma-3-4b-pt-base,gemma-3-4b-pt,False,0.0,0.0,0.0,0.0,1.0,1.0,0.0,0.0,0.0,0.0,1.0,0.0,1.0,0.0,0.0,0.006747159090909091,2.372435136274858,0,,,,,11,True
visualizer_v2_e2_base_vs_lora_20099.json,e2_base_vs_lora,20099,9867977,99,20099,Qwen/Qwen2.5-7B-Instruct,True,256,1,random,16.46692607003891,True,29,True,,1.0,normal,both,2500,250,Qwen2.5-7B-Instruct-base,Qwen2.5-7B-Instruct,False,0.374609375,0.5380366463194218,-0.012890625,0.146484375,0.66796875,0.5390625,-0.12890625,0.916988243682839,0.9955927544527945,-0.0013652298720775626,0.5041303311087735,0.49784585926280517,0.5995365372746063,0.401926905575148,0.0040109248860539905,0.6583806818181818,6.429429616186429,959,0.09280500521376434,5.929063732606651,,,11,True
visualizer_v2_e2_base_vs_lora_20100.json,e2_base_vs_lora,20100,9867983,100,20100,google/gemma-3-4b-pt,True,256,0,random,15.578125,False,29,True,,0.5,normal,both,2500,250,gemma-3-4b-pt-base,gemma-3-4b-pt,False,0.008203125,0.5166666666666666,-0.000390625,0.003515625,1.0,0.99609375,-0.00390625,0.0,0.03687450625387198,-0.001741576796836249,0.9864957392677058,0.007522567703109328,0.9967761934283943,0.0004133085348212441,-0.001741576796836249,0.09978693181818182,1.9575726769187234,21,0.5238095238095238,1.0217866443452381,,,11,True
visualizer_v2_e2_base_vs_lora_20101.json,e2_base_vs_lora,20101,9867984,101,20101,marcelbinz/Llama-3.1-Minitaur-8B,True,256,4,random,16.03076923076923,True,29,True,,0.5,normal,both,2500,250,Llama-3.1-Minitaur-8B-base,Llama-3.1-Minitaur-8B,False,0.032421875,0.3898989898989899,-0.003515625,0.0125,1.0,0.96484375,-0.03515625,0.0,0.21962487806876488,0.012523316743934868,0.9269580691033625,0.06521739130434782,0.9541883069326952,0.04170479815589639,0.012523316743934868,0.4669744318181818,2.6255404461513865,83,0.3614457831325301,1.6591568912368222,,,11,True
visualizer_v2_e2_base_vs_lora_20102.json,e2_base_vs_lora,20102,9867985,102,20102,Qwen/Qwen2.5-7B-Instruct,True,256,0,random,15.875,True,29,False,,0.5,normal,both,2500,250,Qwen2.5-7B-Instruct-base,Qwen2.5-7B-Instruct,False,0.25234375,0.5505414192776605,0.01953125,0.10703125,0.66796875,0.86328125,0.1953125,0.916988243682839,0.5755805811774211,0.013132830397676173,0.7312022636460856,0.22785433070866143,0.7413414312645579,0.24927059337649973,0.030900237684534378,0.18217329545454544,6.002952130680734,646,0.14860681114551083,4.424193542070064,,,11,True
visualizer_v2_e2_base_vs_lora_20103.json,e2_base_vs_lora,20103,9867986,103,20103,marcelbinz/Llama-3.1-Minitaur-8B,True,256,1,random,15.696498054474707,True,29,True,,0.0,normal,both,2500,250,Llama-3.1-Minitaur-8B-base,Llama-3.1-Minitaur-8B,False,0.02421875,0.459018759018759,-0.003125,0.009765625,1.0,0.96875,-0.03125,0.0,0.20062232431271465,-0.009855700997203292,0.9406448588838763,0.05474635861376193,0.9404316366425948,0.05619332372643136,-0.009855700997203292,0.5610795454545454,3.120641193606637,62,0.27419354838709675,2.295350105531754,,,11,True
visualizer_v2_e2_base_vs_lora_20104.json,e2_base_vs_lora,20104,9867995,104,20104,Qwen/Qwen2.5-7B-Instruct,True,256,1,powerlaw_cluster,15.29182879377432,True,25,True,,1.0,normal,both,2500,250,Qwen2.5-7B-Instruct-base,Qwen2.5-7B-Instruct,False,0.01328125,0.175,0.0,0.00546875,1.0,1.0,0.0,0.0,0.0,0.0,1.0,0.0,1.0,0.0,0.0,0.9957386363636364,17.1122703732584,34,0.20588235294117646,7.288979586432962,,,11,True
visualizer_v2_e2_base_vs_lora_20105.json,e2_base_vs_lora,20105,9867996,105,20105,marcelbinz/Llama-3.1-Minitaur-8B,True,256,1,random,15.268482490272374,False,25,True,,0.0,normal,both,2500,250,Llama-3.1-Minitaur-8B-base,Llama-3.1-Minitaur-8B,False,0.030078125,0.46579365079365076,-0.001171875,0.01328125,1.0,0.98828125,-0.01171875,0.0,0.09198335195381278,0.03272056371841039,0.9828295590953819,0.02326783867631851,0.9804119144523088,0.021212939129751213,0.03272056371841039,0.5,1.6701234606179325,77,0.5714285714285714,1.0836498706371753,,,11,True
visualizer_v2_e2_base_vs_lora_20106.json,e2_base_vs_lora,20106,9867997,106,20106,Qwen/Qwen2.5-7B-Instruct,True,256,0,random,16.0703125,True,28,True,,1.0,normal,both,2500,250,Qwen2.5-7B-Instruct-base,Qwen2.5-7B-Instruct,False,0.012890625,0.2,-0.000390625,0.005859375,1.0,0.99609375,-0.00390625,0.0,0.03687450625387198,-0.0017044071098400696,0.9953155175113525,0.007778317938745746,0.9960537190082644,0.0019421487603305785,-0.0017044071098400696,0.9928977272727273,9.705292803574014,33,0.3333333333333333,3.1674117825248023,,,11,True
visualizer_v2_e2_base_vs_lora_20107.json,e2_base_vs_lora,20107,9868007,107,20107,google/gemma-3-4b-pt,True,256,0,powerlaw_cluster,15.3671875,True,28,False,,0.0,normal,both,2500,250,gemma-3-4b-pt-base,gemma-3-4b-pt,False,0.353515625,0.526482427093265,-0.049609375,0.085546875,1.0,0.50390625,-0.49609375,0.0,0.9999559719934967,-0.002494526102067788,0.5056241834668528,0.5012709710218607,0.5069629805381699,0.42881163678516904,-0.002494526102067788,0.3430397727272727,0.40878157182173297,905,0.994475138121547,0.411017351519337,,,11,True
visualizer_v2_e2_base_vs_lora_20108.json,e2_base_vs_lora,20108,9868008,108,20108,marcelbinz/Llama-3.1-Minitaur-8B,True,256,4,random,16.338461538461537,False,28,False,,1.0,normal,both,2500,250,Llama-3.1-Minitaur-8B-base,Llama-3.1-Minitaur-8B,False,0.0015625,0.15,0.0,0.00078125,1.0,1.0,0.0,0.0,0.0,0.0,1.0,0.0,1.0,0.0,0.0,0.8053977272727273,1.765738227150657,4,0.75,0.79296875,,,11,True
visualizer_v2_e2_base_vs_lora_20109.json,e2_base_vs_lora,20109,9868009,109,20109,marcelbinz/Llama-3.1-Minitaur-8B,True,256,0,powerlaw_cluster,15.3515625,False,29,True,,0.5,normal,both,2500,250,Llama-3.1-Minitaur-8B-base,Llama-3.1-Minitaur-8B,False,0.049609375,0.551246852992209,-0.000390625,0.01796875,1.0,0.99609375,-0.00390625,0.0,0.03687450625387198,0.0,0.9925466866414532,0.004071246819338422,0.9960898716447384,0.006139637646614481,0.0,0.37251420454545453,3.2229653271761807,127,0.2755905511811024,2.1431841512364667,,,11,True
visualizer_v2_e2_base_vs_lora_20110.json,e2_base_vs_lora,20110,9868010,110,20110,meta-llama/Llama-3.1-8B,True,256,4,random,15.807692307692308,False,28,True,,0.0,normal,both,2500,250,Llama-3.1-8B-base,Llama-3.1-8B,False,0.03671875,0.440261544011544,-0.00234375,0.016796875,1.0,0.9765625,-0.0234375,0.0,0.16032872589902855,-0.0031133044083052432,0.9506445465299006,0.04759467758444217,0.9429651560869816,0.06347683666704954,-0.0031133044083052432,0.5553977272727273,1.5334009230136871,94,0.425531914893617,1.2076656260388963,,,11,True
visualizer_v2_e2_base_vs_lora_20111.json,e2_base_vs_lora,20111,9868059,111,20111,Qwen/Qwen2.5-7B-Instruct,True,256,4,powerlaw_cluster,15.338461538461539,False,28,True,,1.0,normal,both,2500,250,Qwen2.5-7B-Instruct-base,Qwen2.5-7B-Instruct,False,0.1125,0.4702500176419555,0.0,0.042578125,1.0,1.0,0.0,0.0,0.0,0.0,1.0,0.0,1.0,0.0,0.0,0.9627130681818182,7.725846214304593,288,0.17708333333333334,4.140379887902075,,,11,True
visualizer_v2_e2_base_vs_lora_20112.json,e2_base_vs_lora,20112,9868060,112,20112,google/gemma-3-4b-pt,True,256,1,powerlaw_cluster,15.330739299610896,False,29,False,,0.5,normal,both,2500,250,gemma-3-4b-pt-base,gemma-3-4b-pt,False,0.0,0.0,0.0,0.0,1.0,1.0,0.0,0.0,0.0,0.0,1.0,0.0,1.0,0.0,0.0,0.014914772727272728,1.991484208540483,0,,,,,11,True
visualizer_v2_e2_base_vs_lora_20113.json,e2_base_vs_lora,20113,9868061,113,20113,meta-llama/Llama-3.1-8B,True,256,4,random,16.56153846153846,True,25,True,,0.0,normal,both,2500,250,Llama-3.1-8B-base,Llama-3.1-8B,False,0.025390625,0.38909090909090904,-0.003515625,0.01015625,1.0,0.96484375,-0.03515625,0.0,0.21962487806876488,0.02670729828285876,0.9232201504565027,0.06797066014669927,0.9261426468158489,0.08400270097984017,0.02670729828285876,0.5880681818181818,1.6190364387902347,65,0.4,1.3426447941706732,,,11,True
visualizer_v2_e2_base_vs_lora_20114.json,e2_base_vs_lora,20114,9868062,114,20114,meta-llama/Llama-3.1-8B,True,256,1,powerlaw_cluster,15.27626459143969,True,28,True,,0.0,normal,both,2500,250,Llama-3.1-8B-base,Llama-3.1-8B,False,0.015625,0.4125,-0.00546875,0.003515625,1.0,0.9453125,-0.0546875,0.0,0.30598487371383465,-0.005516936256929633,0.892878295080653,0.08533333333333333,0.8972920300454933,0.0940780931610097,-0.005516936256929633,0.5411931818181818,1.6053639081391422,40,0.575,1.1101593017578124,,,11,True
visualizer_v2_e2_base_vs_lora_20115.json,e2_base_vs_lora,20115,9868063,115,20115,Qwen/Qwen2.5-7B-Instruct,True,256,1,powerlaw_cluster,15.315175097276265,False,25,True,,1.0,normal,both,2500,250,Qwen2.5-7B-Instruct-base,Qwen2.5-7B-Instruct,False,0.0203125,0.29456582633053224,0.0,0.00625,1.0,1.0,0.0,0.0,0.0,0.0,1.0,0.0,1.0,0.0,0.0,0.99609375,17.074138253503904,52,0.15384615384615385,6.764666573359416,,,11,True
visualizer_v2_e2_base_vs_lora_20116.json,e2_base_vs_lora,20116,9868075,116,20116,meta-llama/Llama-3.1-8B,True,256,4,powerlaw_cluster,15.353846153846154,False,29,False,,0.0,normal,both,2500,250,Llama-3.1-8B-base,Llama-3.1-8B,False,0.0,0.0,0.0,0.0,1.0,1.0,0.0,0.0,0.0,0.0,1.0,0.0,1.0,0.0,0.0,0.08061079545454546,4.637270147150213,0,,,,,11,True
visualizer_v2_e2_base_vs_lora_20117.json,e2_base_vs_lora,20117,9868076,117,20117,Qwen/Qwen2.5-7B-Instruct,True,256,1,random,15.626459143968871,True,25,False,,0.5,normal,both,2500,250,Qwen2.5-7B-Instruct-base,Qwen2.5-7B-Instruct,False,0.003125,0.2,0.0,0.001171875,1.0,1.0,0.0,0.0,0.0,0.0,1.0,0.0,1.0,0.0,0.0,0.9978693181818182,17.258958564351566,8,0.25,6.4925243854522705,,,11,True
visualizer_v2_e2_base_vs_lora_20118.json,e2_base_vs_lora,20118,9868111,118,20118,google/gemma-3-4b-pt,True,256,4,powerlaw_cluster,15.307692307692308,True,29,False,,0.0,normal,both,2500,250,gemma-3-4b-pt-base,gemma-3-4b-pt,False,0.0,0.0,0.0,0.0,1.0,1.0,0.0,0.0,0.0,0.0,1.0,0.0,1.0,0.0,0.0,0.10085227272727272,2.285653894597834,0,,,,,11,True
visualizer_v2_e2_base_vs_lora_20119.json,e2_base_vs_lora,20119,9868112,119,20119,Qwen/Qwen2.5-7B-Instruct,True,256,1,random,16.801556420233464,False,25,False,,1.0,normal,both,2500,250,Qwen2.5-7B-Instruct-base,Qwen2.5-7B-Instruct,False,0.01796875,0.34190476190476193,0.0,0.008984375,1.0,1.0,0.0,0.0,0.0,0.0,1.0,0.0,1.0,0.0,0.0,0.9943181818181818,17.737381609537724,46,0.2391304347826087,5.844996576723845,,,11,True
visualizer_v2_e2_base_vs_lora_20120.json,e2_base_vs_lora,20120,9868129,120,20120,meta-llama/Llama-3.1-8B,True,256,0,powerlaw_cluster,15.34375,True,29,False,,0.5,normal,both,2500,250,Llama-3.1-8B-base,Llama-3.1-8B,False,0.0,0.0,0.0,0.0,1.0,1.0,0.0,0.0,0.0,0.0,1.0,0.0,1.0,0.0,0.0,0.15234375,4.577549327503551,0,,,,,11,True
visualizer_v2_e2_base_vs_lora_20121.json,e2_base_vs_lora,20121,9868130,121,20121,marcelbinz/Llama-3.1-Minitaur-8B,True,256,0,random,16.203125,False,29,True,,0.5,normal,both,2500,250,Llama-3.1-Minitaur-8B-base,Llama-3.1-Minitaur-8B,False,0.00625,0.4333333333333333,0.0,0.003125,1.0,1.0,0.0,0.0,0.0,0.0,1.0,0.0,1.0,0.0,0.0,0.28551136363636365,4.260361682284962,16,0.4375,2.32293701171875,,,11,True
visualizer_v2_e2_base_vs_lora_20122.json,e2_base_vs_lora,20122,9868140,122,20122,google/gemma-3-4b-pt,True,256,1,powerlaw_cluster,15.315175097276265,True,29,False,,1.0,normal,both,2500,250,gemma-3-4b-pt-base,gemma-3-4b-pt,False,0.0,0.0,0.0,0.0,1.0,1.0,0.0,0.0,0.0,0.0,1.0,0.0,1.0,0.0,0.0,0.010298295454545454,2.1308711658824575,0,,,,,11,True
visualizer_v2_e2_base_vs_lora_20123.json,e2_base_vs_lora,20123,9868141,123,20123,google/gemma-3-4b-pt,True,256,4,powerlaw_cluster,15.346153846153847,False,29,False,,0.0,normal,both,2500,250,gemma-3-4b-pt-base,gemma-3-4b-pt,False,0.0,0.0,0.0,0.0,1.0,1.0,0.0,0.0,0.0,0.0,1.0,0.0,1.0,0.0,0.0,0.007102272727272727,2.318218231201172,0,,,,,11,True
visualizer_v2_e2_base_vs_lora_20124.json,e2_base_vs_lora,20124,9868158,124,20124,google/gemma-3-4b-pt,True,256,4,powerlaw_cluster,15.384615384615385,False,28,False,,1.0,normal,both,2500,250,gemma-3-4b-pt-base,gemma-3-4b-pt,False,0.268359375,0.5549372739478955,-0.038671875,0.074609375,1.0,0.61328125,-0.38671875,0.0,0.9626493634223954,-0.00927985116914344,0.5213740876926299,0.4807578448786264,0.5209773724212189,0.4115328255352555,-0.00927985116914344,0.5724431818181818,0.3732053583318537,687,0.992721979621543,0.3538283524381368,,,11,True
visualizer_v2_e2_base_vs_lora_20125.json,e2_base_vs_lora,20125,9868159,125,20125,google/gemma-3-4b-pt,True,256,0,powerlaw_cluster,15.3046875,False,29,False,,0.5,normal,both,2500,250,gemma-3-4b-pt-base,gemma-3-4b-pt,False,0.0,0.0,0.0,0.0,1.0,1.0,0.0,0.0,0.0,0.0,1.0,0.0,1.0,0.0,0.0,0.00390625,2.4087101329456675,0,,,,,11,True
visualizer_v2_e2_base_vs_lora_20126.json,e2_base_vs_lora,20126,9868160,126,20126,google/gemma-3-4b-pt,True,256,4,random,15.738461538461538,True,28,True,,1.0,normal,both,2500,250,gemma-3-4b-pt-base,gemma-3-4b-pt,False,0.137109375,0.6097342026079973,-0.005859375,0.046875,1.0,0.94140625,-0.05859375,0.0,0.32183715247832606,-0.033739952808918935,0.8797377819108431,0.11477097272259393,0.9487701078962412,0.04699011237413393,-0.033739952808918935,0.6537642045454546,1.2317697676745327,351,0.6752136752136753,0.9708804051760594,,,11,True
visualizer_v2_e2_base_vs_lora_20127.json,e2_base_vs_lora,20127,9868161,127,20127,marcelbinz/Llama-3.1-Minitaur-8B,True,256,1,powerlaw_cluster,15.361867704280156,True,28,True,,0.0,normal,both,2500,250,Llama-3.1-Minitaur-8B-base,Llama-3.1-Minitaur-8B,False,0.0390625,0.46575396825396825,-0.00234375,0.01484375,1.0,0.9765625,-0.0234375,0.0,0.16032872589902855,0.021843157124360246,0.9558711629472634,0.07413333333333333,0.9546937190225065,0.04070627527789893,0.021843157124360246,0.5007102272727273,1.5354527668519453,100,0.62,1.0295184326171876,,,11,True
visualizer_v2_e2_base_vs_lora_20128.json,e2_base_vs_lora,20128,9868162,128,20128,google/gemma-3-4b-pt,True,256,1,random,15.859922178988327,True,29,False,,1.0,normal,both,2500,250,gemma-3-4b-pt-base,gemma-3-4b-pt,False,0.0,0.0,0.0,0.0,1.0,1.0,0.0,0.0,0.0,0.0,1.0,0.0,1.0,0.0,0.0,0.0031960227272727275,2.0462303161621094,0,,,,,11,True
visualizer_v2_e2_base_vs_lora_20129.json,e2_base_vs_lora,20129,9868199,129,20129,meta-llama/Llama-3.1-8B,True,256,1,random,15.805447470817121,False,29,True,,1.0,normal,both,2500,250,Llama-3.1-8B-base,Llama-3.1-8B,False,0.0234375,0.5416666666666666,-0.00078125,0.010546875,1.0,0.9921875,-0.0078125,0.0,0.06591441234324169,0.06802013485149416,0.9814270176611949,0.01245640259093174,0.9964342423090599,0.0010314469985195098,0.06802013485149416,0.18004261363636365,3.002217961983247,60,0.45,1.6767959594726562,,,11,True
visualizer_v2_e2_base_vs_lora_20130.json,e2_base_vs_lora,20130,9868200,130,20130,google/gemma-3-4b-pt,True,256,0,random,16.546875,False,28,False,,0.0,normal,both,2500,250,gemma-3-4b-pt-base,gemma-3-4b-pt,False,0.250390625,0.5258305487184356,-0.014453125,0.068359375,1.0,0.85546875,-0.14453125,0.0,0.5959838258557496,-0.010499906053472655,0.7302311395432391,0.24457034938621341,0.7461069619257447,0.24744140793129077,-0.010499906053472655,0.2958096590909091,0.4379615783691406,641,0.984399375975039,0.46573804358424337,,,11,True
visualizer_v2_e2_base_vs_lora_20131.json,e2_base_vs_lora,20131,9868201,131,20131,meta-llama/Llama-3.1-8B,True,256,1,powerlaw_cluster,15.315175097276265,True,25,False,,0.5,normal,both,2500,250,Llama-3.1-8B-base,Llama-3.1-8B,False,0.0015625,0.1,0.0,0.00078125,1.0,1.0,0.0,0.0,0.0,0.0,1.0,0.0,1.0,0.0,0.0,0.8210227272727273,1.4210763411088423,4,1.0,0.40185546875,,,11,True
visualizer_v2_e2_base_vs_lora_20132.json,e2_base_vs_lora,20132,9868202,132,20132,meta-llama/Llama-3.1-8B,True,256,0,random,15.4921875,False,25,True,,1.0,normal,both,2500,250,Llama-3.1-8B-base,Llama-3.1-8B,False,0.00390625,0.3,0.0,0.001171875,1.0,1.0,0.0,0.0,0.0,0.0,1.0,0.0,1.0,0.0,0.0,0.6484375,2.6928004026412964,10,0.5,1.07412109375,,,11,True
visualizer_v2_e2_base_vs_lora_20133.json,e2_base_vs_lora,20133,9868231,133,20133,Qwen/Qwen2.5-7B-Instruct,True,256,0,random,16.28125,True,28,True,,0.0,normal,both,2500,250,Qwen2.5-7B-Instruct-base,Qwen2.5-7B-Instruct,False,0.00234375,0.1,-0.00078125,0.000390625,1.0,0.9921875,-0.0078125,0.0,0.06591441234324169,-0.0009040569555755142,0.9828504850165198,0.008157389635316698,0.9858619965892694,0.011541936208000458,-0.0009040569555755142,0.9985795454545454,8.688564257950269,6,0.3333333333333333,5.254745324452718,,,11,True
visualizer_v2_e2_base_vs_lora_20134.json,e2_base_vs_lora,20134,9868232,134,20134,meta-llama/Llama-3.1-8B,True,256,4,powerlaw_cluster,15.284615384615385,True,29,True,,1.0,normal,both,2500,250,Llama-3.1-8B-base,Llama-3.1-8B,False,0.0390625,0.4530169340463459,-0.003125,0.01015625,1.0,0.96875,-0.03125,0.0,0.20062232431271465,-0.005664371105744765,0.9425705046123014,0.07353827606992164,0.9713334776829367,0.025904239553863305,-0.005664371105744765,0.24183238636363635,2.9320688383145765,100,0.46,1.563534698486328,,,11,True
visualizer_v2_e2_base_vs_lora_20135.json,e2_base_vs_lora,20135,9868233,135,20135,google/gemma-3-4b-pt,True,256,1,random,15.696498054474707,False,25,True,,1.0,normal,both,2500,250,gemma-3-4b-pt-base,gemma-3-4b-pt,False,0.125390625,0.7251058540774098,-0.006640625,0.03984375,1.0,0.93359375,-0.06640625,0.0,0.35236704918494266,-0.014097483815208452,0.8829889483096454,0.12562814070351758,0.9615161936415797,0.03174788633020202,-0.014097483815208452,0.69140625,1.3024638417092236,321,0.6978193146417445,0.915323703088493,,,11,True
visualizer_v2_e2_base_vs_lora_20136.json,e2_base_vs_lora,20136,9868234,136,20136,marcelbinz/Llama-3.1-Minitaur-8B,True,256,0,powerlaw_cluster,15.359375,True,29,False,,0.5,normal,both,2500,250,Llama-3.1-Minitaur-8B-base,Llama-3.1-Minitaur-8B,False,0.0,0.0,0.0,0.0,1.0,1.0,0.0,0.0,0.0,0.0,1.0,0.0,1.0,0.0,0.0,0.024502840909090908,4.179994756525213,0,,,,,11,True
visualizer_v2_e2_base_vs_lora_20137.json,e2_base_vs_lora,20137,9868235,137,20137,google/gemma-3-4b-pt,True,256,1,powerlaw_cluster,15.27626459143969,False,29,True,,0.5,normal,both,2500,250,gemma-3-4b-pt-base,gemma-3-4b-pt,False,0.011328125,0.42000000000000004,-0.001953125,0.003125,1.0,0.98046875,-0.01953125,0.0,0.13880049798406022,-0.0020509314647119002,0.9701731802925669,0.022054868208714364,0.9636762434026529,0.04313677283534554,-0.0020509314647119002,0.11434659090909091,1.6901389685544101,29,0.5862068965517241,0.8642914870689655,,,11,True
visualizer_v2_e2_base_vs_lora_20138.json,e2_base_vs_lora,20138,9868236,138,20138,Qwen/Qwen2.5-7B-Instruct,True,256,1,powerlaw_cluster,15.299610894941635,True,29,False,,0.5,normal,both,2500,250,Qwen2.5-7B-Instruct-base,Qwen2.5-7B-Instruct,False,0.46328125,0.5742953669407797,0.01953125,0.161328125,0.66796875,0.86328125,0.1953125,0.916988243682839,0.5755805811774211,0.004400784285005267,0.774822021029696,0.2535885167464115,0.7924134449105499,0.19701259118882392,-0.0058365542774397195,0.49644886363636365,5.626136667645452,1186,0.112141652613828,5.4718336434830706,,,11,True
visualizer_v2_e2_base_vs_lora_20139.json,e2_base_vs_lora,20139,9868237,139,20139,google/gemma-3-4b-pt,True,256,1,powerlaw_cluster,15.30739299610895,True,28,False,,1.0,normal,both,2500,250,gemma-3-4b-pt-base,gemma-3-4b-pt,False,0.1703125,0.6801472412463125,-0.00078125,0.051953125,1.0,0.9921875,-0.0078125,0.0,0.06591441234324169,-0.010426320667282225,0.9853612280167248,0.02247191011235955,0.9935124637308291,0.004259564981665113,-0.010426320667282225,0.36683238636363635,0.536147724498402,436,0.9908256880733946,0.46347521860665136,,,11,True
visualizer_v2_e2_base_vs_lora_20140.json,e2_base_vs_lora,20140,9868238,140,20140,google/gemma-3-4b-pt,True,256,0,random,15.859375,True,25,False,,0.0,normal,both,2500,250,gemma-3-4b-pt-base,gemma-3-4b-pt,False,0.269140625,0.4965696545248752,-0.022265625,0.068359375,1.0,0.77734375,-0.22265625,0.0,0.7649881629079047,0.003471073001003705,0.6507891334636164,0.3477832512315271,0.6509001558194271,0.31996327424117293,0.003471073001003705,0.3220880681818182,0.543639443137429,689,0.969521044992743,0.4062159833091437,,,11,True
visualizer_v2_e2_base_vs_lora_20141.json,e2_base_vs_lora,20141,9868239,141,20141,google/gemma-3-4b-pt,True,256,4,random,16.046153846153846,False,28,True,,0.0,normal,both,2500,250,gemma-3-4b-pt-base,gemma-3-4b-pt,False,0.240234375,0.5610200484575485,-0.007421875,0.073046875,1.0,0.92578125,-0.07421875,0.0,0.3814735439675174,0.030606389083720348,0.8849641381776459,0.13918305597579425,0.859758874315323,0.135849154636204,0.030606389083720348,0.32776988636363635,0.6521615982055664,615,0.9414634146341463,0.5624904725609756,,,11,True
visualizer_v2_e2_base_vs_lora_20142.json,e2_base_vs_lora,20142,9868248,142,20142,marcelbinz/Llama-3.1-Minitaur-8B,True,256,0,random,16.078125,False,25,False,,0.5,normal,both,2500,250,Llama-3.1-Minitaur-8B-base,Llama-3.1-Minitaur-8B,False,0.0,0.0,0.0,0.0,1.0,1.0,0.0,0.0,0.0,0.0,1.0,0.0,1.0,0.0,0.0,0.8110795454545454,1.6352237354625354,0,,,,,11,True
visualizer_v2_e2_base_vs_lora_20143.json,e2_base_vs_lora,20143,9858259,143,20143,Qwen/Qwen2.5-7B-Instruct,True,256,4,powerlaw_cluster,15.307692307692308,False,29,False,,0.0,normal,both,2500,250,Qwen2.5-7B-Instruct-base,Qwen2.5-7B-Instruct,False,0.476171875,0.5860650658186402,0.002734375,0.1546875,0.66796875,0.6953125,0.02734375,0.916988243682839,0.8869456102215854,-0.025899231459446812,0.5489480587579483,0.44563279857397503,0.5777398559499785,0.3831863946389057,-0.04482723272954555,0.40092329545454547,5.470150996634567,1219,0.09680065627563576,5.372906411838297,,,11,True
visualizer_v2_e3_topology_30000.json,e3_topology,30000,9874159,0,30000,Qwen/Qwen2.5-7B-Instruct,False,256,0,fully_connected,255.0,False,25,False,blueprint,0.5,normal,both,2500,250,Qwen2.5-7B-Instruct-BluePrint,Qwen2.5-7B-Instruct,True,0.043359375,0.4522619047619048,-0.003515625,0.019921875,1.0,0.96484375,-0.03515625,0.0,0.21962487806876488,-0.0036354486088939447,0.9310433373143419,0.06810661764705882,0.9031968752454587,0.09601961613703933,-0.0036354486088939447,0.9730113636363636,1.2121472033587368,111,0.9459459459459459,0.34339258692286034,,,11,True
visualizer_v2_e3_topology_30001.json,e3_topology,30001,9874160,1,30001,meta-llama/Llama-3.1-8B,False,256,0,barabasi_albert,15.5,False,28,False,blueprint,0.5,normal,both,2500,250,Llama-3.1-8B-BluePrint,Llama-3.1-8B,True,0.20078125,0.5161368785107594,0.00703125,0.080078125,0.84375,0.9140625,0.0703125,0.6252624052234231,0.4227623437791517,-0.04011732295335912,0.832408238059661,0.15423387096774194,0.812030305548796,0.17651691861506325,-0.03877142793317078,0.21022727272727273,0.662940112027255,514,0.9280155642023347,0.4201603158438716,,,11,True
visualizer_v2_e3_topology_30002.json,e3_topology,30002,9874161,2,30002,Qwen/Qwen2.5-7B-Instruct,False,256,0,stochastic_block,15.4453125,False,29,False,blueprint,0.5,normal,both,2500,250,Qwen2.5-7B-Instruct-BluePrint,Qwen2.5-7B-Instruct,True,0.205859375,0.467089451038824,-0.014453125,0.087109375,0.76171875,0.6171875,-0.14453125,0.7921703563573823,0.960004207284091,-0.04457754622110768,0.5025261775694531,0.4936772888214466,0.5189422231807054,0.44283321510073226,-0.027247457753261928,0.7283380681818182,0.8872445496645841,527,0.793168880455408,0.6283401402395635,,,11,True
visualizer_v2_e3_topology_30003.json,e3_topology,30003,9874162,3,30003,marcelbinz/Llama-3.1-Minitaur-8B,False,256,0,random,16.0703125,False,28,False,blueprint,0.5,normal,both,2500,250,Llama-3.1-Minitaur-8B-BluePrint,Llama-3.1-Minitaur-8B,True,0.33203125,0.5107525260780184,-0.01171875,0.1296875,0.6796875,0.5625,-0.1171875,0.9047209661860878,0.9886994082884974,0.014414329894489401,0.4984826888546896,0.48663101604278075,0.5074310791209767,0.476240115962264,0.0076164208210192956,0.4268465909090909,0.39094187996604224,850,0.9811764705882353,0.25446576286764705,,,11,True
visualizer_v2_e3_topology_30004.json,e3_topology,30004,9874163,4,30004,Qwen/Qwen2.5-7B-Instruct,False,256,0,random,15.859375,False,29,False,blueprint,0.5,normal,both,2500,250,Qwen2.5-7B-Instruct-BluePrint,Qwen2.5-7B-Instruct,True,0.2125,0.46805160807419277,-0.015625,0.083984375,0.76171875,0.60546875,-0.15625,0.7921703563573823,0.967661552439695,-0.007123591827439716,0.5184445903559574,0.4807881773399015,0.5201812083237384,0.44654613087657924,0.008450193892343609,0.71484375,0.8281217054887251,544,0.8069852941176471,0.5875706392176011,,,11,True
visualizer_v2_e3_topology_30005.json,e3_topology,30005,9909440,5,30005,google/gemma-3-4b-pt,False,256,0,powerlaw_cluster,15.328125,False,28,False,blueprint,0.5,normal,both,2500,250,gemma-3-4b-pt-BluePrint,gemma-3-4b-pt,True,0.196875,0.5323450774651152,0.01484375,0.065625,0.55078125,0.69921875,0.1484375,0.9925464978639335,0.8822437977976201,-0.010612488842928161,0.5726547749610812,0.40061162079510704,0.5904576108103418,0.3564805550541651,0.01153218647819703,0.7457386363636364,0.4983741586858576,504,0.9642857142857143,0.3290618412078373,,,11,True
visualizer_v2_e3_topology_30006.json,e3_topology,30006,9874165,6,30006,Qwen/Qwen2.5-7B-Instruct,False,256,0,forest_fire,15.703125,False,29,False,blueprint,0.5,normal,both,2500,250,Qwen2.5-7B-Instruct-BluePrint,Qwen2.5-7B-Instruct,True,0.201171875,0.49947300413355383,0.000390625,0.073046875,0.76171875,0.765625,0.00390625,0.7921703563573823,0.7855602922535473,-0.0328463476070528,0.6459406486745872,0.3805970149253731,0.6181427616484545,0.33187246298425316,-0.038702816880268,0.7496448863636364,0.8943609974601052,515,0.7766990291262136,0.6441470248027913,,,11,True
visualizer_v2_e3_topology_30007.json,e3_topology,30007,9909441,7,30007,google/gemma-3-4b-pt,False,256,0,powerlaw_cluster,15.328125,False,25,False,blueprint,0.5,normal,both,2500,250,gemma-3-4b-pt-BluePrint,gemma-3-4b-pt,True,0.273046875,0.5637038633888525,0.037890625,0.09140625,0.50390625,0.8828125,0.37890625,0.9999559719934967,0.5212220180699689,0.02801621324081286,0.791811217769688,0.15137614678899083,0.7897471262261646,0.19061251608820745,0.01986126930605273,0.7052556818181818,0.4946491068059748,699,0.9542203147353362,0.3492031725008941,,,11,True
visualizer_v2_e3_topology_30008.json,e3_topology,30008,9909442,8,30008,google/gemma-3-4b-pt,False,256,0,random,16.1796875,False,25,False,blueprint,0.5,normal,both,2500,250,gemma-3-4b-pt-BluePrint,gemma-3-4b-pt,True,0.253515625,0.5592205602374198,0.034765625,0.108203125,0.50390625,0.8515625,0.34765625,0.9999559719934967,0.6059162956553664,0.03466282446335725,0.7798076250890638,0.233220666344761,0.7603081380729563,0.22902887001096783,0.02963020798274983,0.7038352272727273,0.5533970919522372,649,0.9291217257318952,0.3668414146764253,,,11,True
visualizer_v2_e3_topology_30009.json,e3_topology,30009,9874168,9,30009,marcelbinz/Llama-3.1-Minitaur-8B,False,256,0,fully_connected,255.0,False,28,False,blueprint,0.5,normal,both,2500,250,Llama-3.1-Minitaur-8B-BluePrint,Llama-3.1-Minitaur-8B,True,0.311328125,0.5333681600843866,-0.004296875,0.139453125,0.6796875,0.63671875,-0.04296875,0.9047209661860878,0.9453732087003415,0.003206686792315864,0.5601255497782615,0.4644301470588235,0.5494117580112419,0.4364356547132511,0.0068512823639962335,0.4346590909090909,0.37770700454711914,797,0.9799247176913425,0.25964186990276034,,,11,True
visualizer_v2_e3_topology_30010.json,e3_topology,30010,9909443,10,30010,google/gemma-3-4b-pt,False,256,0,powerlaw_cluster,15.3203125,False,28,False,blueprint,0.5,normal,both,2500,250,gemma-3-4b-pt-BluePrint,gemma-3-4b-pt,True,0.216015625,0.5130486378438215,0.006640625,0.07421875,0.55078125,0.6171875,0.06640625,0.9925464978639335,0.960004207284091,0.0039729464494050355,0.5215011218813443,0.4584395716471188,0.522274979730114,0.41519503845564365,0.007433019538589488,0.7631392045454546,0.5149392214688387,553,0.945750452079566,0.36264109827079566,,,11,True
visualizer_v2_e3_topology_30011.json,e3_topology,30011,9874170,11,30011,Qwen/Qwen2.5-7B-Instruct,False,256,0,cycle,2.0,False,29,False,blueprint,0.5,normal,both,2500,250,Qwen2.5-7B-Instruct-BluePrint,Qwen2.5-7B-Instruct,True,0.22421875,0.47730487189603005,-0.01171875,0.10390625,0.76171875,0.64453125,-0.1171875,0.7921703563573823,0.9388575093412463,0.1134789557805008,0.5941176470588235,0.40625,0.5190369343602459,0.4156660539888078,0.1034747523336744,0.703125,0.8279806700619784,574,0.8118466898954704,0.5910693444441419,,,11,True
visualizer_v2_e3_topology_30012.json,e3_topology,30012,9874171,12,30012,marcelbinz/Llama-3.1-Minitaur-8B,False,256,0,forest_fire,15.171875,False,29,False,blueprint,0.5,normal,both,2500,250,Llama-3.1-Minitaur-8B-BluePrint,Llama-3.1-Minitaur-8B,True,0.07734375,0.447730833980834,-0.003125,0.028515625,1.0,0.96875,-0.03125,0.0,0.20062232431271465,-0.013413560583373537,0.9380771541930698,0.0592173017507724,0.9445288450052183,0.04921731774609172,-0.013413560583373537,0.12286931818181818,1.546371113170277,198,0.7070707070707071,0.7521898674242424,,,11,True
visualizer_v2_e3_topology_30013.json,e3_topology,30013,9909444,13,30013,google/gemma-3-4b-pt,False,256,0,barabasi_albert,15.5,False,28,False,blueprint,0.5,normal,both,2500,250,gemma-3-4b-pt-BluePrint,gemma-3-4b-pt,True,0.219921875,0.5203236882511426,0.009765625,0.0703125,0.55078125,0.6484375,0.09765625,0.9925464978639335,0.9354557645575774,-0.00019767584670201204,0.5244770586791179,0.4344758064516129,0.5537080930774729,0.4002938490644348,-0.014480225868441622,0.7638494318181818,0.5080164129083807,563,0.9520426287744227,0.3552770800954707,,,11,True
visualizer_v2_e3_topology_30014.json,e3_topology,30014,9909445,14,30014,google/gemma-3-4b-pt,False,256,0,stochastic_block,16.09375,False,25,False,blueprint,0.5,normal,both,2500,250,gemma-3-4b-pt-BluePrint,gemma-3-4b-pt,True,0.229296875,0.5489455641540039,0.028515625,0.105859375,0.50390625,0.7890625,0.28515625,0.9999559719934967,0.7432709194035553,0.006719437634758102,0.6635787309693335,0.3169902912621359,0.7150839622712362,0.26633580246688476,-0.02263656044087679,0.7088068181818182,0.5742774443192915,587,0.9522998296422487,0.34491455494037476,,,11,True
visualizer_v2_e3_topology_30015.json,e3_topology,30015,9874174,15,30015,Qwen/Qwen2.5-7B-Instruct,False,256,0,powerlaw_cluster,15.2734375,False,28,False,blueprint,0.5,normal,both,2500,250,Qwen2.5-7B-Instruct-BluePrint,Qwen2.5-7B-Instruct,True,0.01171875,0.49000000000000005,0.0,0.0046875,1.0,1.0,0.0,0.0,0.0,0.0,1.0,0.0,1.0,0.0,0.0,0.9914772727272727,1.014248544519598,30,1.0,0.2646240234375,,,11,True
visualizer_v2_e3_topology_30016.json,e3_topology,30016,9874175,16,30016,marcelbinz/Llama-3.1-Minitaur-8B,False,256,0,powerlaw_cluster,15.2421875,False,28,False,blueprint,0.5,normal,both,2500,250,Llama-3.1-Minitaur-8B-BluePrint,Llama-3.1-Minitaur-8B,True,0.344140625,0.5135908174955599,-0.013671875,0.105078125,0.6796875,0.54296875,-0.13671875,0.9047209661860878,0.9946660886725551,-0.0010452885871996818,0.4797665906165537,0.495643259866735,0.50069665427776,0.43469960184950696,-0.007509298581971536,0.4602272727272727,0.3555935946377841,881,0.9807037457434733,0.24495923045544835,,,11,True
visualizer_v2_e3_topology_30017.json,e3_topology,30017,9874176,17,30017,meta-llama/Llama-3.1-8B,False,256,0,powerlaw_cluster,15.34375,False,25,False,blueprint,0.5,normal,both,2500,250,Llama-3.1-8B-BluePrint,Llama-3.1-8B,True,0.329296875,0.545818160904831,0.020703125,0.1140625,0.5703125,0.77734375,0.20703125,0.985687679358613,0.7649881629079047,0.028714055331305034,0.6646397287247525,0.31415478615071285,0.6543216029997915,0.3306081161051849,0.09062930203130617,0.3771306818181818,0.41006885875355115,843,0.9655990510083037,0.3281701790480427,,,11,True
visualizer_v2_e3_topology_30018.json,e3_topology,30018,9874177,18,30018,meta-llama/Llama-3.1-8B,False,256,0,powerlaw_cluster,15.2734375,False,25,False,blueprint,0.5,normal,both,2500,250,Llama-3.1-8B-BluePrint,Llama-3.1-8B,True,0.35,0.55997205724729,0.021875,0.13046875,0.5703125,0.7890625,0.21875,0.985687679358613,0.7432709194035553,-0.033249167892488024,0.6289630100335329,0.35396419437340154,0.6405049229017268,0.3491629191121907,-0.005148086740711398,0.3874289772727273,0.3964229930530895,896,0.9743303571428571,0.3159266880580357,,,11,True
visualizer_v2_e3_topology_30019.json,e3_topology,30019,9874178,19,30019,meta-llama/Llama-3.1-8B,False,256,0,random,16.1953125,False,29,False,blueprint,0.5,normal,both,2500,250,Llama-3.1-8B-BluePrint,Llama-3.1-8B,True,0.138671875,0.46270783719061,-0.005078125,0.062890625,0.99609375,0.9453125,-0.05078125,0.03687450625387198,0.30598487371383465,0.006502467325103999,0.9084084626521355,0.09599614085865894,0.9030166217794601,0.09934512771636733,0.006502467325103999,0.14772727272727273,1.193624496459961,355,0.8985915492957747,0.4962312940140845,,,11,True
visualizer_v2_e3_topology_30020.json,e3_topology,30020,9874182,20,30020,Qwen/Qwen2.5-7B-Instruct,False,256,0,fully_connected,255.0,False,29,False,blueprint,0.5,normal,both,2500,250,Qwen2.5-7B-Instruct-BluePrint,Qwen2.5-7B-Instruct,True,0.15859375,0.5318362874311973,0.00859375,0.0828125,0.76171875,0.84765625,0.0859375,0.7921703563573823,0.6156745938434387,-0.003733626630534935,0.7510530280274417,0.2592830882352941,0.7266377040248247,0.2527281236382152,0.00017900056046349496,0.7972301136363636,0.9783936630595814,406,0.8054187192118226,0.6315286570581896,,,11,True
visualizer_v2_e3_topology_30021.json,e3_topology,30021,9874183,21,30021,Qwen/Qwen2.5-7B-Instruct,False,256,0,stochastic_block,15.9453125,False,28,False,blueprint,0.5,normal,both,2500,250,Qwen2.5-7B-Instruct-BluePrint,Qwen2.5-7B-Instruct,True,0.009765625,0.3583333333333333,-0.001171875,0.004296875,1.0,0.98828125,-0.01171875,0.0,0.09198335195381278,-0.008737401373273319,0.9590575682487448,0.027437530622243998,0.9749591128062199,0.029314012520542138,-0.008737401373273319,0.9943181818181818,1.0421045476740056,25,0.96,0.25779296875,,,11,True
visualizer_v2_e3_topology_30022.json,e3_topology,30022,9874184,22,30022,marcelbinz/Llama-3.1-Minitaur-8B,False,256,0,powerlaw_cluster,15.2890625,False,25,False,blueprint,0.5,normal,both,2500,250,Llama-3.1-Minitaur-8B-BluePrint,Llama-3.1-Minitaur-8B,True,0.364453125,0.567172158175314,-0.019140625,0.099609375,0.72265625,0.53125,-0.19140625,0.8518061887486322,0.9971803988942641,0.0034745530551599665,0.4777098466043207,0.4977005620848237,0.49749770440020324,0.4440745074139828,0.0015560729680300122,0.4889914772727273,0.3509068055586381,933,0.9828510182207931,0.2710850624665059,,,11,True
visualizer_v2_e3_topology_30023.json,e3_topology,30023,9874185,23,30023,meta-llama/Llama-3.1-8B,False,256,0,stochastic_block,15.7109375,False,29,False,blueprint,0.5,normal,both,2500,250,Llama-3.1-8B-BluePrint,Llama-3.1-8B,True,0.164453125,0.44297517849859097,-0.011328125,0.075390625,0.99609375,0.8828125,-0.11328125,0.03687450625387198,0.5212220180699689,0.013799818728190529,0.7929938834555471,0.20636499254102436,0.8111028208445382,0.19486116341446869,0.017675901535422353,0.18785511363636365,1.20077844099565,421,0.8622327790973872,0.518642833283848,,,11,True
visualizer_v2_e3_topology_30024.json,e3_topology,30024,9909446,24,30024,google/gemma-3-4b-pt,False,256,0,cycle,2.0,False,28,False,blueprint,0.5,normal,both,2500,250,gemma-3-4b-pt-BluePrint,gemma-3-4b-pt,True,0.219140625,0.5055555071574005,0.005078125,0.110546875,0.55078125,0.6015625,0.05078125,0.9925464978639335,0.9700292494214555,0.02215431627196333,0.5294117647058824,0.46875,0.5313884784206272,0.3928057746302662,-0.04636248915511036,0.7269176136363636,0.45873451232910156,561,0.966131907308378,0.3276175704656863,,,11,True
visualizer_v2_e3_topology_30025.json,e3_topology,30025,9874187,25,30025,meta-llama/Llama-3.1-8B,False,256,0,cycle,2.0,False,29,False,blueprint,0.5,normal,both,2500,250,Llama-3.1-8B-BluePrint,Llama-3.1-8B,True,0.133203125,0.4428829463810122,-0.007421875,0.0640625,0.99609375,0.921875,-0.07421875,0.03687450625387198,0.3955378064564774,0.07796610169491526,0.8666666666666667,0.1328125,0.8701521741971197,0.11538693623816124,0.08188767032236624,0.15021306818181818,1.2370695634321733,341,0.8914956011730205,0.5145940249266863,,,11,True
visualizer_v2_e3_topology_30026.json,e3_topology,30026,9874188,26,30026,Qwen/Qwen2.5-7B-Instruct,False,256,0,fully_connected,255.0,False,25,False,blueprint,0.5,normal,both,2500,250,Qwen2.5-7B-Instruct-BluePrint,Qwen2.5-7B-Instruct,True,0.043359375,0.4522619047619048,-0.003515625,0.019921875,1.0,0.96484375,-0.03515625,0.0,0.21962487806876488,-0.0036354486088939447,0.9310433373143419,0.06810661764705882,0.9031968752454587,0.09601961613703933,-0.0036354486088939447,0.9730113636363636,1.2121472033587368,111,0.9459459459459459,0.34339258692286034,,,11,True
visualizer_v2_e3_topology_30027.json,e3_topology,30027,9874189,27,30027,meta-llama/Llama-3.1-8B,False,256,0,fully_connected,255.0,False,25,False,blueprint,0.5,normal,both,2500,250,Llama-3.1-8B-BluePrint,Llama-3.1-8B,True,0.346484375,0.5783263836760015,-0.001171875,0.14375,0.5703125,0.55859375,-0.01171875,0.985687679358613,0.9900710003428677,-0.003255851377382637,0.502955738299332,0.4950674019607843,0.522678539200572,0.4788744876682548,-0.0018819667989694777,0.5827414772727273,0.44305159828879614,887,0.9413754227733935,0.3421056977522548,,,11,True
visualizer_v2_e3_topology_30028.json,e3_topology,30028,9909447,28,30028,google/gemma-3-4b-pt,False,256,0,cycle,2.0,False,25,False,blueprint,0.5,normal,both,2500,250,gemma-3-4b-pt-BluePrint,gemma-3-4b-pt,True,0.264453125,0.547938080375731,0.026171875,0.137890625,0.50390625,0.765625,0.26171875,0.9999559719934967,0.7855602922535473,0.04217687074829932,0.6549019607843137,0.34375,0.6430884668201631,0.2977325952478892,0.026611955897539383,0.6672585227272727,0.49999731237238104,677,0.9571639586410635,0.3580637809268833,,,11,True
visualizer_v2_e3_topology_30029.json,e3_topology,30029,9874191,29,30029,meta-llama/Llama-3.1-8B,False,256,0,fully_connected,255.0,False,28,False,blueprint,0.5,normal,both,2500,250,Llama-3.1-8B-BluePrint,Llama-3.1-8B,True,0.3265625,0.5175329668479909,-0.01015625,0.137109375,0.84375,0.7421875,-0.1015625,0.6252624052234231,0.8234274317947733,-0.003332346422107194,0.6017463035866639,0.38419117647058826,0.6664425426208893,0.3356476377981831,0.0004608946999854831,0.47301136363636365,0.4510224082253196,836,0.9497607655502392,0.3349924771979665,,,11,True
visualizer_v2_e3_topology_30030.json,e3_topology,30030,9874192,30,30030,Qwen/Qwen2.5-7B-Instruct,False,256,0,barabasi_albert,15.5,False,29,False,blueprint,0.5,normal,both,2500,250,Qwen2.5-7B-Instruct-BluePrint,Qwen2.5-7B-Instruct,True,0.200390625,0.483363492873107,-0.007421875,0.0765625,0.76171875,0.6875,-0.07421875,0.7921703563573823,0.8960382325345574,0.013136308104020219,0.6026670584158889,0.4309475806451613,0.5609423229378259,0.37736294012959415,0.04523031161392617,0.7290482954545454,0.8389665430242365,513,0.8362573099415205,0.5712775217394614,,,11,True
visualizer_v2_e3_topology_30031.json,e3_topology,30031,9874193,31,30031,meta-llama/Llama-3.1-8B,False,256,0,random,16.53125,False,25,False,blueprint,0.5,normal,both,2500,250,Llama-3.1-8B-BluePrint,Llama-3.1-8B,True,0.330859375,0.5538498367832461,0.023046875,0.14453125,0.5703125,0.80078125,0.23046875,0.985687679358613,0.7203628404720206,0.013439678452552964,0.6849891305185171,0.32277882797731566,0.685415643474397,0.29145525595009514,0.016060584657374845,0.3966619318181818,0.4027115214954723,847,0.9693034238488784,0.3168069058072609,,,11,True
visualizer_v2_e3_topology_30032.json,e3_topology,30032,9909448,32,30032,google/gemma-3-4b-pt,False,256,0,cycle,2.0,False,29,False,blueprint,0.5,normal,both,2500,250,gemma-3-4b-pt-BluePrint,gemma-3-4b-pt,True,0.13125,0.5632425353053536,0.01484375,0.070703125,0.71484375,0.86328125,0.1484375,0.8623817843585116,0.5755805811774211,0.07330316742081448,0.7803921568627451,0.21875,0.7791799585190694,0.1912381077167793,0.1081111620311895,0.42542613636363635,1.3827840631658381,336,0.6636904761904762,0.8737865629650298,,,11,True
visualizer_v2_e3_topology_30033.json,e3_topology,30033,9874195,33,30033,marcelbinz/Llama-3.1-Minitaur-8B,False,256,0,stochastic_block,15.4609375,False,29,False,blueprint,0.5,normal,both,2500,250,Llama-3.1-Minitaur-8B-BluePrint,Llama-3.1-Minitaur-8B,True,0.073828125,0.4562731350774829,-0.003515625,0.033203125,1.0,0.96484375,-0.03515625,0.0,0.21962487806876488,-0.006062491463952709,0.9331247760985977,0.06771096513390601,0.9392904526099167,0.06807280549170172,-0.006062491463952709,0.09907670454545454,1.625518105246804,189,0.671957671957672,0.8287502066798942,,,11,True
visualizer_v2_e3_topology_30034.json,e3_topology,30034,9909449,34,30034,google/gemma-3-4b-pt,False,256,0,fully_connected,255.0,False,25,False,blueprint,0.5,normal,both,2500,250,gemma-3-4b-pt-BluePrint,gemma-3-4b-pt,True,0.248828125,0.5349308487803036,0.021484375,0.11640625,0.50390625,0.71875,0.21484375,0.9999559719934967,0.8571484374283717,0.0016266927969901671,0.5738127047528933,0.40588235294117647,0.623316721785788,0.3887414597508575,0.002986077354419632,0.7254971590909091,0.5678525404496626,637,0.9277864992150706,0.3772359755200157,,,11,True
visualizer_v2_e3_topology_30035.json,e3_topology,30035,9874197,35,30035,marcelbinz/Llama-3.1-Minitaur-8B,False,256,0,cycle,2.0,False,25,False,blueprint,0.5,normal,both,2500,250,Llama-3.1-Minitaur-8B-BluePrint,Llama-3.1-Minitaur-8B,True,0.26484375,0.538635604940877,0.00234375,0.11875,0.72265625,0.74609375,0.0234375,0.8518061887486322,0.8174108828059471,-0.05163109142166734,0.6019607843137255,0.3984375,0.6080893151822174,0.353916311161074,-0.07713546903872101,0.35582386363636365,0.40613798661665484,678,0.9808259587020649,0.2513841837205015,,,11,True
visualizer_v2_e3_topology_30036.json,e3_topology,30036,9909450,36,30036,google/gemma-3-4b-pt,False,256,0,forest_fire,15.6640625,False,25,False,blueprint,0.5,normal,both,2500,250,gemma-3-4b-pt-BluePrint,gemma-3-4b-pt,True,0.2703125,0.5495581651692956,0.03046875,0.101171875,0.50390625,0.80859375,0.3046875,0.9999559719934967,0.7044039743593534,-0.004534871151665086,0.6862387204452255,0.2912718204488778,0.6914850620605862,0.2850822825404457,-0.010901179425026573,0.7127130681818182,0.5001490332863547,692,0.9682080924855492,0.3420332539288295,,,11,True
visualizer_v2_e3_topology_30037.json,e3_topology,30037,9874199,37,30037,marcelbinz/Llama-3.1-Minitaur-8B,False,256,0,forest_fire,14.2890625,False,28,False,blueprint,0.5,normal,both,2500,250,Llama-3.1-Minitaur-8B-BluePrint,Llama-3.1-Minitaur-8B,True,0.321875,0.5668333245943775,-0.00859375,0.114453125,0.6796875,0.59375,-0.0859375,0.9047209661860878,0.9744894033980523,-0.02748533144688083,0.5040620237935689,0.5019136139967195,0.5123643919913826,0.4281487193760698,-0.039051358462489236,0.4421164772727273,0.3668336001309482,824,0.9817961165048543,0.23491839066292475,,,11,True
visualizer_v2_e3_topology_30038.json,e3_topology,30038,9909451,38,30038,google/gemma-3-4b-pt,False,256,0,random,15.5859375,False,28,False,blueprint,0.5,normal,both,2500,250,gemma-3-4b-pt-BluePrint,gemma-3-4b-pt,True,0.207421875,0.5347655361772463,0.014453125,0.092578125,0.55078125,0.6953125,0.14453125,0.9925464978639335,0.8869456102215854,-0.017584788280152478,0.5715128905304124,0.4280701754385965,0.5966783454716637,0.3716558383710232,0.04488186308351236,0.7574573863636364,0.5026260722767223,531,0.9566854990583804,0.3584131503060264,,,11,True
visualizer_v2_e3_topology_30039.json,e3_topology,30039,9909452,39,30039,google/gemma-3-4b-pt,False,256,0,cycle,2.0,False,28,False,blueprint,0.5,normal,both,2500,250,gemma-3-4b-pt-BluePrint,gemma-3-4b-pt,True,0.219140625,0.5055555071574005,0.005078125,0.110546875,0.55078125,0.6015625,0.05078125,0.9925464978639335,0.9700292494214555,0.02215431627196333,0.5294117647058824,0.46875,0.5313884784206272,0.3928057746302662,-0.04636248915511036,0.7269176136363636,0.45873451232910156,561,0.966131907308378,0.3276175704656863,,,11,True
visualizer_v2_e3_topology_30040.json,e3_topology,30040,9874214,40,30040,Qwen/Qwen2.5-7B-Instruct,False,256,0,cycle,2.0,False,28,False,blueprint,0.5,normal,both,2500,250,Qwen2.5-7B-Instruct-BluePrint,Qwen2.5-7B-Instruct,True,0.007421875,0.325,-0.001171875,0.003125,1.0,0.98828125,-0.01171875,0.0,0.09198335195381278,-0.011857707509881422,0.9764705882352941,0.0234375,0.9780749096629597,0.022442705168917096,-0.011857707509881422,0.9928977272727273,1.0495859059420498,19,0.9473684210526315,0.30927477384868424,,,11,True
visualizer_v2_e3_topology_30041.json,e3_topology,30041,9874215,41,30041,Qwen/Qwen2.5-7B-Instruct,False,256,0,cycle,2.0,False,29,False,blueprint,0.5,normal,both,2500,250,Qwen2.5-7B-Instruct-BluePrint,Qwen2.5-7B-Instruct,True,0.22421875,0.47730487189603005,-0.01171875,0.10390625,0.76171875,0.64453125,-0.1171875,0.7921703563573823,0.9388575093412463,0.1134789557805008,0.5941176470588235,0.40625,0.5190369343602459,0.4156660539888078,0.1034747523336744,0.703125,0.8279806700619784,574,0.8118466898954704,0.5910693444441419,,,11,True
visualizer_v2_e3_topology_30042.json,e3_topology,30042,9909453,42,30042,google/gemma-3-4b-pt,False,256,0,forest_fire,15.546875,False,25,False,blueprint,0.5,normal,both,2500,250,gemma-3-4b-pt-BluePrint,gemma-3-4b-pt,True,0.251171875,0.5443275437341714,0.028515625,0.09296875,0.50390625,0.7890625,0.28515625,0.9999559719934967,0.7432709194035553,0.01332485054415376,0.6380955800882064,0.2804020100502513,0.6443575248770795,0.32301068973750635,0.013793343156579445,0.6871448863636364,0.49962910738858307,643,0.9440124416796267,0.35305088452566097,,,11,True
visualizer_v2_e3_topology_30043.json,e3_topology,30043,9909454,43,30043,google/gemma-3-4b-pt,False,256,0,barabasi_albert,15.5,False,29,False,blueprint,0.5,normal,both,2500,250,gemma-3-4b-pt-BluePrint,gemma-3-4b-pt,True,0.1234375,0.5574934380753346,0.015625,0.05390625,0.71484375,0.87109375,0.15625,0.8623817843585116,0.5544309233552464,0.0198279584177489,0.782716285405938,0.2399193548387097,0.7873369650177187,0.1969910970336023,0.04903863601960621,0.39204545454545453,1.502895181829279,316,0.7531645569620253,0.7482214819026899,,,11,True
visualizer_v2_e3_topology_30044.json,e3_topology,30044,9874218,44,30044,meta-llama/Llama-3.1-8B,False,256,0,powerlaw_cluster,15.3359375,False,29,False,blueprint,0.5,normal,both,2500,250,Llama-3.1-8B-BluePrint,Llama-3.1-8B,True,0.141015625,0.4605900669762154,-0.006640625,0.0515625,0.99609375,0.9296875,-0.06640625,0.03687450625387198,0.3670887590107337,0.04952678983730306,0.8646684291225702,0.11003565970453388,0.8842766516411763,0.11481991044597091,0.052671567540821994,0.16441761363636365,1.2396006150679155,361,0.8559556786703602,0.528490737534626,,,11,True
visualizer_v2_e3_topology_30045.json,e3_topology,30045,9874219,45,30045,marcelbinz/Llama-3.1-Minitaur-8B,False,256,0,stochastic_block,16.0546875,False,28,False,blueprint,0.5,normal,both,2500,250,Llama-3.1-Minitaur-8B-BluePrint,Llama-3.1-Minitaur-8B,True,0.32578125,0.5399439555474359,-0.0015625,0.13203125,0.6796875,0.6640625,-0.015625,0.9047209661860878,0.9208780154383215,0.03674925836386092,0.5689985240882339,0.4321167883211679,0.5706142002489931,0.40258482795971196,0.05065815802483577,0.4460227272727273,0.36310768127441406,834,0.986810551558753,0.2534015756145084,,,11,True
visualizer_v2_e3_topology_30046.json,e3_topology,30046,9874220,46,30046,marcelbinz/Llama-3.1-Minitaur-8B,False,256,0,cycle,2.0,False,28,False,blueprint,0.5,normal,both,2500,250,Llama-3.1-Minitaur-8B-BluePrint,Llama-3.1-Minitaur-8B,True,0.325390625,0.5330125598390495,-0.002734375,0.151953125,0.6796875,0.65234375,-0.02734375,0.9047209661860878,0.9319574523469683,0.06996770721205597,0.5784313725490197,0.421875,0.5489053080355175,0.39380921322478163,0.02090687177611541,0.4119318181818182,0.3621466376564719,833,0.9819927971188476,0.24901992046818727,,,11,True
visualizer_v2_e3_topology_30047.json,e3_topology,30047,9909487,47,30047,google/gemma-3-4b-pt,False,256,0,powerlaw_cluster,15.375,False,25,False,blueprint,0.5,normal,both,2500,250,gemma-3-4b-pt-BluePrint,gemma-3-4b-pt,True,0.256640625,0.5598079559334098,0.036328125,0.093359375,0.50390625,0.8671875,0.36328125,0.9999559719934967,0.5651013322959568,-0.009966152688981518,0.7588175821633757,0.19969512195121952,0.7764875921008082,0.20954151944485006,-0.005301967806391408,0.7212357954545454,0.5527195496992632,657,0.9421613394216134,0.3740330990772451,,,11,True
visualizer_v2_e3_topology_30048.json,e3_topology,30048,9874222,48,30048,meta-llama/Llama-3.1-8B,False,256,0,barabasi_albert,15.5,False,29,False,blueprint,0.5,normal,both,2500,250,Llama-3.1-8B-BluePrint,Llama-3.1-8B,True,0.133984375,0.474213720570428,-0.005078125,0.050390625,0.99609375,0.9453125,-0.05078125,0.03687450625387198,0.30598487371383465,-0.004253926701571467,0.9081212934108971,0.09979838709677419,0.9230743875083451,0.0674564949886066,-0.0007857186090819385,0.13920454545454544,1.1871818195689807,343,0.8454810495626822,0.5652702487244898,,,11,True
visualizer_v2_e3_topology_30049.json,e3_topology,30049,9874223,49,30049,marcelbinz/Llama-3.1-Minitaur-8B,False,256,0,powerlaw_cluster,15.3359375,False,25,False,blueprint,0.5,normal,both,2500,250,Llama-3.1-Minitaur-8B-BluePrint,Llama-3.1-Minitaur-8B,True,0.349609375,0.551156933884162,-0.008984375,0.100390625,0.72265625,0.6328125,-0.08984375,0.8518061887486322,0.9484880760741912,-0.006300656487756629,0.5226344780145614,0.4625573102394294,0.5591006892579112,0.39770787904981064,0.00034878269448294745,0.48188920454545453,0.3642781431024725,895,0.9810055865921787,0.270162469448324,,,11,True
visualizer_v2_e3_topology_30050.json,e3_topology,30050,9909488,50,30050,google/gemma-3-4b-pt,False,256,0,stochastic_block,15.9609375,False,28,False,blueprint,0.5,normal,both,2500,250,gemma-3-4b-pt-BluePrint,gemma-3-4b-pt,True,0.19921875,0.530730880579009,0.01328125,0.0890625,0.55078125,0.68359375,0.1328125,0.9925464978639335,0.9004304890456557,-0.014396926498837443,0.5616506927514077,0.43269701419481155,0.591983945698689,0.388545776998184,-0.025243048831140646,0.7397017045454546,0.4695113788951527,510,0.9686274509803922,0.31235255821078434,,,11,True
visualizer_v2_e3_topology_30051.json,e3_topology,30051,9874225,51,30051,marcelbinz/Llama-3.1-Minitaur-8B,False,256,0,powerlaw_cluster,15.3125,False,29,False,blueprint,0.5,normal,both,2500,250,Llama-3.1-Minitaur-8B-BluePrint,Llama-3.1-Minitaur-8B,True,0.107421875,0.45026516810198025,-0.004296875,0.0390625,1.0,0.95703125,-0.04296875,0.0,0.2557420200756248,-0.020907961108267745,0.9085041316710001,0.058163265306122446,0.9303465067718262,0.06905161257748431,-0.020907961108267745,0.12535511363636365,1.4794089577414773,275,0.7018181818181818,0.7445667613636363,,,11,True
visualizer_v2_e3_topology_30052.json,e3_topology,30052,9874226,52,30052,marcelbinz/Llama-3.1-Minitaur-8B,False,256,0,powerlaw_cluster,15.3203125,False,28,False,blueprint,0.5,normal,both,2500,250,Llama-3.1-Minitaur-8B-BluePrint,Llama-3.1-Minitaur-8B,True,0.334765625,0.5226027693836098,-0.008203125,0.102734375,0.6796875,0.59765625,-0.08203125,0.9047209661860878,0.9723051006568468,0.008494912575427305,0.5321902875207988,0.49005609382967874,0.5193896332407634,0.4322633878177418,0.025261798984822274,0.4481534090909091,0.38235118172385474,857,0.9743290548424738,0.265501932613769,,,11,True
visualizer_v2_e3_topology_30053.json,e3_topology,30053,9874227,53,30053,meta-llama/Llama-3.1-8B,False,256,0,random,16.046875,False,25,False,blueprint,0.5,normal,both,2500,250,Llama-3.1-8B-BluePrint,Llama-3.1-8B,True,0.332421875,0.6019775378196311,0.026171875,0.133984375,0.5703125,0.83203125,0.26171875,0.985687679358613,0.6530369782801025,0.013770788135338828,0.7196982287821772,0.26484907497565724,0.7778408179631406,0.21735370379721836,0.03536522538963266,0.48011363636363635,0.4088892503218217,851,0.9600470035252644,0.313657874926557,,,11,True
visualizer_v2_e3_topology_30054.json,e3_topology,30054,9874228,54,30054,marcelbinz/Llama-3.1-Minitaur-8B,False,256,0,cycle,2.0,False,29,False,blueprint,0.5,normal,both,2500,250,Llama-3.1-Minitaur-8B-BluePrint,Llama-3.1-Minitaur-8B,True,0.05625,0.45719607843137255,-0.00234375,0.0265625,1.0,0.9765625,-0.0234375,0.0,0.16032872589902855,-0.024,0.9529411764705882,0.046875,0.9434111850354876,0.05244344005895221,-0.024,0.07528409090909091,1.598914233121005,144,0.5972222222222222,0.8507554796006944,,,11,True
visualizer_v2_e3_topology_30055.json,e3_topology,30055,9909489,55,30055,google/gemma-3-4b-pt,False,256,0,forest_fire,15.5390625,False,29,False,blueprint,0.5,normal,both,2500,250,gemma-3-4b-pt-BluePrint,gemma-3-4b-pt,True,0.11484375,0.5520558136375573,0.0140625,0.0453125,0.71484375,0.85546875,0.140625,0.8623817843585116,0.5959838258557496,-0.006272294043973755,0.7637172383346933,0.27802916038210157,0.7527906710690652,0.21402766641914955,0.02079022863553292,0.38813920454545453,1.3835111097856,294,0.7857142857142857,0.6892671130952381,,,11,True
visualizer_v2_e3_topology_30056.json,e3_topology,30056,9909490,56,30056,google/gemma-3-4b-pt,False,256,0,fully_connected,255.0,False,29,False,blueprint,0.5,normal,both,2500,250,gemma-3-4b-pt-BluePrint,gemma-3-4b-pt,True,0.13515625,0.5582342869184974,0.01484375,0.075,0.71484375,0.86328125,0.1484375,0.8623817843585116,0.5755805811774211,-0.0038604450505865364,0.7537710099619289,0.23697916666666666,0.7582680259052768,0.22717403289276314,-0.0001340606296200194,0.39808238636363635,1.473148519342596,346,0.7341040462427746,0.7565875632225434,,,11,True
visualizer_v2_e3_topology_30057.json,e3_topology,30057,9874231,57,30057,marcelbinz/Llama-3.1-Minitaur-8B,False,256,0,cycle,2.0,False,25,False,blueprint,0.5,normal,both,2500,250,Llama-3.1-Minitaur-8B-BluePrint,Llama-3.1-Minitaur-8B,True,0.26484375,0.538635604940877,0.00234375,0.11875,0.72265625,0.74609375,0.0234375,0.8518061887486322,0.8174108828059471,-0.05163109142166734,0.6019607843137255,0.3984375,0.6080893151822174,0.353916311161074,-0.07713546903872101,0.35582386363636365,0.40613798661665484,678,0.9808259587020649,0.2513841837205015,,,11,True
visualizer_v2_e3_topology_30058.json,e3_topology,30058,9874232,58,30058,marcelbinz/Llama-3.1-Minitaur-8B,False,256,0,fully_connected,255.0,False,25,False,blueprint,0.5,normal,both,2500,250,Llama-3.1-Minitaur-8B-BluePrint,Llama-3.1-Minitaur-8B,True,0.36953125,0.5323690167914138,-0.00703125,0.146484375,0.72265625,0.65234375,-0.0703125,0.8518061887486322,0.9319574523469683,-0.00046621354936497435,0.5685622362971279,0.45536151960784316,0.5670463048153936,0.41377079812186474,0.000883860497863598,0.5031960227272727,0.3389961069280451,946,0.9830866807610994,0.2622349035412262,,,11,True
visualizer_v2_e3_topology_30059.json,e3_topology,30059,9874233,59,30059,Qwen/Qwen2.5-7B-Instruct,False,256,0,forest_fire,15.546875,False,29,False,blueprint,0.5,normal,both,2500,250,Qwen2.5-7B-Instruct-BluePrint,Qwen2.5-7B-Instruct,True,0.177734375,0.5074786931690132,0.003515625,0.072265625,0.76171875,0.796875,0.03515625,0.7921703563573823,0.7281342378690551,-0.027367961460057297,0.6698115275925778,0.35175879396984927,0.6370105870846036,0.3283746516858337,-0.014908333717241012,0.7674005681818182,0.8859694654291327,455,0.8461538461538461,0.5268112014938187,,,11,True
visualizer_v2_e3_topology_30060.json,e3_topology,30060,9874251,60,30060,marcelbinz/Llama-3.1-Minitaur-8B,False,256,0,barabasi_albert,15.5,False,29,False,blueprint,0.5,normal,both,2500,250,Llama-3.1-Minitaur-8B-BluePrint,Llama-3.1-Minitaur-8B,True,0.066796875,0.46116004319934867,-0.002734375,0.025,1.0,0.97265625,-0.02734375,0.0,0.18089075961189305,-0.011419249592167877,0.9248233250529059,0.03528225806451613,0.9489453651109239,0.04596150366235033,-0.011419249592167877,0.10582386363636363,1.7111705433238635,171,0.6023391812865497,0.8751599049707602,,,11,True
visualizer_v2_e3_topology_30061.json,e3_topology,30061,9909513,61,30061,google/gemma-3-4b-pt,False,256,0,forest_fire,14.96875,False,28,False,blueprint,0.5,normal,both,2500,250,gemma-3-4b-pt-BluePrint,gemma-3-4b-pt,True,0.188671875,0.5325398439249582,0.014453125,0.06875,0.55078125,0.6953125,0.14453125,0.9925464978639335,0.8869456102215854,0.01805954664329622,0.5861470705598618,0.38517745302713985,0.5811331475056598,0.36962497603763916,0.032319859039323814,0.7375710227272727,0.5095778378573331,483,0.9565217391304348,0.3470213832815735,,,11,True
visualizer_v2_e3_topology_30062.json,e3_topology,30062,9909523,62,30062,google/gemma-3-4b-pt,False,256,0,powerlaw_cluster,15.3359375,False,28,False,blueprint,0.5,normal,both,2500,250,gemma-3-4b-pt-BluePrint,gemma-3-4b-pt,True,0.190625,0.5295315641975991,0.01171875,0.064453125,0.55078125,0.66796875,0.1171875,0.9925464978639335,0.916988243682839,-0.0038901200516556047,0.553783107833001,0.4248599083036169,0.5470280254577969,0.3973171247680272,-0.008214903510252405,0.7269176136363636,0.4810293371027166,488,0.9651639344262295,0.3238555407914959,,,11,True
visualizer_v2_e3_topology_30063.json,e3_topology,30063,9874254,63,30063,meta-llama/Llama-3.1-8B,False,256,0,fully_connected,255.0,False,25,False,blueprint,0.5,normal,both,2500,250,Llama-3.1-8B-BluePrint,Llama-3.1-8B,True,0.346484375,0.5783263836760015,-0.001171875,0.14375,0.5703125,0.55859375,-0.01171875,0.985687679358613,0.9900710003428677,-0.003255851377382637,0.502955738299332,0.4950674019607843,0.522678539200572,0.4788744876682548,-0.0018819667989694777,0.5827414772727273,0.44305159828879614,887,0.9413754227733935,0.3421056977522548,,,11,True
visualizer_v2_e3_topology_30064.json,e3_topology,30064,9874255,64,30064,Qwen/Qwen2.5-7B-Instruct,False,256,0,barabasi_albert,15.5,False,25,False,blueprint,0.5,normal,both,2500,250,Qwen2.5-7B-Instruct-BluePrint,Qwen2.5-7B-Instruct,True,0.04375,0.44940518545781705,-0.003125,0.017578125,1.0,0.96875,-0.03125,0.0,0.20062232431271465,0.0039117071807761505,0.9439290153898898,0.05796370967741935,0.9395942334748743,0.04150782595297246,0.0039117071807761505,0.9730113636363636,1.2151824886148626,112,0.9642857142857143,0.2811802455357143,,,11,True
visualizer_v2_e3_topology_30065.json,e3_topology,30065,9874256,65,30065,meta-llama/Llama-3.1-8B,False,256,0,forest_fire,15.5390625,False,29,False,blueprint,0.5,normal,both,2500,250,Llama-3.1-8B-BluePrint,Llama-3.1-8B,True,0.17578125,0.42522061270470146,-0.015625,0.06640625,0.99609375,0.83984375,-0.15625,0.03687450625387198,0.6346832232379868,-0.015061702717692447,0.7062854158635951,0.26646556058320764,0.735206612654007,0.26178251255030693,-0.011602243258227046,0.19886363636363635,1.1745872497558594,450,0.9066666666666666,0.46759982638888886,,,11,True
visualizer_v2_e3_topology_30066.json,e3_topology,30066,9874257,66,30066,marcelbinz/Llama-3.1-Minitaur-8B,False,256,0,fully_connected,255.0,False,29,False,blueprint,0.5,normal,both,2500,250,Llama-3.1-Minitaur-8B-BluePrint,Llama-3.1-Minitaur-8B,True,0.0703125,0.45251885804826975,-0.00234375,0.033984375,1.0,0.9765625,-0.0234375,0.0,0.16032872589902855,-8.125660209884671e-05,0.9415700588444837,0.04595588235294118,0.9701719370213168,0.030373244120691943,-8.125660209884671e-05,0.10653409090909091,1.6411093798550693,180,0.7111111111111111,0.7557291666666667,,,11,True
visualizer_v2_e3_topology_30067.json,e3_topology,30067,9874258,67,30067,meta-llama/Llama-3.1-8B,False,256,0,fully_connected,255.0,False,28,False,blueprint,0.5,normal,both,2500,250,Llama-3.1-8B-BluePrint,Llama-3.1-8B,True,0.3265625,0.5175329668479909,-0.01015625,0.137109375,0.84375,0.7421875,-0.1015625,0.6252624052234231,0.8234274317947733,-0.003332346422107194,0.6017463035866639,0.38419117647058826,0.6664425426208893,0.3356476377981831,0.0004608946999854831,0.47301136363636365,0.4510224082253196,836,0.9497607655502392,0.3349924771979665,,,11,True
visualizer_v2_e3_topology_30068.json,e3_topology,30068,9874259,68,30068,Qwen/Qwen2.5-7B-Instruct,False,256,0,random,16.28125,False,29,False,blueprint,0.5,normal,both,2500,250,Qwen2.5-7B-Instruct-BluePrint,Qwen2.5-7B-Instruct,True,0.183203125,0.5045281665106129,0.000390625,0.080078125,0.76171875,0.765625,0.00390625,0.7921703563573823,0.7855602922535473,-0.02066434492695579,0.6286363700564067,0.3637236084452975,0.6261913489228897,0.3472758823491776,-0.004771611467143017,0.7585227272727273,0.9381048462607644,469,0.7931769722814499,0.6321844495435768,,,11,True
visualizer_v2_e3_topology_30069.json,e3_topology,30069,9909524,69,30069,google/gemma-3-4b-pt,False,256,0,random,16.6953125,False,28,False,blueprint,0.5,normal,both,2500,250,gemma-3-4b-pt-BluePrint,gemma-3-4b-pt,True,0.223046875,0.5227008389683044,0.011328125,0.088671875,0.55078125,0.6640625,0.11328125,0.9925464978639335,0.9208780154383215,0.03828139024219786,0.5648172825956265,0.41881141787552645,0.5496096677904799,0.4176934638099531,0.02809673204817526,0.7606534090909091,0.490455454046076,571,0.9492119089316988,0.3496461457421191,,,11,True
visualizer_v2_e3_topology_30070.json,e3_topology,30070,9874261,70,30070,meta-llama/Llama-3.1-8B,False,256,0,stochastic_block,15.8515625,False,28,False,blueprint,0.5,normal,both,2500,250,Llama-3.1-8B-BluePrint,Llama-3.1-8B,True,0.244921875,0.5209270177202865,0.007421875,0.1078125,0.84375,0.91796875,0.07421875,0.6252624052234231,0.4092962956205902,-0.019277864992151384,0.843337237746633,0.14982750123213406,0.8392561900978136,0.1555793397071581,-0.028007741994387676,0.27698863636363635,0.5819053649902344,627,0.9218500797448166,0.38320499401913877,,,11,True
visualizer_v2_e3_topology_30071.json,e3_topology,30071,9874262,71,30071,Qwen/Qwen2.5-7B-Instruct,False,256,0,stochastic_block,15.9765625,False,25,False,blueprint,0.5,normal,both,2500,250,Qwen2.5-7B-Instruct-BluePrint,Qwen2.5-7B-Instruct,True,0.03984375,0.4805555555555555,-0.00078125,0.019140625,1.0,0.9921875,-0.0078125,0.0,0.06591441234324169,-0.007091500049258868,0.9868251743757817,0.014669926650366748,0.990984182747977,0.005233749778965799,-0.007091500049258868,0.9762073863636364,1.2088306708769365,102,0.9215686274509803,0.36755969477634803,,,11,True
visualizer_v2_e3_topology_30072.json,e3_topology,30072,9874263,72,30072,meta-llama/Llama-3.1-8B,False,256,0,powerlaw_cluster,15.34375,False,25,False,blueprint,0.5,normal,both,2500,250,Llama-3.1-8B-BluePrint,Llama-3.1-8B,True,0.364453125,0.5582919864086735,0.012109375,0.123046875,0.5703125,0.69140625,0.12109375,0.985687679358613,0.8915435098801499,0.009300228625487775,0.5779812761277393,0.4170061099796334,0.5796828226080202,0.3878662157741194,0.02705765352642385,0.41264204545454547,0.3906851681795987,933,0.9764201500535906,0.3008519016278135,,,11,True
visualizer_v2_e3_topology_30073.json,e3_topology,30073,9874264,73,30073,Qwen/Qwen2.5-7B-Instruct,False,256,0,powerlaw_cluster,15.3125,False,25,False,blueprint,0.5,normal,both,2500,250,Qwen2.5-7B-Instruct-BluePrint,Qwen2.5-7B-Instruct,True,0.048046875,0.4216666666666666,-0.005078125,0.017578125,1.0,0.94921875,-0.05078125,0.0,0.2897064269060978,-0.01839993072109185,0.9114182437070212,0.11632653061224489,0.9237398493908104,0.06364752999974826,-0.01839993072109185,0.9712357954545454,1.2028184153816917,123,0.9349593495934959,0.29237675860645324,,,11,True
visualizer_v2_e3_topology_30074.json,e3_topology,30074,9874265,74,30074,meta-llama/Llama-3.1-8B,False,256,0,barabasi_albert,15.5,False,25,False,blueprint,0.5,normal,both,2500,250,Llama-3.1-8B-BluePrint,Llama-3.1-8B,True,0.347265625,0.5685815075284555,0.021484375,0.11640625,0.5703125,0.78515625,0.21484375,0.985687679358613,0.7506399446452308,-0.049503001673063866,0.6427792470785437,0.3467741935483871,0.7070465670659098,0.2751103868404358,-0.04359245583669608,0.40980113636363635,0.4119082364169034,889,0.9673790776152981,0.3272473020950506,,,11,True
visualizer_v2_e3_topology_30075.json,e3_topology,30075,9874266,75,30075,Qwen/Qwen2.5-7B-Instruct,False,256,0,powerlaw_cluster,15.3046875,False,25,False,blueprint,0.5,normal,both,2500,250,Qwen2.5-7B-Instruct-BluePrint,Qwen2.5-7B-Instruct,True,0.042578125,0.44666125541125545,-0.004296875,0.015625,1.0,0.95703125,-0.04296875,0.0,0.2557420200756248,0.005674494998461462,0.912046485398374,0.09086268504338949,0.9177544912541523,0.07243459812927776,0.005674494998461462,0.9730113636363636,1.2234825871207498,109,0.8990825688073395,0.3621870968319954,,,11,True
visualizer_v2_e3_topology_30076.json,e3_topology,30076,9874267,76,30076,marcelbinz/Llama-3.1-Minitaur-8B,False,256,0,barabasi_albert,15.5,False,28,False,blueprint,0.5,normal,both,2500,250,Llama-3.1-Minitaur-8B-BluePrint,Llama-3.1-Minitaur-8B,True,0.330859375,0.5515384213284891,0.008203125,0.12109375,0.6796875,0.76171875,0.08203125,0.9047209661860878,0.7921703563573823,0.014213972636771705,0.633650771603676,0.36693548387096775,0.642295116250431,0.3178307772703921,0.003023242486910934,0.4002130681818182,0.38169410011985083,847,0.9752066115702479,0.26411922594451004,,,11,True
visualizer_v2_e3_topology_30077.json,e3_topology,30077,9874268,77,30077,marcelbinz/Llama-3.1-Minitaur-8B,False,256,0,cycle,2.0,False,29,False,blueprint,0.5,normal,both,2500,250,Llama-3.1-Minitaur-8B-BluePrint,Llama-3.1-Minitaur-8B,True,0.05625,0.45719607843137255,-0.00234375,0.0265625,1.0,0.9765625,-0.0234375,0.0,0.16032872589902855,-0.024,0.9529411764705882,0.046875,0.9434111850354876,0.05244344005895221,-0.024,0.07528409090909091,1.598914233121005,144,0.5972222222222222,0.8507554796006944,,,11,True
visualizer_v2_e3_topology_30078.json,e3_topology,30078,9874269,78,30078,meta-llama/Llama-3.1-8B,False,256,0,forest_fire,15.5390625,False,29,False,blueprint,0.5,normal,both,2500,250,Llama-3.1-8B-BluePrint,Llama-3.1-8B,True,0.134765625,0.46714584433094125,-0.007421875,0.048828125,0.99609375,0.921875,-0.07421875,0.03687450625387198,0.3955378064564774,-0.009124806913578368,0.8481238403513588,0.13524384112619406,0.8823005579557416,0.1076992837725212,-0.005665347454112968,0.14630681818181818,1.2536610690030185,345,0.8666666666666667,0.5223392210144927,,,11,True
visualizer_v2_e3_topology_30079.json,e3_topology,30079,9874270,79,30079,Qwen/Qwen2.5-7B-Instruct,False,256,0,stochastic_block,15.65625,False,25,False,blueprint,0.5,normal,both,2500,250,Qwen2.5-7B-Instruct-BluePrint,Qwen2.5-7B-Instruct,True,0.05546875,0.4456996434937611,-0.00546875,0.0234375,1.0,0.9453125,-0.0546875,0.0,0.30598487371383465,-0.014139997827653484,0.9122703362682014,0.10229540918163672,0.9004294408837411,0.07899115304295279,-0.014139997827653484,0.96484375,1.1965592015873303,142,0.8873239436619719,0.37328929632482394,,,11,True
visualizer_v2_e3_topology_30080.json,e3_topology,30080,9874288,80,30080,meta-llama/Llama-3.1-8B,False,256,0,stochastic_block,15.65625,False,25,False,blueprint,0.5,normal,both,2500,250,Llama-3.1-8B-BluePrint,Llama-3.1-8B,True,0.35859375,0.5162415224810586,0.01328125,0.159765625,0.5703125,0.703125,0.1328125,0.985687679358613,0.877437311089633,0.0008522678848416867,0.585355516887182,0.4086826347305389,0.5728049019703609,0.40105385095131485,0.014677848319528935,0.3877840909090909,0.39980030059814453,918,0.9694989106753813,0.3345433985226035,,,11,True
visualizer_v2_e3_topology_30081.json,e3_topology,30081,9874289,81,30081,Qwen/Qwen2.5-7B-Instruct,False,256,0,fully_connected,255.0,False,28,False,blueprint,0.5,normal,both,2500,250,Qwen2.5-7B-Instruct-BluePrint,Qwen2.5-7B-Instruct,True,0.0109375,0.515,0.0,0.00546875,1.0,1.0,0.0,0.0,0.0,0.0,1.0,0.0,1.0,0.0,0.0,0.9950284090909091,1.0089331540194424,28,0.9642857142857143,0.24555315290178573,,,11,True
visualizer_v2_e3_topology_30082.json,e3_topology,30082,9874290,82,30082,meta-llama/Llama-3.1-8B,False,256,0,stochastic_block,15.109375,False,29,False,blueprint,0.5,normal,both,2500,250,Llama-3.1-8B-BluePrint,Llama-3.1-8B,True,0.116015625,0.46327928238744176,-0.005078125,0.055078125,0.99609375,0.9453125,-0.05078125,0.03687450625387198,0.30598487371383465,-0.008279844157299952,0.8785532244576113,0.09617373319544985,0.9122797959798462,0.09534889005836042,-0.004248817467016512,0.14914772727272727,1.2537430849942295,297,0.8922558922558923,0.5732191708754208,,,11,True
visualizer_v2_e3_topology_30083.json,e3_topology,30083,9874291,83,30083,marcelbinz/Llama-3.1-Minitaur-8B,False,256,0,forest_fire,15.53125,False,25,False,blueprint,0.5,normal,both,2500,250,Llama-3.1-Minitaur-8B-BluePrint,Llama-3.1-Minitaur-8B,True,0.37109375,0.53162974230645,-0.0140625,0.125390625,0.72265625,0.58203125,-0.140625,0.8518061887486322,0.980495792602403,0.03650255399537818,0.5552033011696612,0.45321931589537223,0.5098734968000649,0.4398362173694979,0.024418284189120745,0.47514204545454547,0.34538841247558594,950,0.9852631578947368,0.25927117598684213,,,11,True
visualizer_v2_e3_topology_30084.json,e3_topology,30084,9874292,84,30084,Qwen/Qwen2.5-7B-Instruct,False,256,0,random,16.1875,False,25,False,blueprint,0.5,normal,both,2500,250,Qwen2.5-7B-Instruct-BluePrint,Qwen2.5-7B-Instruct,True,0.050390625,0.4493414673561732,-0.001953125,0.0234375,1.0,0.98046875,-0.01953125,0.0,0.13880049798406022,-0.01529745042492492,0.9653919839681915,0.03088803088803089,0.9726913013806271,0.019552708006066892,-0.01529745042492492,0.9683948863636364,1.1926845420490613,129,0.937984496124031,0.31538757797359496,,,11,True
visualizer_v2_e3_topology_30085.json,e3_topology,30085,9874293,85,30085,marcelbinz/Llama-3.1-Minitaur-8B,False,256,0,stochastic_block,15.53125,False,28,False,blueprint,0.5,normal,both,2500,250,Llama-3.1-Minitaur-8B-BluePrint,Llama-3.1-Minitaur-8B,True,0.33359375,0.5208397005816867,-0.0125,0.137109375,0.6796875,0.5546875,-0.125,0.9047209661860878,0.9913533102170101,0.03917775953748954,0.5275145953394416,0.4768611670020121,0.5111551901900493,0.44954271112309885,0.02783507393334806,0.4616477272727273,0.3571619553999467,854,0.9800936768149883,0.2474796911592506,,,11,True
visualizer_v2_e3_topology_30086.json,e3_topology,30086,9874294,86,30086,marcelbinz/Llama-3.1-Minitaur-8B,False,256,0,stochastic_block,15.5625,False,25,False,blueprint,0.5,normal,both,2500,250,Llama-3.1-Minitaur-8B-BluePrint,Llama-3.1-Minitaur-8B,True,0.3125,0.5725957194912129,0.01328125,0.12421875,0.72265625,0.85546875,0.1328125,0.8518061887486322,0.5959838258557496,-0.020870266899780623,0.7589718617878735,0.25251004016064255,0.7290785225611971,0.2631702337148021,0.02491500373021034,0.42223011363636365,0.42560976201837714,800,0.9675,0.277745361328125,,,11,True
visualizer_v2_e3_topology_30087.json,e3_topology,30087,9874295,87,30087,marcelbinz/Llama-3.1-Minitaur-8B,False,256,0,forest_fire,15.6171875,False,29,False,blueprint,0.5,normal,both,2500,250,Llama-3.1-Minitaur-8B-BluePrint,Llama-3.1-Minitaur-8B,True,0.073046875,0.46612709309505646,-0.002734375,0.02890625,1.0,0.97265625,-0.02734375,0.0,0.18089075961189305,-0.014964859303599925,0.9337586118286831,0.03801900950475238,0.9594610951529823,0.045158876636916936,-0.014964859303599925,0.11363636363636363,1.6335329575972124,187,0.6684491978609626,0.8282294451871658,,,11,True
visualizer_v2_e3_topology_30088.json,e3_topology,30088,9874296,88,30088,marcelbinz/Llama-3.1-Minitaur-8B,False,256,0,cycle,2.0,False,29,False,blueprint,0.5,normal,both,2500,250,Llama-3.1-Minitaur-8B-BluePrint,Llama-3.1-Minitaur-8B,True,0.05625,0.45719607843137255,-0.00234375,0.0265625,1.0,0.9765625,-0.0234375,0.0,0.16032872589902855,-0.024,0.9529411764705882,0.046875,0.9434111850354876,0.05244344005895221,-0.024,0.07528409090909091,1.598914233121005,144,0.5972222222222222,0.8507554796006944,,,11,True
visualizer_v2_e3_topology_30089.json,e3_topology,30089,9909525,89,30089,google/gemma-3-4b-pt,False,256,0,random,16.3203125,False,29,False,blueprint,0.5,normal,both,2500,250,gemma-3-4b-pt-BluePrint,gemma-3-4b-pt,True,0.111328125,0.5572664508739316,0.017578125,0.05703125,0.71484375,0.890625,0.17578125,0.8623817843585116,0.4980278865344765,0.0025854924146883995,0.7940241622728167,0.20296792723791288,0.7907321840899016,0.19785491785496095,0.02806047868870021,0.4147727272727273,1.5482356331565164,285,0.7578947368421053,0.7210629111842105,,,11,True
visualizer_v2_e3_topology_30090.json,e3_topology,30090,9874298,90,30090,Qwen/Qwen2.5-7B-Instruct,False,256,0,powerlaw_cluster,15.2890625,False,28,False,blueprint,0.5,normal,both,2500,250,Qwen2.5-7B-Instruct-BluePrint,Qwen2.5-7B-Instruct,True,0.01015625,0.4,-0.0015625,0.003515625,1.0,0.984375,-0.015625,0.0,0.11611507530476971,-0.014662943322086872,0.9672557856140443,0.02912621359223301,0.9273463832403965,0.06508058449734049,-0.014662943322086872,0.9939630681818182,1.0054363120685925,26,0.9615384615384616,0.32787146935096156,,,11,True
visualizer_v2_e3_topology_30091.json,e3_topology,30091,9874299,91,30091,meta-llama/Llama-3.1-8B,False,256,0,random,16.375,False,29,False,blueprint,0.5,normal,both,2500,250,Llama-3.1-8B-BluePrint,Llama-3.1-8B,True,0.148828125,0.44069395275840834,-0.005859375,0.06640625,0.99609375,0.9375,-0.05859375,0.03687450625387198,0.3372900666170139,-0.02113689657960775,0.885106850061568,0.11498091603053436,0.89946845359314,0.10928088143357917,-0.017679265854558975,0.18110795454545456,1.2181110382080078,381,0.8792650918635171,0.5030809137139107,,,11,True
visualizer_v2_e3_topology_30092.json,e3_topology,30092,9909526,92,30092,google/gemma-3-4b-pt,False,256,0,random,16.1796875,False,28,False,blueprint,0.5,normal,both,2500,250,gemma-3-4b-pt-BluePrint,gemma-3-4b-pt,True,0.210546875,0.5252646648155213,0.011328125,0.08984375,0.55078125,0.6640625,0.11328125,0.9925464978639335,0.9208780154383215,-0.021769350310405333,0.5512822564582196,0.4447126991791405,0.5633588189061808,0.41817629844515036,-0.017279928335200295,0.7368607954545454,0.48139390078457917,539,0.9777365491651205,0.3260921556122449,,,11,True
visualizer_v2_e3_topology_30093.json,e3_topology,30093,9874301,93,30093,marcelbinz/Llama-3.1-Minitaur-8B,False,256,0,random,15.8515625,False,25,False,blueprint,0.5,normal,both,2500,250,Llama-3.1-Minitaur-8B-BluePrint,Llama-3.1-Minitaur-8B,True,0.38125,0.585988020066911,-0.0171875,0.1265625,0.72265625,0.55078125,-0.171875,0.8518061887486322,0.9925464978639335,0.016709520394679354,0.5088825543119105,0.4869393790044357,0.509123073427909,0.4461802769253865,0.033562947119889996,0.5035511363636364,0.34944855083118787,976,0.9846311475409836,0.25405983846695696,,,11,True
visualizer_v2_e3_topology_30094.json,e3_topology,30094,9874302,94,30094,meta-llama/Llama-3.1-8B,False,256,0,random,16.515625,False,28,False,blueprint,0.5,normal,both,2500,250,Llama-3.1-8B-BluePrint,Llama-3.1-8B,True,0.277734375,0.5417469752324479,0.002734375,0.113671875,0.84375,0.87109375,0.02734375,0.6252624052234231,0.5544309233552464,0.010607067400959506,0.7758405088998007,0.2152317880794702,0.7814078243736267,0.22127215116661192,-0.01917420040854106,0.36470170454545453,0.554100903597745,711,0.9381153305203939,0.3703376351529536,,,11,True
visualizer_v2_e3_topology_30095.json,e3_topology,30095,9874303,95,30095,meta-llama/Llama-3.1-8B,False,256,0,random,16.2265625,False,25,False,blueprint,0.5,normal,both,2500,250,Llama-3.1-8B-BluePrint,Llama-3.1-8B,True,0.3328125,0.5275367459790863,0.01171875,0.1328125,0.5703125,0.6875,0.1171875,0.985687679358613,0.8960382325345574,0.013134303691630963,0.5649639299877606,0.4207992296581608,0.5544748557090472,0.4079994131072186,0.003987264612057725,0.5205965909090909,0.3903206911954013,852,0.965962441314554,0.3005531561766432,,,11,True
visualizer_v2_e3_topology_30096.json,e3_topology,30096,9874304,96,30096,Qwen/Qwen2.5-7B-Instruct,False,256,0,barabasi_albert,15.5,False,28,False,blueprint,0.5,normal,both,2500,250,Qwen2.5-7B-Instruct-BluePrint,Qwen2.5-7B-Instruct,True,0.008984375,0.4333333333333334,-0.000390625,0.003515625,1.0,0.99609375,-0.00390625,0.0,0.03687450625387198,-0.0016155088853081004,0.9933541499015774,0.005040322580645161,0.994476233370785,0.006021090060384166,-0.0016155088853081004,0.9925426136363636,1.0225536606528542,23,0.8695652173913043,0.3386336616847826,,,11,True
visualizer_v2_e3_topology_30097.json,e3_topology,30097,9874305,97,30097,Qwen/Qwen2.5-7B-Instruct,False,256,0,forest_fire,15.640625,False,28,False,blueprint,0.5,normal,both,2500,250,Qwen2.5-7B-Instruct-BluePrint,Qwen2.5-7B-Instruct,True,0.01015625,0.4,0.0,0.004296875,1.0,1.0,0.0,0.0,0.0,0.0,1.0,0.0,1.0,0.0,0.0,0.9925426136363636,1.0375902652740479,26,0.8846153846153846,0.29297814002403844,,,11,True
visualizer_v2_e3_topology_30098.json,e3_topology,30098,9874306,98,30098,meta-llama/Llama-3.1-8B,False,256,0,forest_fire,15.3671875,False,28,False,blueprint,0.5,normal,both,2500,250,Llama-3.1-8B-BluePrint,Llama-3.1-8B,True,0.2171875,0.5089042489667256,0.00390625,0.0875,0.84375,0.8828125,0.0390625,0.6252624052234231,0.5212220180699689,-0.006389028867611557,0.7773105856081249,0.2023385866802237,0.8096271136801637,0.1763872083225338,0.01723731817287403,0.2294034090909091,0.6593014110218395,556,0.9226618705035972,0.4108992103192446,,,11,True
visualizer_v2_e3_topology_30099.json,e3_topology,30099,9909527,99,30099,google/gemma-3-4b-pt,False,256,0,cycle,2.0,False,25,False,blueprint,0.5,normal,both,2500,250,gemma-3-4b-pt-BluePrint,gemma-3-4b-pt,True,0.264453125,0.547938080375731,0.026171875,0.137890625,0.50390625,0.765625,0.26171875,0.9999559719934967,0.7855602922535473,0.04217687074829932,0.6549019607843137,0.34375,0.6430884668201631,0.2977325952478892,0.026611955897539383,0.6672585227272727,0.49999731237238104,677,0.9571639586410635,0.3580637809268833,,,11,True
visualizer_v2_e3_topology_30100.json,e3_topology,30100,9874312,100,30100,Qwen/Qwen2.5-7B-Instruct,False,256,0,fully_connected,255.0,False,25,False,blueprint,0.5,normal,both,2500,250,Qwen2.5-7B-Instruct-BluePrint,Qwen2.5-7B-Instruct,True,0.043359375,0.4522619047619048,-0.003515625,0.019921875,1.0,0.96484375,-0.03515625,0.0,0.21962487806876488,-0.0036354486088939447,0.9310433373143419,0.06810661764705882,0.9031968752454587,0.09601961613703933,-0.0036354486088939447,0.9730113636363636,1.2121472033587368,111,0.9459459459459459,0.34339258692286034,,,11,True
visualizer_v2_e3_topology_30101.json,e3_topology,30101,9874313,101,30101,Qwen/Qwen2.5-7B-Instruct,False,256,0,powerlaw_cluster,15.28125,False,25,False,blueprint,0.5,normal,both,2500,250,Qwen2.5-7B-Instruct-BluePrint,Qwen2.5-7B-Instruct,True,0.051171875,0.5076149096002037,-0.001953125,0.019921875,1.0,0.98046875,-0.01953125,0.0,0.13880049798406022,0.026716680701216702,0.9517161226223614,0.026584867075664622,0.9627263674535839,0.03181667488723988,0.026716680701216702,0.9712357954545454,1.2015074599872937,131,0.9007633587786259,0.3665389432251908,,,11,True
visualizer_v2_e3_topology_30102.json,e3_topology,30102,9874314,102,30102,Qwen/Qwen2.5-7B-Instruct,False,256,0,cycle,2.0,False,29,False,blueprint,0.5,normal,both,2500,250,Qwen2.5-7B-Instruct-BluePrint,Qwen2.5-7B-Instruct,True,0.22421875,0.47730487189603005,-0.01171875,0.10390625,0.76171875,0.64453125,-0.1171875,0.7921703563573823,0.9388575093412463,0.1134789557805008,0.5941176470588235,0.40625,0.5190369343602459,0.4156660539888078,0.1034747523336744,0.703125,0.8279806700619784,574,0.8118466898954704,0.5910693444441419,,,11,True
visualizer_v2_e3_topology_30103.json,e3_topology,30103,9874315,103,30103,marcelbinz/Llama-3.1-Minitaur-8B,False,256,0,forest_fire,15.6328125,False,29,False,blueprint,0.5,normal,both,2500,250,Llama-3.1-Minitaur-8B-BluePrint,Llama-3.1-Minitaur-8B,True,0.036328125,0.4501298701298701,-0.002734375,0.01328125,1.0,0.97265625,-0.02734375,0.0,0.18089075961189305,-0.024231550618717478,0.9534780584909579,0.04847576211894053,0.9549086785180665,0.040922279191179155,-0.024231550618717478,0.09197443181818182,1.815047177401456,93,0.5913978494623656,0.883820564516129,,,11,True
visualizer_v2_e3_topology_30104.json,e3_topology,30104,9874316,104,30104,marcelbinz/Llama-3.1-Minitaur-8B,False,256,0,fully_connected,255.0,False,25,False,blueprint,0.5,normal,both,2500,250,Llama-3.1-Minitaur-8B-BluePrint,Llama-3.1-Minitaur-8B,True,0.36953125,0.5323690167914138,-0.00703125,0.146484375,0.72265625,0.65234375,-0.0703125,0.8518061887486322,0.9319574523469683,-0.00046621354936497435,0.5685622362971279,0.45536151960784316,0.5670463048153936,0.41377079812186474,0.000883860497863598,0.5031960227272727,0.3389961069280451,946,0.9830866807610994,0.2622349035412262,,,11,True
visualizer_v2_e3_topology_30105.json,e3_topology,30105,9909539,105,30105,google/gemma-3-4b-pt,False,256,0,cycle,2.0,False,28,False,blueprint,0.5,normal,both,2500,250,gemma-3-4b-pt-BluePrint,gemma-3-4b-pt,True,0.219140625,0.5055555071574005,0.005078125,0.110546875,0.55078125,0.6015625,0.05078125,0.9925464978639335,0.9700292494214555,0.02215431627196333,0.5294117647058824,0.46875,0.5313884784206272,0.3928057746302662,-0.04636248915511036,0.7269176136363636,0.45873451232910156,561,0.966131907308378,0.3276175704656863,,,11,True
visualizer_v2_e3_topology_30106.json,e3_topology,30106,9909540,106,30106,google/gemma-3-4b-pt,False,256,0,stochastic_block,16.0,False,25,False,blueprint,0.5,normal,both,2500,250,gemma-3-4b-pt-BluePrint,gemma-3-4b-pt,True,0.267578125,0.5483973936775438,0.026953125,0.120703125,0.50390625,0.7734375,0.26953125,0.9999559719934967,0.7719706699485864,0.004757933021336203,0.6575269637769637,0.3408203125,0.6780259946963577,0.2964726598490523,0.0064741408884330665,0.7038352272727273,0.5483098463578657,685,0.9430656934306569,0.36108113309762774,,,11,True
visualizer_v2_e3_topology_30107.json,e3_topology,30107,9874319,107,30107,marcelbinz/Llama-3.1-Minitaur-8B,False,256,0,cycle,2.0,False,29,False,blueprint,0.5,normal,both,2500,250,Llama-3.1-Minitaur-8B-BluePrint,Llama-3.1-Minitaur-8B,True,0.05625,0.45719607843137255,-0.00234375,0.0265625,1.0,0.9765625,-0.0234375,0.0,0.16032872589902855,-0.024,0.9529411764705882,0.046875,0.9434111850354876,0.05244344005895221,-0.024,0.07528409090909091,1.598914233121005,144,0.5972222222222222,0.8507554796006944,,,11,True
visualizer_v2_e3_topology_30108.json,e3_topology,30108,9874320,108,30108,meta-llama/Llama-3.1-8B,False,256,0,cycle,2.0,False,25,False,blueprint,0.5,normal,both,2500,250,Llama-3.1-8B-BluePrint,Llama-3.1-8B,True,0.349609375,0.5760408017857828,0.009765625,0.16796875,0.5703125,0.66796875,0.09765625,0.985687679358613,0.916988243682839,-0.1271326362135388,0.5019607843137255,0.5,0.5655232574127428,0.37064708231554033,-0.07507784169299084,0.4016335227272727,0.4040548151189631,895,0.9620111731843576,0.33188994849860337,,,11,True
visualizer_v2_e3_topology_30109.json,e3_topology,30109,9909541,109,30109,google/gemma-3-4b-pt,False,256,0,forest_fire,15.6484375,False,29,False,blueprint,0.5,normal,both,2500,250,gemma-3-4b-pt-BluePrint,gemma-3-4b-pt,True,0.121875,0.5601048820746204,0.015625,0.049609375,0.71484375,0.87109375,0.15625,0.8623817843585116,0.5544309233552464,-0.012771927397177868,0.7902925055974654,0.24812780828756864,0.785125184778495,0.18894724732215895,0.01835825727044285,0.40198863636363635,1.4665447581898083,312,0.7115384615384616,0.8124186197916666,,,11,True
visualizer_v2_e3_topology_30110.json,e3_topology,30110,9909577,110,30110,google/gemma-3-4b-pt,False,256,0,stochastic_block,16.296875,False,25,False,blueprint,0.5,normal,both,2500,250,gemma-3-4b-pt-BluePrint,gemma-3-4b-pt,True,0.234765625,0.5515178743918498,0.033984375,0.109765625,0.50390625,0.84375,0.33984375,0.9999559719934967,0.6252624052234231,-0.009606500153997699,0.7486053140436703,0.25311601150527324,0.7409954025400025,0.26132040910522253,-0.0498146912363077,0.7162642045454546,0.5854060433127664,601,0.9500831946755408,0.35562149022462564,,,11,True
visualizer_v2_e3_topology_30111.json,e3_topology,30111,9874323,111,30111,Qwen/Qwen2.5-7B-Instruct,False,256,0,barabasi_albert,15.5,False,25,False,blueprint,0.5,normal,both,2500,250,Qwen2.5-7B-Instruct-BluePrint,Qwen2.5-7B-Instruct,True,0.036328125,0.4523919870978695,-0.001953125,0.014453125,1.0,0.98046875,-0.01953125,0.0,0.13880049798406022,-0.005378502047042879,0.9641013118047957,0.05090725806451613,0.9751335018910966,0.02485570404069668,-0.005378502047042879,0.97265625,1.2049760601737283,93,0.956989247311828,0.33779743153561825,,,11,True
visualizer_v2_e3_topology_30112.json,e3_topology,30112,9874324,112,30112,marcelbinz/Llama-3.1-Minitaur-8B,False,256,0,forest_fire,15.6171875,False,28,False,blueprint,0.5,normal,both,2500,250,Llama-3.1-Minitaur-8B-BluePrint,Llama-3.1-Minitaur-8B,True,0.348828125,0.5345352461515746,-0.012890625,0.111328125,0.6796875,0.55078125,-0.12890625,0.9047209661860878,0.9925464978639335,-0.0199187738525276,0.5282446531495675,0.5127563781890946,0.509235012534539,0.4396163929703394,-0.011787602037153705,0.47230113636363635,0.37697505950927734,893,0.9764837625979843,0.2657217813899776,,,11,True
visualizer_v2_e3_topology_30113.json,e3_topology,30113,9874325,113,30113,Qwen/Qwen2.5-7B-Instruct,False,256,0,cycle,2.0,False,25,False,blueprint,0.5,normal,both,2500,250,Qwen2.5-7B-Instruct-BluePrint,Qwen2.5-7B-Instruct,True,0.040625,0.43705405705405703,-0.00546875,0.016796875,1.0,0.9453125,-0.0546875,0.0,0.30598487371383465,0.01770956316410862,0.8980392156862745,0.1015625,0.9038588182406405,0.08682550602128551,0.01770956316410862,0.9744318181818182,1.2557616125453601,104,0.9326923076923077,0.34577002892127406,,,11,True
visualizer_v2_e3_topology_30114.json,e3_topology,30114,9874326,114,30114,Qwen/Qwen2.5-7B-Instruct,False,256,0,fully_connected,255.0,False,25,False,blueprint,0.5,normal,both,2500,250,Qwen2.5-7B-Instruct-BluePrint,Qwen2.5-7B-Instruct,True,0.043359375,0.4522619047619048,-0.003515625,0.019921875,1.0,0.96484375,-0.03515625,0.0,0.21962487806876488,-0.0036354486088939447,0.9310433373143419,0.06810661764705882,0.9031968752454587,0.09601961613703933,-0.0036354486088939447,0.9730113636363636,1.2121472033587368,111,0.9459459459459459,0.34339258692286034,,,11,True
visualizer_v2_e3_topology_30115.json,e3_topology,30115,9909578,115,30115,google/gemma-3-4b-pt,False,256,0,fully_connected,255.0,False,28,False,blueprint,0.5,normal,both,2500,250,gemma-3-4b-pt-BluePrint,gemma-3-4b-pt,True,0.211328125,0.520948587344089,0.009765625,0.106640625,0.55078125,0.6484375,0.09765625,0.9925464978639335,0.9354557645575774,-0.0024158257250344295,0.5336863193545924,0.4577205882352941,0.5361186082240873,0.4671406415884555,0.0013675478053341282,0.7741477272727273,0.5165322910655629,541,0.9316081330868762,0.37305951074399263,,,11,True
visualizer_v2_e3_topology_30116.json,e3_topology,30116,9874328,116,30116,marcelbinz/Llama-3.1-Minitaur-8B,False,256,0,random,16.4609375,False,28,False,blueprint,0.5,normal,both,2500,250,Llama-3.1-Minitaur-8B-BluePrint,Llama-3.1-Minitaur-8B,True,0.290234375,0.5362218172698278,-0.000390625,0.109375,0.6796875,0.67578125,-0.00390625,0.9047209661860878,0.908910327410359,-0.020269454060756573,0.5514121258292416,0.44518272425249167,0.5889678432622613,0.3820917835977408,-0.004875187599318974,0.4147727272727273,0.4420381892811168,743,0.9650067294751009,0.27968493701631897,,,11,True
visualizer_v2_e3_topology_30117.json,e3_topology,30117,9874329,117,30117,meta-llama/Llama-3.1-8B,False,256,0,cycle,2.0,False,28,False,blueprint,0.5,normal,both,2500,250,Llama-3.1-8B-BluePrint,Llama-3.1-8B,True,0.227734375,0.4833724439776839,0.000390625,0.104296875,0.84375,0.84765625,0.00390625,0.6252624052234231,0.6156745938434387,0.001772421127259837,0.7431372549019608,0.2578125,0.7581278187986791,0.2280467570088172,-0.050189157393744674,0.26171875,0.6019411087036133,583,0.9399656946826758,0.376019276640223,,,11,True
visualizer_v2_e3_topology_30118.json,e3_topology,30118,9874330,118,30118,meta-llama/Llama-3.1-8B,False,256,0,random,15.8046875,False,28,False,blueprint,0.5,normal,both,2500,250,Llama-3.1-8B-BluePrint,Llama-3.1-8B,True,0.226171875,0.5185572210937197,0.005078125,0.0953125,0.84375,0.89453125,0.05078125,0.6252624052234231,0.4860951951851023,0.020646472384478694,0.8182570089304826,0.17993079584775087,0.8648969784165247,0.1373165746985179,0.056968724378870864,0.24680397727272727,0.6452945362437855,579,0.927461139896373,0.3905191635632556,,,11,True
visualizer_v2_e3_topology_30119.json,e3_topology,30119,9874331,119,30119,meta-llama/Llama-3.1-8B,False,256,0,barabasi_albert,15.5,False,28,False,blueprint,0.5,normal,both,2500,250,Llama-3.1-8B-BluePrint,Llama-3.1-8B,True,0.29140625,0.5132629187800146,0.003125,0.102734375,0.84375,0.875,0.03125,0.6252624052234231,0.5435644431995964,-0.002851306983059782,0.7842851974125483,0.2217741935483871,0.7905290128683168,0.2083288200350916,-0.0200269243419466,0.3547585227272727,0.5300043712962758,746,0.9544235924932976,0.33717194830764075,,,11,True
visualizer_v2_e3_topology_30120.json,e3_topology,30120,9874339,120,30120,marcelbinz/Llama-3.1-Minitaur-8B,False,256,0,fully_connected,255.0,False,29,False,blueprint,0.5,normal,both,2500,250,Llama-3.1-Minitaur-8B-BluePrint,Llama-3.1-Minitaur-8B,True,0.0703125,0.45251885804826975,-0.00234375,0.033984375,1.0,0.9765625,-0.0234375,0.0,0.16032872589902855,-8.125660209884671e-05,0.9415700588444837,0.04595588235294118,0.9701719370213168,0.030373244120691943,-8.125660209884671e-05,0.10653409090909091,1.6411093798550693,180,0.7111111111111111,0.7557291666666667,,,11,True
visualizer_v2_e3_topology_30121.json,e3_topology,30121,9909579,121,30121,google/gemma-3-4b-pt,False,256,0,cycle,2.0,False,29,False,blueprint,0.5,normal,both,2500,250,gemma-3-4b-pt-BluePrint,gemma-3-4b-pt,True,0.13125,0.5632425353053536,0.01484375,0.070703125,0.71484375,0.86328125,0.1484375,0.8623817843585116,0.5755805811774211,0.07330316742081448,0.7803921568627451,0.21875,0.7791799585190694,0.1912381077167793,0.1081111620311895,0.42542613636363635,1.3827840631658381,336,0.6636904761904762,0.8737865629650298,,,11,True
visualizer_v2_e3_topology_30122.json,e3_topology,30122,9874341,122,30122,meta-llama/Llama-3.1-8B,False,256,0,random,15.0859375,False,28,False,blueprint,0.5,normal,both,2500,250,Llama-3.1-8B-BluePrint,Llama-3.1-8B,True,0.3234375,0.5306697488407914,-0.0015625,0.115625,0.84375,0.828125,-0.015625,0.6252624052234231,0.6619760641115653,0.0243283116424138,0.6961949669235292,0.2843086483687209,0.7190000635122122,0.269680411655786,-0.01730845667694233,0.4744318181818182,0.4534730044278232,828,0.9565217391304348,0.32541586465881644,,,11,True
visualizer_v2_e3_topology_30123.json,e3_topology,30123,9909580,123,30123,google/gemma-3-4b-pt,False,256,0,powerlaw_cluster,15.3515625,False,25,False,blueprint,0.5,normal,both,2500,250,gemma-3-4b-pt-BluePrint,gemma-3-4b-pt,True,0.256640625,0.5354348820442678,0.025390625,0.084375,0.50390625,0.7578125,0.25390625,0.9999559719934967,0.798659130358246,0.01164133305917125,0.6276740225724384,0.3236641221374046,0.6257693698431205,0.33920043746288503,0.021378193623067657,0.7052556818181818,0.5141334533691406,657,0.9558599695585996,0.3350010702054795,,,11,True
visualizer_v2_e3_topology_30124.json,e3_topology,30124,9874343,124,30124,marcelbinz/Llama-3.1-Minitaur-8B,False,256,0,fully_connected,255.0,False,28,False,blueprint,0.5,normal,both,2500,250,Llama-3.1-Minitaur-8B-BluePrint,Llama-3.1-Minitaur-8B,True,0.311328125,0.5333681600843866,-0.004296875,0.139453125,0.6796875,0.63671875,-0.04296875,0.9047209661860878,0.9453732087003415,0.003206686792315864,0.5601255497782615,0.4644301470588235,0.5494117580112419,0.4364356547132511,0.0068512823639962335,0.4346590909090909,0.37770700454711914,797,0.9799247176913425,0.25964186990276034,,,11,True
visualizer_v2_e3_topology_30125.json,e3_topology,30125,9909593,125,30125,google/gemma-3-4b-pt,False,256,0,powerlaw_cluster,15.328125,False,29,False,blueprint,0.5,normal,both,2500,250,gemma-3-4b-pt-BluePrint,gemma-3-4b-pt,True,0.116796875,0.572427165834607,0.019140625,0.04765625,0.71484375,0.90625,0.19140625,0.8623817843585116,0.4488644887230295,-0.02423150355666453,0.8424913148595672,0.1636085626911315,0.8239352773089738,0.16218862083137192,0.0087333320114907,0.3732244318181818,1.4833750291304155,299,0.7759197324414716,0.721620897784281,,,11,True
visualizer_v2_e3_topology_30126.json,e3_topology,30126,9874345,126,30126,marcelbinz/Llama-3.1-Minitaur-8B,False,256,0,powerlaw_cluster,15.3671875,False,29,False,blueprint,0.5,normal,both,2500,250,Llama-3.1-Minitaur-8B-BluePrint,Llama-3.1-Minitaur-8B,True,0.100390625,0.44415158686254025,-0.005078125,0.037890625,1.0,0.94921875,-0.05078125,0.0,0.2897064269060978,0.0075368168774244595,0.921006022251936,0.09761057447890188,0.9004144485676265,0.10171229845449505,0.0075368168774244595,0.13458806818181818,1.517058632590554,257,0.6964980544747081,0.7518847276264592,,,11,True
visualizer_v2_e3_topology_30127.json,e3_topology,30127,9909604,127,30127,google/gemma-3-4b-pt,False,256,0,powerlaw_cluster,15.359375,False,28,False,blueprint,0.5,normal,both,2500,250,gemma-3-4b-pt-BluePrint,gemma-3-4b-pt,True,0.22421875,0.5238488560063692,0.009375,0.079296875,0.55078125,0.64453125,0.09375,0.9925464978639335,0.9388575093412463,0.00039185329781817914,0.5156725026615856,0.4303153611393693,0.550493966717184,0.3900304049535288,0.012145163357201328,0.7450284090909091,0.48554333773526276,574,0.9512195121951219,0.35203036530923343,,,11,True
visualizer_v2_e3_topology_30128.json,e3_topology,30128,9874347,128,30128,Qwen/Qwen2.5-7B-Instruct,False,256,0,barabasi_albert,15.5,False,29,False,blueprint,0.5,normal,both,2500,250,Qwen2.5-7B-Instruct-BluePrint,Qwen2.5-7B-Instruct,True,0.1984375,0.4781927449692267,-0.00625,0.066015625,0.76171875,0.69921875,-0.0625,0.7921703563573823,0.8822437977976201,-0.024004311921307527,0.578316047663883,0.4324596774193548,0.5746718187379014,0.3773186754624504,-0.03629463406733112,0.7191051136363636,0.8498997254805132,508,0.8051181102362205,0.5995603546382874,,,11,True
visualizer_v2_e3_topology_30129.json,e3_topology,30129,9874348,129,30129,meta-llama/Llama-3.1-8B,False,256,0,powerlaw_cluster,15.375,False,25,False,blueprint,0.5,normal,both,2500,250,Llama-3.1-8B-BluePrint,Llama-3.1-8B,True,0.35078125,0.56229837615845,0.02109375,0.11875,0.5703125,0.78125,0.2109375,0.985687679358613,0.7578784625383954,0.03854418123458097,0.6748064155714525,0.33689024390243905,0.701833733071173,0.26447184720897726,0.0533614008956419,0.35973011363636365,0.3961842276833274,898,0.9755011135857461,0.3107583910425947,,,11,True
visualizer_v2_e3_topology_30130.json,e3_topology,30130,9874349,130,30130,Qwen/Qwen2.5-7B-Instruct,False,256,0,forest_fire,15.640625,False,29,False,blueprint,0.5,normal,both,2500,250,Qwen2.5-7B-Instruct-BluePrint,Qwen2.5-7B-Instruct,True,0.129296875,0.5256715508345943,0.008984375,0.049609375,0.76171875,0.8515625,0.08984375,0.7921703563573823,0.6059162956553664,-0.007203604365743411,0.7278838424530696,0.23526473526473526,0.7231839767544492,0.23597186416725546,-0.0017906639266391288,0.8366477272727273,1.0896116386760364,331,0.7915407854984894,0.6214293511612538,,,11,True
visualizer_v2_e3_topology_30131.json,e3_topology,30131,9874350,131,30131,Qwen/Qwen2.5-7B-Instruct,False,256,0,fully_connected,255.0,False,29,False,blueprint,0.5,normal,both,2500,250,Qwen2.5-7B-Instruct-BluePrint,Qwen2.5-7B-Instruct,True,0.15859375,0.5318362874311973,0.00859375,0.0828125,0.76171875,0.84765625,0.0859375,0.7921703563573823,0.6156745938434387,-0.003733626630534935,0.7510530280274417,0.2592830882352941,0.7266377040248247,0.2527281236382152,0.00017900056046349496,0.7972301136363636,0.9783936630595814,406,0.8054187192118226,0.6315286570581896,,,11,True
visualizer_v2_e3_topology_30132.json,e3_topology,30132,9874351,132,30132,marcelbinz/Llama-3.1-Minitaur-8B,False,256,0,fully_connected,255.0,False,29,False,blueprint,0.5,normal,both,2500,250,Llama-3.1-Minitaur-8B-BluePrint,Llama-3.1-Minitaur-8B,True,0.0703125,0.45251885804826975,-0.00234375,0.033984375,1.0,0.9765625,-0.0234375,0.0,0.16032872589902855,-8.125660209884671e-05,0.9415700588444837,0.04595588235294118,0.9701719370213168,0.030373244120691943,-8.125660209884671e-05,0.10653409090909091,1.6411093798550693,180,0.7111111111111111,0.7557291666666667,,,11,True
visualizer_v2_e3_topology_30133.json,e3_topology,30133,9874352,133,30133,Qwen/Qwen2.5-7B-Instruct,False,256,0,powerlaw_cluster,15.2109375,False,29,False,blueprint,0.5,normal,both,2500,250,Qwen2.5-7B-Instruct-BluePrint,Qwen2.5-7B-Instruct,True,0.15390625,0.5170097779615191,0.0046875,0.056640625,0.76171875,0.80859375,0.046875,0.7921703563573823,0.7044039743593534,0.01208022807373081,0.6897798732273267,0.3420647149460709,0.6994918474744252,0.24783346913236917,0.01183258072355755,0.7819602272727273,0.9406832781704989,394,0.799492385786802,0.6067442918186865,,,11,True
visualizer_v2_e3_topology_30134.json,e3_topology,30134,9909605,134,30134,google/gemma-3-4b-pt,False,256,0,random,15.8046875,False,29,False,blueprint,0.5,normal,both,2500,250,gemma-3-4b-pt-BluePrint,gemma-3-4b-pt,True,0.12421875,0.5622551466169887,0.01484375,0.063671875,0.71484375,0.86328125,0.1484375,0.8623817843585116,0.5755805811774211,0.006245902205045515,0.7754330409967665,0.2392486406327237,0.801448759784726,0.18384735960697582,0.0028611462357046634,0.41832386363636365,1.4137765711004084,318,0.779874213836478,0.6767271029874213,,,11,True
visualizer_v2_e3_topology_30135.json,e3_topology,30135,9909620,135,30135,google/gemma-3-4b-pt,False,256,0,cycle,2.0,False,29,False,blueprint,0.5,normal,both,2500,250,gemma-3-4b-pt-BluePrint,gemma-3-4b-pt,True,0.13125,0.5632425353053536,0.01484375,0.070703125,0.71484375,0.86328125,0.1484375,0.8623817843585116,0.5755805811774211,0.07330316742081448,0.7803921568627451,0.21875,0.7791799585190694,0.1912381077167793,0.1081111620311895,0.42542613636363635,1.3827840631658381,336,0.6636904761904762,0.8737865629650298,,,11,True
visualizer_v2_e3_topology_30136.json,e3_topology,30136,9874355,136,30136,Qwen/Qwen2.5-7B-Instruct,False,256,0,cycle,2.0,False,28,False,blueprint,0.5,normal,both,2500,250,Qwen2.5-7B-Instruct-BluePrint,Qwen2.5-7B-Instruct,True,0.007421875,0.325,-0.001171875,0.003125,1.0,0.98828125,-0.01171875,0.0,0.09198335195381278,-0.011857707509881422,0.9764705882352941,0.0234375,0.9780749096629597,0.022442705168917096,-0.011857707509881422,0.9928977272727273,1.0495859059420498,19,0.9473684210526315,0.30927477384868424,,,11,True
visualizer_v2_e3_topology_30137.json,e3_topology,30137,9909694,137,30137,google/gemma-3-4b-pt,False,256,0,barabasi_albert,15.5,False,28,False,blueprint,0.5,normal,both,2500,250,gemma-3-4b-pt-BluePrint,gemma-3-4b-pt,True,0.208984375,0.5055162897366288,0.005859375,0.073046875,0.55078125,0.609375,0.05859375,0.9925464978639335,0.9652016987500656,-0.011451663531379575,0.5150562851939102,0.4682459677419355,0.5432667841172032,0.3970195862220817,-0.024023092102808122,0.7571022727272727,0.4951082576404918,535,0.9682242990654205,0.33291745765186914,,,11,True
visualizer_v2_e3_topology_30138.json,e3_topology,30138,9874357,138,30138,Qwen/Qwen2.5-7B-Instruct,False,256,0,fully_connected,255.0,False,28,False,blueprint,0.5,normal,both,2500,250,Qwen2.5-7B-Instruct-BluePrint,Qwen2.5-7B-Instruct,True,0.0109375,0.515,0.0,0.00546875,1.0,1.0,0.0,0.0,0.0,0.0,1.0,0.0,1.0,0.0,0.0,0.9950284090909091,1.0089331540194424,28,0.9642857142857143,0.24555315290178573,,,11,True
visualizer_v2_e3_topology_30139.json,e3_topology,30139,9909707,139,30139,google/gemma-3-4b-pt,False,256,0,fully_connected,255.0,False,28,False,blueprint,0.5,normal,both,2500,250,gemma-3-4b-pt-BluePrint,gemma-3-4b-pt,True,0.211328125,0.520948587344089,0.009765625,0.106640625,0.55078125,0.6484375,0.09765625,0.9925464978639335,0.9354557645575774,-0.0024158257250344295,0.5336863193545924,0.4577205882352941,0.5361186082240873,0.4671406415884555,0.0013675478053341282,0.7741477272727273,0.5165322910655629,541,0.9316081330868762,0.37305951074399263,,,11,True
visualizer_v2_e3_topology_30140.json,e3_topology,30140,9874365,140,30140,Qwen/Qwen2.5-7B-Instruct,False,256,0,stochastic_block,15.4921875,False,25,False,blueprint,0.5,normal,both,2500,250,Qwen2.5-7B-Instruct-BluePrint,Qwen2.5-7B-Instruct,True,0.041796875,0.45533799533799535,-0.002734375,0.019140625,1.0,0.97265625,-0.02734375,0.0,0.18089075961189305,0.02394262208627622,0.933329036970553,0.05648008068582955,0.948563910200612,0.04335856005348293,0.02394262208627622,0.9744318181818182,1.2304700287905606,107,0.9158878504672897,0.3490862980067173,,,11,True
visualizer_v2_e3_topology_30141.json,e3_topology,30141,9909708,141,30141,google/gemma-3-4b-pt,False,256,0,fully_connected,255.0,False,28,False,blueprint,0.5,normal,both,2500,250,gemma-3-4b-pt-BluePrint,gemma-3-4b-pt,True,0.211328125,0.520948587344089,0.009765625,0.106640625,0.55078125,0.6484375,0.09765625,0.9925464978639335,0.9354557645575774,-0.0024158257250344295,0.5336863193545924,0.4577205882352941,0.5361186082240873,0.4671406415884555,0.0013675478053341282,0.7741477272727273,0.5165322910655629,541,0.9316081330868762,0.37305951074399263,,,11,True
visualizer_v2_e3_topology_30142.json,e3_topology,30142,9874367,142,30142,Qwen/Qwen2.5-7B-Instruct,False,256,0,random,15.5,False,28,False,blueprint,0.5,normal,both,2500,250,Qwen2.5-7B-Instruct-BluePrint,Qwen2.5-7B-Instruct,True,0.005859375,0.45,-0.000390625,0.002734375,1.0,0.99609375,-0.00390625,0.0,0.03687450625387198,-0.001708870591894031,0.9951480592236895,0.00655241935483871,0.9837976303000372,0.011918125466301823,-0.001708870591894031,0.9964488636363636,1.1204874407161365,15,0.9333333333333333,0.302099609375,,,11,True
visualizer_v2_e3_topology_30143.json,e3_topology,30143,9874368,143,30143,Qwen/Qwen2.5-7B-Instruct,False,256,0,cycle,2.0,False,25,False,blueprint,0.5,normal,both,2500,250,Qwen2.5-7B-Instruct-BluePrint,Qwen2.5-7B-Instruct,True,0.040625,0.43705405705405703,-0.00546875,0.016796875,1.0,0.9453125,-0.0546875,0.0,0.30598487371383465,0.01770956316410862,0.8980392156862745,0.1015625,0.9038588182406405,0.08682550602128551,0.01770956316410862,0.9744318181818182,1.2557616125453601,104,0.9326923076923077,0.34577002892127406,,,11,True
visualizer_v2_e3_topology_30144.json,e3_topology,30144,9874369,144,30144,meta-llama/Llama-3.1-8B,False,256,0,barabasi_albert,15.5,False,25,False,blueprint,0.5,normal,both,2500,250,Llama-3.1-8B-BluePrint,Llama-3.1-8B,True,0.350390625,0.5641067015140611,0.021484375,0.126953125,0.5703125,0.78515625,0.21484375,0.985687679358613,0.7506399446452308,-0.011595742631212788,0.6645111439671183,0.37348790322580644,0.6832372806577075,0.30125781541081614,0.00286752270951301,0.4268465909090909,0.404738339510831,897,0.9810479375696767,0.30297334430741363,,,11,True
visualizer_v2_e3_topology_30145.json,e3_topology,30145,9874370,145,30145,marcelbinz/Llama-3.1-Minitaur-8B,False,256,0,cycle,2.0,False,28,False,blueprint,0.5,normal,both,2500,250,Llama-3.1-Minitaur-8B-BluePrint,Llama-3.1-Minitaur-8B,True,0.325390625,0.5330125598390495,-0.002734375,0.151953125,0.6796875,0.65234375,-0.02734375,0.9047209661860878,0.9319574523469683,0.06996770721205597,0.5784313725490197,0.421875,0.5489053080355175,0.39380921322478163,0.02090687177611541,0.4119318181818182,0.3621466376564719,833,0.9819927971188476,0.24901992046818727,,,11,True
visualizer_v2_e3_topology_30146.json,e3_topology,30146,9874371,146,30146,marcelbinz/Llama-3.1-Minitaur-8B,False,256,0,random,16.2421875,False,25,False,blueprint,0.5,normal,both,2500,250,Llama-3.1-Minitaur-8B-BluePrint,Llama-3.1-Minitaur-8B,True,0.36328125,0.5538948808634507,-0.02109375,0.144140625,0.72265625,0.51171875,-0.2109375,0.8518061887486322,0.9996037156868481,0.02144770634842709,0.5173991716339963,0.4911014911014911,0.5062405806823214,0.45455065965353625,0.03780909190152104,0.5245028409090909,0.35729963129216974,930,0.975268817204301,0.27206978746639787,,,11,True
visualizer_v2_e3_topology_30147.json,e3_topology,30147,9909743,147,30147,google/gemma-3-4b-pt,False,256,0,barabasi_albert,15.5,False,28,False,blueprint,0.5,normal,both,2500,250,gemma-3-4b-pt-BluePrint,gemma-3-4b-pt,True,0.246875,0.5160572576028789,0.00859375,0.083984375,0.55078125,0.63671875,0.0859375,0.9925464978639335,0.9453732087003415,-0.0025351930895242984,0.5105351206985126,0.4420362903225806,0.5490573101130702,0.38542745788244215,-0.03228986483572288,0.7478693181818182,0.5012666528875177,632,0.9319620253164557,0.40499066702927217,,,11,True
visualizer_v2_e3_topology_30148.json,e3_topology,30148,9874373,148,30148,marcelbinz/Llama-3.1-Minitaur-8B,False,256,0,barabasi_albert,15.5,False,28,False,blueprint,0.5,normal,both,2500,250,Llama-3.1-Minitaur-8B-BluePrint,Llama-3.1-Minitaur-8B,True,0.319921875,0.5224703463210384,-0.007421875,0.11484375,0.6796875,0.60546875,-0.07421875,0.9047209661860878,0.967661552439695,0.0027409501387659838,0.5381282604665815,0.4717741935483871,0.5451249187278335,0.38768123400823584,0.027088967754694732,0.43998579545454547,0.37652856653386896,819,0.9743589743589743,0.255859375,,,11,True
visualizer_v2_e3_topology_30149.json,e3_topology,30149,9874374,149,30149,Qwen/Qwen2.5-7B-Instruct,False,256,0,barabasi_albert,15.5,False,29,False,blueprint,0.5,normal,both,2500,250,Qwen2.5-7B-Instruct-BluePrint,Qwen2.5-7B-Instruct,True,0.207421875,0.4742714760472807,-0.013671875,0.06796875,0.76171875,0.625,-0.13671875,0.7921703563573823,0.954434002924965,-0.003517892730265938,0.5112202275266245,0.47076612903225806,0.5107001245864228,0.41687535063086695,0.006056425379843505,0.7191051136363636,0.8387645374644886,531,0.8097928436911488,0.5690101867790726,,,11,True
visualizer_v2_e3_topology_30150.json,e3_topology,30150,9874375,150,30150,meta-llama/Llama-3.1-8B,False,256,0,forest_fire,15.3515625,False,28,False,blueprint,0.5,normal,both,2500,250,Llama-3.1-8B-BluePrint,Llama-3.1-8B,True,0.2265625,0.5104411481353994,0.003125,0.080078125,0.84375,0.875,0.03125,0.6252624052234231,0.5435644431995964,0.031663985830727694,0.7937338663340239,0.20814249363867685,0.7654447614520667,0.22443830220610725,0.049366531764600166,0.22727272727272727,0.6504880731756036,580,0.9120689655172414,0.41708984375,,,11,True
visualizer_v2_e3_topology_30151.json,e3_topology,30151,9874376,151,30151,Qwen/Qwen2.5-7B-Instruct,False,256,0,powerlaw_cluster,15.25,False,28,False,blueprint,0.5,normal,both,2500,250,Qwen2.5-7B-Instruct-BluePrint,Qwen2.5-7B-Instruct,True,0.01171875,0.46333333333333326,-0.00078125,0.00390625,1.0,0.9921875,-0.0078125,0.0,0.06591441234324169,0.031077348066300813,0.9881669159624984,0.0235655737704918,0.9775565298418318,0.021918765371254405,0.031077348066300813,0.9932528409090909,0.9897506020285867,30,0.9666666666666667,0.2734456380208333,,,11,True
visualizer_v2_e3_topology_30152.json,e3_topology,30152,9874377,152,30152,marcelbinz/Llama-3.1-Minitaur-8B,False,256,0,forest_fire,15.609375,False,28,False,blueprint,0.5,normal,both,2500,250,Llama-3.1-Minitaur-8B-BluePrint,Llama-3.1-Minitaur-8B,True,0.29921875,0.5336681397838123,-0.003125,0.0953125,0.6796875,0.6484375,-0.03125,0.9047209661860878,0.9354557645575774,-0.02525492631149999,0.5611214484843358,0.47647647647647645,0.5439554160958137,0.39748128476783573,-0.023074501446188805,0.4240056818181818,0.38828676397150214,766,0.9830287206266318,0.24934470871409922,,,11,True
visualizer_v2_e3_topology_30153.json,e3_topology,30153,9909919,153,30153,google/gemma-3-4b-pt,False,256,0,stochastic_block,16.046875,False,29,False,blueprint,0.5,normal,both,2500,250,gemma-3-4b-pt-BluePrint,gemma-3-4b-pt,True,0.12734375,0.5681569878571776,0.01796875,0.065625,0.71484375,0.89453125,0.1796875,0.8623817843585116,0.4860951951851023,-0.01303758408325068,0.8012503939393173,0.18597857838364168,0.818831174324016,0.1802234422140864,-0.020734903097318128,0.4211647727272727,1.464453783902255,326,0.7515337423312883,0.7239308737538344,,,11,True
visualizer_v2_e3_topology_30154.json,e3_topology,30154,9874379,154,30154,meta-llama/Llama-3.1-8B,False,256,0,powerlaw_cluster,15.3828125,False,28,False,blueprint,0.5,normal,both,2500,250,Llama-3.1-8B-BluePrint,Llama-3.1-8B,True,0.267578125,0.5096464074806367,0.005859375,0.093359375,0.84375,0.90234375,0.05859375,0.6252624052234231,0.4615217448770414,0.0022072577628122524,0.836315879660822,0.15134586084306756,0.8256628890163936,0.1616780671364399,0.004135642987545256,0.3565340909090909,0.5039156133478339,685,0.9664233576642336,0.3064289176551095,,,11,True
visualizer_v2_e3_topology_30155.json,e3_topology,30155,9874380,155,30155,marcelbinz/Llama-3.1-Minitaur-8B,False,256,0,stochastic_block,15.9765625,False,29,False,blueprint,0.5,normal,both,2500,250,Llama-3.1-Minitaur-8B-BluePrint,Llama-3.1-Minitaur-8B,True,0.0859375,0.4765711194431702,-0.003125,0.039453125,1.0,0.96875,-0.03125,0.0,0.20062232431271465,-0.015339823564226454,0.9360446524923305,0.061124694376528114,0.9390096735465393,0.05932984008473026,-0.015339823564226454,0.11505681818181818,1.5774071433327415,220,0.7,0.7950905539772727,,,11,True
visualizer_v2_e3_topology_30156.json,e3_topology,30156,9874381,156,30156,Qwen/Qwen2.5-7B-Instruct,False,256,0,fully_connected,255.0,False,28,False,blueprint,0.5,normal,both,2500,250,Qwen2.5-7B-Instruct-BluePrint,Qwen2.5-7B-Instruct,True,0.0109375,0.515,0.0,0.00546875,1.0,1.0,0.0,0.0,0.0,0.0,1.0,0.0,1.0,0.0,0.0,0.9950284090909091,1.0089331540194424,28,0.9642857142857143,0.24555315290178573,,,11,True
visualizer_v2_e3_topology_30157.json,e3_topology,30157,9874514,157,30157,marcelbinz/Llama-3.1-Minitaur-8B,False,256,0,barabasi_albert,15.5,False,29,False,blueprint,0.5,normal,both,2500,250,Llama-3.1-Minitaur-8B-BluePrint,Llama-3.1-Minitaur-8B,True,0.083984375,0.4818694004646028,-0.001171875,0.033984375,1.0,0.98828125,-0.01171875,0.0,0.09198335195381278,-0.005493068270990516,0.9650217990670918,0.015625,0.980746399131396,0.01634125762605151,-0.005493068270990516,0.10582386363636363,1.59992807561701,215,0.6697674418604651,0.8059683866279069,,,11,True
visualizer_v2_e3_topology_30158.json,e3_topology,30158,9874515,158,30158,marcelbinz/Llama-3.1-Minitaur-8B,False,256,0,random,16.2421875,False,28,False,blueprint,0.5,normal,both,2500,250,Llama-3.1-Minitaur-8B-BluePrint,Llama-3.1-Minitaur-8B,True,0.3046875,0.5062623424451458,-0.0109375,0.10390625,0.6796875,0.5703125,-0.109375,0.9047209661860878,0.985687679358613,-0.0030452680315511695,0.5110529070591222,0.4935064935064935,0.5142617151685931,0.4567954473661269,0.01058930617605912,0.45063920454545453,0.36557275598699396,780,0.9794871794871794,0.24656700721153846,,,11,True
visualizer_v2_e3_topology_30159.json,e3_topology,30159,9874577,159,30159,Qwen/Qwen2.5-7B-Instruct,False,256,0,stochastic_block,15.8671875,False,29,False,blueprint,0.5,normal,both,2500,250,Qwen2.5-7B-Instruct-BluePrint,Qwen2.5-7B-Instruct,True,0.171875,0.5344377730000074,0.009375,0.083984375,0.76171875,0.85546875,0.09375,0.7921703563573823,0.5959838258557496,-0.006214828088385881,0.761788286888032,0.24421467257508617,0.7288150426545559,0.23456825167242962,0.0033114683070766798,0.7808948863636364,0.9545956958423961,440,0.8022727272727272,0.6022551103071733,,,11,True
visualizer_v2_e3_topology_30160.json,e3_topology,30160,9874578,160,30160,Qwen/Qwen2.5-7B-Instruct,False,256,0,barabasi_albert,15.5,False,29,False,blueprint,0.5,normal,both,2500,250,Qwen2.5-7B-Instruct-BluePrint,Qwen2.5-7B-Instruct,True,0.240625,0.45426997936216545,-0.0234375,0.077734375,0.76171875,0.52734375,-0.234375,0.7921703563573823,0.9978415729996559,-0.014729540225465729,0.4834229394470488,0.5095766129032258,0.5028095609706994,0.44275294314363123,-0.01721718278030685,0.6697443181818182,0.7929929819974032,616,0.8246753246753247,0.5818525041852679,,,11,True
visualizer_v2_e3_topology_30161.json,e3_topology,30161,9909920,161,30161,google/gemma-3-4b-pt,False,256,0,random,16.0234375,False,29,False,blueprint,0.5,normal,both,2500,250,gemma-3-4b-pt-BluePrint,gemma-3-4b-pt,True,0.115625,0.5485822812195748,0.0125,0.056640625,0.71484375,0.83984375,0.125,0.8623817843585116,0.6346832232379868,0.0032848147484023636,0.7312204141778329,0.2735251097025841,0.7219900951967135,0.24713580099782614,0.015697127874261186,0.3845880681818182,1.4953738125887783,296,0.7263513513513513,0.8210036819045609,,,11,True
visualizer_v2_e3_topology_30162.json,e3_topology,30162,9910019,162,30162,google/gemma-3-4b-pt,False,256,0,forest_fire,14.7578125,False,29,False,blueprint,0.5,normal,both,2500,250,gemma-3-4b-pt-BluePrint,gemma-3-4b-pt,True,0.119140625,0.5654472880737358,0.016015625,0.0484375,0.71484375,0.875,0.16015625,0.8623817843585116,0.5435644431995964,-0.0026771936745134104,0.7971914054887613,0.1937533086289042,0.7880969690171052,0.18674578957858845,-0.0057134184855645535,0.4186789772727273,1.4684944152832031,305,0.7213114754098361,0.8144179047131147,,,11,True
visualizer_v2_e3_topology_30163.json,e3_topology,30163,9874678,163,30163,Qwen/Qwen2.5-7B-Instruct,False,256,0,powerlaw_cluster,15.375,False,29,False,blueprint,0.5,normal,both,2500,250,Qwen2.5-7B-Instruct-BluePrint,Qwen2.5-7B-Instruct,True,0.14453125,0.526429813166763,0.0078125,0.053125,0.76171875,0.83984375,0.078125,0.7921703563573823,0.6346832232379868,-0.00014359821220219412,0.7280363751478132,0.2301829268292683,0.7248171009737251,0.22111322398072197,-0.010713606417231425,0.7958096590909091,0.9782241907986727,370,0.7783783783783784,0.6270323057432432,,,11,True
visualizer_v2_e3_topology_30164.json,e3_topology,30164,9874679,164,30164,meta-llama/Llama-3.1-8B,False,256,0,fully_connected,255.0,False,25,False,blueprint,0.5,normal,both,2500,250,Llama-3.1-8B-BluePrint,Llama-3.1-8B,True,0.346484375,0.5783263836760015,-0.001171875,0.14375,0.5703125,0.55859375,-0.01171875,0.985687679358613,0.9900710003428677,-0.003255851377382637,0.502955738299332,0.4950674019607843,0.522678539200572,0.4788744876682548,-0.0018819667989694777,0.5827414772727273,0.44305159828879614,887,0.9413754227733935,0.3421056977522548,,,11,True
visualizer_v2_e3_topology_30165.json,e3_topology,30165,9874680,165,30165,Qwen/Qwen2.5-7B-Instruct,False,256,0,stochastic_block,15.1015625,False,28,False,blueprint,0.5,normal,both,2500,250,Qwen2.5-7B-Instruct-BluePrint,Qwen2.5-7B-Instruct,True,0.0109375,0.4033333333333333,0.0,0.00546875,1.0,1.0,0.0,0.0,0.0,0.0,1.0,0.0,1.0,0.0,0.0,0.9946732954545454,1.009617892178622,28,0.8928571428571429,0.35853794642857145,,,11,True
visualizer_v2_e3_topology_30166.json,e3_topology,30166,9874690,166,30166,Qwen/Qwen2.5-7B-Instruct,False,256,0,cycle,2.0,False,25,False,blueprint,0.5,normal,both,2500,250,Qwen2.5-7B-Instruct-BluePrint,Qwen2.5-7B-Instruct,True,0.040625,0.43705405705405703,-0.00546875,0.016796875,1.0,0.9453125,-0.0546875,0.0,0.30598487371383465,0.01770956316410862,0.8980392156862745,0.1015625,0.9038588182406405,0.08682550602128551,0.01770956316410862,0.9744318181818182,1.2557616125453601,104,0.9326923076923077,0.34577002892127406,,,11,True
visualizer_v2_e3_topology_30167.json,e3_topology,30167,9874696,167,30167,marcelbinz/Llama-3.1-Minitaur-8B,False,256,0,random,15.890625,False,29,False,blueprint,0.5,normal,both,2500,250,Llama-3.1-Minitaur-8B-BluePrint,Llama-3.1-Minitaur-8B,True,0.06953125,0.4476887070617721,-0.00234375,0.029296875,1.0,0.9765625,-0.0234375,0.0,0.16032872589902855,-0.01666111296234002,0.9651272082210279,0.03687315634218289,0.9663817168122741,0.03769950380114789,-0.01666111296234002,0.09623579545454546,1.6535517952658914,178,0.6179775280898876,0.8316526948735955,,,11,True
visualizer_v2_e3_topology_30168.json,e3_topology,30168,9910655,168,30168,google/gemma-3-4b-pt,False,256,0,stochastic_block,15.3671875,False,29,False,blueprint,0.5,normal,both,2500,250,gemma-3-4b-pt-BluePrint,gemma-3-4b-pt,True,0.127734375,0.555752063443065,0.014453125,0.066015625,0.71484375,0.859375,0.14453125,0.8623817843585116,0.5858732928619206,-0.008832332370341726,0.7635544694769438,0.25063548551093034,0.7643123208281443,0.21362363199428477,0.010647373330677666,0.40092329545454547,1.4923119978471235,327,0.7064220183486238,0.8625376290137615,,,11,True
visualizer_v2_e3_topology_30169.json,e3_topology,30169,9874755,169,30169,meta-llama/Llama-3.1-8B,False,256,0,cycle,2.0,False,29,False,blueprint,0.5,normal,both,2500,250,Llama-3.1-8B-BluePrint,Llama-3.1-8B,True,0.133203125,0.4428829463810122,-0.007421875,0.0640625,0.99609375,0.921875,-0.07421875,0.03687450625387198,0.3955378064564774,0.07796610169491526,0.8666666666666667,0.1328125,0.8701521741971197,0.11538693623816124,0.08188767032236624,0.15021306818181818,1.2370695634321733,341,0.8914956011730205,0.5145940249266863,,,11,True
visualizer_v2_e3_topology_30170.json,e3_topology,30170,9874780,170,30170,meta-llama/Llama-3.1-8B,False,256,0,fully_connected,255.0,False,29,False,blueprint,0.5,normal,both,2500,250,Llama-3.1-8B-BluePrint,Llama-3.1-8B,True,0.1578125,0.4422869999936349,-0.00703125,0.075390625,0.99609375,0.92578125,-0.0703125,0.03687450625387198,0.3814735439675174,0.0023342098725375204,0.8319451768328499,0.13795955882352942,0.8787606786788503,0.1284816776503943,0.005878058488270433,0.17045454545454544,1.21994348005815,404,0.8861386138613861,0.4951486115408416,,,11,True
visualizer_v2_e3_topology_30171.json,e3_topology,30171,9874781,171,30171,Qwen/Qwen2.5-7B-Instruct,False,256,0,barabasi_albert,15.5,False,28,False,blueprint,0.5,normal,both,2500,250,Qwen2.5-7B-Instruct-BluePrint,Qwen2.5-7B-Instruct,True,0.0125,0.4666666666666667,-0.0015625,0.005078125,1.0,0.984375,-0.015625,0.0,0.11611507530476971,0.021239954075774514,0.9742925072145108,0.027721774193548387,0.974263882442996,0.023862791960794223,0.021239954075774514,0.9918323863636364,1.0027034499428489,32,0.90625,0.3212890625,,,11,True
visualizer_v2_e3_topology_30172.json,e3_topology,30172,9910656,172,30172,google/gemma-3-4b-pt,False,256,0,barabasi_albert,15.5,False,25,False,blueprint,0.5,normal,both,2500,250,gemma-3-4b-pt-BluePrint,gemma-3-4b-pt,True,0.25234375,0.5470549920032762,0.03125,0.0921875,0.50390625,0.81640625,0.3125,0.9999559719934967,0.6878760365869007,-0.008855590991387113,0.7022395608951354,0.2706653225806452,0.7017776546411342,0.27058301559725884,0.0028049824163479276,0.7262073863636364,0.615317778153853,646,0.9380804953560371,0.3686326915634675,,,11,True
visualizer_v2_e3_topology_30173.json,e3_topology,30173,9874783,173,30173,meta-llama/Llama-3.1-8B,False,256,0,barabasi_albert,15.5,False,28,False,blueprint,0.5,normal,both,2500,250,Llama-3.1-8B-BluePrint,Llama-3.1-8B,True,0.257421875,0.5179918487759887,0.006640625,0.098828125,0.84375,0.91015625,0.06640625,0.6252624052234231,0.43594805979000545,0.010063111713125555,0.8304952945909557,0.16784274193548387,0.8345445672704362,0.1380131721027167,0.024405803509481155,0.2883522727272727,0.5836970589377664,659,0.9423368740515933,0.39027972069423367,,,11,True
visualizer_v2_e3_topology_30174.json,e3_topology,30174,9874784,174,30174,Qwen/Qwen2.5-7B-Instruct,False,256,0,powerlaw_cluster,15.3046875,False,29,False,blueprint,0.5,normal,both,2500,250,Qwen2.5-7B-Instruct-BluePrint,Qwen2.5-7B-Instruct,True,0.190234375,0.4757120124656182,-0.012109375,0.05625,0.76171875,0.640625,-0.12109375,0.7921703563573823,0.9421631690835512,-0.027437802610746548,0.5242544793609846,0.4890250127616131,0.5158070434278498,0.41535543594067004,0.0001475425115949093,0.74609375,0.9390263774178245,487,0.7864476386036962,0.615848737086114,,,11,True
visualizer_v2_e3_topology_30175.json,e3_topology,30175,9910677,175,30175,google/gemma-3-4b-pt,False,256,0,forest_fire,15.6953125,False,28,False,blueprint,0.5,normal,both,2500,250,gemma-3-4b-pt-BluePrint,gemma-3-4b-pt,True,0.267578125,0.513576971577,0.008203125,0.09609375,0.55078125,0.6328125,0.08203125,0.9925464978639335,0.9484880760741912,0.040042252342260776,0.554730256607523,0.4489795918367347,0.5390850159540983,0.41320994801350264,0.03677237928615486,0.7102272727272727,0.4496400139548562,685,0.9708029197080292,0.3520457915145985,,,11,True
visualizer_v2_e3_topology_30176.json,e3_topology,30176,9874837,176,30176,marcelbinz/Llama-3.1-Minitaur-8B,False,256,0,stochastic_block,16.3515625,False,28,False,blueprint,0.5,normal,both,2500,250,Llama-3.1-Minitaur-8B-BluePrint,Llama-3.1-Minitaur-8B,True,0.3296875,0.5505719969073216,-0.0078125,0.1375,0.6796875,0.6015625,-0.078125,0.9047209661860878,0.9700292494214555,-0.027587310370575307,0.49888235691023913,0.4925943621595795,0.5251000556420338,0.45316377495121163,0.006852263831052825,0.45063920454545453,0.3679391687566584,844,0.9845971563981043,0.2549568646327014,,,11,True
visualizer_v2_e3_topology_30177.json,e3_topology,30177,9910681,177,30177,google/gemma-3-4b-pt,False,256,0,powerlaw_cluster,15.2890625,False,29,False,blueprint,0.5,normal,both,2500,250,gemma-3-4b-pt-BluePrint,gemma-3-4b-pt,True,0.134375,0.5325672428913322,0.0125,0.050390625,0.71484375,0.83984375,0.125,0.8623817843585116,0.6346832232379868,-0.03447472276798163,0.7205294467389726,0.28513030148185997,0.731238636990126,0.2389613356008563,-0.026390656691871375,0.37357954545454547,1.432944037697532,344,0.7383720930232558,0.7400952716206395,,,11,True
visualizer_v2_e3_topology_30178.json,e3_topology,30178,9910682,178,30178,google/gemma-3-4b-pt,False,256,0,random,15.6640625,False,25,False,blueprint,0.5,normal,both,2500,250,gemma-3-4b-pt-BluePrint,gemma-3-4b-pt,True,0.24375,0.5574424588701948,0.03203125,0.114453125,0.50390625,0.82421875,0.3203125,0.9999559719934967,0.6707604759685492,0.017862347684985538,0.7329521968721853,0.28079800498753116,0.7500092480704729,0.22835015374025833,0.009282183742567361,0.7194602272727273,0.5491949428211559,624,0.9407051282051282,0.34091421274038464,,,11,True
visualizer_v2_e3_topology_30179.json,e3_topology,30179,9910694,179,30179,google/gemma-3-4b-pt,False,256,0,fully_connected,255.0,False,29,False,blueprint,0.5,normal,both,2500,250,gemma-3-4b-pt-BluePrint,gemma-3-4b-pt,True,0.13515625,0.5582342869184974,0.01484375,0.075,0.71484375,0.86328125,0.1484375,0.8623817843585116,0.5755805811774211,-0.0038604450505865364,0.7537710099619289,0.23697916666666666,0.7582680259052768,0.22717403289276314,-0.0001340606296200194,0.39808238636363635,1.473148519342596,346,0.7341040462427746,0.7565875632225434,,,11,True
visualizer_v2_e3_topology_30180.json,e3_topology,30180,9874931,180,30180,Qwen/Qwen2.5-7B-Instruct,False,256,0,random,15.8125,False,28,False,blueprint,0.5,normal,both,2500,250,Qwen2.5-7B-Instruct-BluePrint,Qwen2.5-7B-Instruct,True,0.009375,0.4038095238095238,0.0,0.00390625,1.0,1.0,0.0,0.0,0.0,0.0,1.0,0.0,1.0,0.0,0.0,0.9932528409090909,0.9830573472109708,24,1.0,0.17287190755208334,,,11,True
visualizer_v2_e3_topology_30181.json,e3_topology,30181,9875171,181,30181,marcelbinz/Llama-3.1-Minitaur-8B,False,256,0,barabasi_albert,15.5,False,29,False,blueprint,0.5,normal,both,2500,250,Llama-3.1-Minitaur-8B-BluePrint,Llama-3.1-Minitaur-8B,True,0.0546875,0.4414201539201539,-0.00234375,0.0203125,1.0,0.9765625,-0.0234375,0.0,0.16032872589902855,-0.009771986970680368,0.9569939624551412,0.03024193548387097,0.9718638286820663,0.025666049369462967,-0.009771986970680368,0.09836647727272728,1.8079526207663796,140,0.6,0.9406389508928571,,,11,True
visualizer_v2_e3_topology_30182.json,e3_topology,30182,9913498,182,30182,google/gemma-3-4b-pt,False,256,0,barabasi_albert,15.5,False,25,False,blueprint,0.5,normal,both,2500,250,gemma-3-4b-pt-BluePrint,gemma-3-4b-pt,True,0.24765625,0.5613060102239344,0.0359375,0.086328125,0.50390625,0.86328125,0.359375,0.9999559719934967,0.5755805811774211,-0.011545491017697189,0.7775833056678011,0.1844758064516129,0.7702592317124302,0.21661880991538393,-0.030989347897893663,0.7368607954545454,0.5809749256480824,634,0.9384858044164038,0.35593854741719244,,,11,True
visualizer_v2_e3_topology_30183.json,e3_topology,30183,9875711,183,30183,marcelbinz/Llama-3.1-Minitaur-8B,False,256,0,powerlaw_cluster,15.3046875,False,25,False,blueprint,0.5,normal,both,2500,250,Llama-3.1-Minitaur-8B-BluePrint,Llama-3.1-Minitaur-8B,True,0.376953125,0.5328605255480107,-0.009765625,0.115234375,0.72265625,0.625,-0.09765625,0.8518061887486322,0.954434002924965,-0.006722346250981887,0.514115349173174,0.4655436447166922,0.5417134632815661,0.4026990560805978,-0.009715392762568421,0.48579545454545453,0.36220801960338245,965,0.9823834196891191,0.26991175518134713,,,11,True
visualizer_v2_e3_topology_30184.json,e3_topology,30184,9913499,184,30184,google/gemma-3-4b-pt,False,256,0,forest_fire,15.65625,False,25,False,blueprint,0.5,normal,both,2500,250,gemma-3-4b-pt-BluePrint,gemma-3-4b-pt,True,0.270703125,0.5558812591818021,0.033203125,0.096875,0.50390625,0.8359375,0.33203125,0.9999559719934967,0.6439403638806509,-0.01717244895221281,0.6936249021820402,0.22654690618762474,0.7365291064432233,0.2416893175447104,0.023260671229071037,0.7112926136363636,0.5460336858575995,693,0.9624819624819625,0.3651272772366522,,,11,True
visualizer_v2_e3_topology_30185.json,e3_topology,30185,9913500,185,30185,google/gemma-3-4b-pt,False,256,0,powerlaw_cluster,15.328125,False,29,False,blueprint,0.5,normal,both,2500,250,gemma-3-4b-pt-BluePrint,gemma-3-4b-pt,True,0.11640625,0.557276633549517,0.0171875,0.044140625,0.71484375,0.88671875,0.171875,0.8623817843585116,0.5097345489307138,-0.008948983527387376,0.8018564563777054,0.1875637104994903,0.7894921564617235,0.18774156148749324,-0.028644243905298634,0.39595170454545453,1.6067333221435547,298,0.7114093959731543,0.8661617816694631,,,11,True
visualizer_v2_e3_topology_30186.json,e3_topology,30186,9875714,186,30186,Qwen/Qwen2.5-7B-Instruct,False,256,0,forest_fire,15.7109375,False,29,False,blueprint,0.5,normal,both,2500,250,Qwen2.5-7B-Instruct-BluePrint,Qwen2.5-7B-Instruct,True,0.230859375,0.47289721492872994,-0.012109375,0.074609375,0.76171875,0.640625,-0.12109375,0.7921703563573823,0.9421631690835512,0.0005746481675981495,0.5514003159423098,0.4868224763799105,0.513619056755056,0.42100722835099025,-0.0051314896485451355,0.6764914772727273,0.8053309700705789,591,0.8274111675126904,0.5696827328548012,,,11,True
visualizer_v2_e3_topology_30187.json,e3_topology,30187,9875731,187,30187,meta-llama/Llama-3.1-8B,False,256,0,forest_fire,15.5546875,False,25,False,blueprint,0.5,normal,both,2500,250,Llama-3.1-8B-BluePrint,Llama-3.1-8B,True,0.359375,0.6068804697469814,0.02109375,0.126953125,0.5703125,0.78125,0.2109375,0.985687679358613,0.7578784625383954,-0.021623435146141054,0.6544994932024509,0.3134103465595178,0.7070246167745539,0.2627037564293473,-0.014560002004264655,0.46875,0.43030444058504974,920,0.941304347826087,0.3508162788722826,,,11,True
visualizer_v2_e3_topology_30188.json,e3_topology,30188,9875732,188,30188,marcelbinz/Llama-3.1-Minitaur-8B,False,256,0,random,15.8671875,False,29,False,blueprint,0.5,normal,both,2500,250,Llama-3.1-Minitaur-8B-BluePrint,Llama-3.1-Minitaur-8B,True,0.069140625,0.4675563153736528,-0.001953125,0.032421875,1.0,0.98046875,-0.01953125,0.0,0.13880049798406022,-0.01664525700638622,0.9463235402929452,0.04086656819300837,0.963670679569947,0.04204003594841335,-0.01664525700638622,0.11399147727272728,1.5447779568758877,177,0.6892655367231638,0.788472148658192,,,11,True
visualizer_v2_e3_topology_30189.json,e3_topology,30189,9875733,189,30189,meta-llama/Llama-3.1-8B,False,256,0,fully_connected,255.0,False,29,False,blueprint,0.5,normal,both,2500,250,Llama-3.1-8B-BluePrint,Llama-3.1-8B,True,0.1578125,0.4422869999936349,-0.00703125,0.075390625,0.99609375,0.92578125,-0.0703125,0.03687450625387198,0.3814735439675174,0.0023342098725375204,0.8319451768328499,0.13795955882352942,0.8787606786788503,0.1284816776503943,0.005878058488270433,0.17045454545454544,1.21994348005815,404,0.8861386138613861,0.4951486115408416,,,11,True
visualizer_v2_e3_topology_30190.json,e3_topology,30190,9875734,190,30190,marcelbinz/Llama-3.1-Minitaur-8B,False,256,0,powerlaw_cluster,15.34375,False,29,False,blueprint,0.5,normal,both,2500,250,Llama-3.1-Minitaur-8B-BluePrint,Llama-3.1-Minitaur-8B,True,0.044140625,0.4616161616161616,-0.002734375,0.016796875,1.0,0.97265625,-0.02734375,0.0,0.18089075961189305,-0.02046554843757818,0.9403935891927482,0.043279022403258656,0.9452925177295425,0.05324660777818712,-0.02046554843757818,0.08274147727272728,1.7229274402965198,113,0.5752212389380531,0.8944016178097345,,,11,True
visualizer_v2_e3_topology_30191.json,e3_topology,30191,9875735,191,30191,meta-llama/Llama-3.1-8B,False,256,0,barabasi_albert,15.5,False,29,False,blueprint,0.5,normal,both,2500,250,Llama-3.1-8B-BluePrint,Llama-3.1-8B,True,0.141015625,0.44601256242687565,-0.006640625,0.053515625,0.99609375,0.9296875,-0.06640625,0.03687450625387198,0.3670887590107337,0.040991639224134874,0.8722260298561487,0.11038306451612903,0.8908205230156759,0.09792840484586617,0.04410302690304891,0.15447443181818182,1.220155195756392,361,0.8614958448753463,0.5232995368767313,,,11,True
visualizer_v2_e3_topology_30192.json,e3_topology,30192,9875736,192,30192,meta-llama/Llama-3.1-8B,False,256,0,fully_connected,255.0,False,28,False,blueprint,0.5,normal,both,2500,250,Llama-3.1-8B-BluePrint,Llama-3.1-8B,True,0.3265625,0.5175329668479909,-0.01015625,0.137109375,0.84375,0.7421875,-0.1015625,0.6252624052234231,0.8234274317947733,-0.003332346422107194,0.6017463035866639,0.38419117647058826,0.6664425426208893,0.3356476377981831,0.0004608946999854831,0.47301136363636365,0.4510224082253196,836,0.9497607655502392,0.3349924771979665,,,11,True
visualizer_v2_e3_topology_30193.json,e3_topology,30193,9913501,193,30193,google/gemma-3-4b-pt,False,256,0,fully_connected,255.0,False,25,False,blueprint,0.5,normal,both,2500,250,gemma-3-4b-pt-BluePrint,gemma-3-4b-pt,True,0.248828125,0.5349308487803036,0.021484375,0.11640625,0.50390625,0.71875,0.21484375,0.9999559719934967,0.8571484374283717,0.0016266927969901671,0.5738127047528933,0.40588235294117647,0.623316721785788,0.3887414597508575,0.002986077354419632,0.7254971590909091,0.5678525404496626,637,0.9277864992150706,0.3772359755200157,,,11,True
visualizer_v2_e3_topology_30194.json,e3_topology,30194,9876207,194,30194,marcelbinz/Llama-3.1-Minitaur-8B,False,256,0,cycle,2.0,False,28,False,blueprint,0.5,normal,both,2500,250,Llama-3.1-Minitaur-8B-BluePrint,Llama-3.1-Minitaur-8B,True,0.325390625,0.5330125598390495,-0.002734375,0.151953125,0.6796875,0.65234375,-0.02734375,0.9047209661860878,0.9319574523469683,0.06996770721205597,0.5784313725490197,0.421875,0.5489053080355175,0.39380921322478163,0.02090687177611541,0.4119318181818182,0.3621466376564719,833,0.9819927971188476,0.24901992046818727,,,11,True
visualizer_v2_e3_topology_30195.json,e3_topology,30195,9876208,195,30195,meta-llama/Llama-3.1-8B,False,256,0,cycle,2.0,False,25,False,blueprint,0.5,normal,both,2500,250,Llama-3.1-8B-BluePrint,Llama-3.1-8B,True,0.349609375,0.5760408017857828,0.009765625,0.16796875,0.5703125,0.66796875,0.09765625,0.985687679358613,0.916988243682839,-0.1271326362135388,0.5019607843137255,0.5,0.5655232574127428,0.37064708231554033,-0.07507784169299084,0.4016335227272727,0.4040548151189631,895,0.9620111731843576,0.33188994849860337,,,11,True
visualizer_v2_e3_topology_30196.json,e3_topology,30196,9876209,196,30196,marcelbinz/Llama-3.1-Minitaur-8B,False,256,0,barabasi_albert,15.5,False,25,False,blueprint,0.5,normal,both,2500,250,Llama-3.1-Minitaur-8B-BluePrint,Llama-3.1-Minitaur-8B,True,0.334375,0.5215032726071328,-0.0140625,0.09453125,0.72265625,0.58203125,-0.140625,0.8518061887486322,0.980495792602403,0.004727649810975726,0.5357768576504548,0.4954637096774194,0.5264994603745877,0.4116498124657319,0.017472168084948017,0.48863636363636365,0.36181380532004614,856,0.9801401869158879,0.264078015478972,,,11,True
visualizer_v2_e3_topology_30197.json,e3_topology,30197,9876210,197,30197,meta-llama/Llama-3.1-8B,False,256,0,stochastic_block,16.171875,False,28,False,blueprint,0.5,normal,both,2500,250,Llama-3.1-8B-BluePrint,Llama-3.1-8B,True,0.321484375,0.49377635372802003,-0.024609375,0.11953125,0.84375,0.59765625,-0.24609375,0.6252624052234231,0.9723051006568468,0.006868239167479346,0.5190209276447666,0.4806763285024155,0.508095559684056,0.43903309121317186,0.03409946214836882,0.5873579545454546,0.4276520772413774,823,0.9586877278250304,0.31340180741190765,,,11,True
visualizer_v2_e3_topology_30198.json,e3_topology,30198,9876211,198,30198,Qwen/Qwen2.5-7B-Instruct,False,256,0,forest_fire,15.1796875,False,28,False,blueprint,0.5,normal,both,2500,250,Qwen2.5-7B-Instruct-BluePrint,Qwen2.5-7B-Instruct,True,0.00859375,0.41,0.0,0.004296875,1.0,1.0,0.0,0.0,0.0,0.0,1.0,0.0,1.0,0.0,0.0,0.9943181818181818,1.022714224728671,22,0.9545454545454546,0.28660999644886365,,,11,True
visualizer_v2_e3_topology_30199.json,e3_topology,30199,9876225,199,30199,meta-llama/Llama-3.1-8B,False,256,0,powerlaw_cluster,15.265625,False,29,False,blueprint,0.5,normal,both,2500,250,Llama-3.1-8B-BluePrint,Llama-3.1-8B,True,0.10703125,0.45412823626428106,-0.0078125,0.0390625,0.99609375,0.91796875,-0.078125,0.03687450625387198,0.4092962956205902,0.008133015984027136,0.8494614651126986,0.13817809621289662,0.8745113962972058,0.12044653312759611,0.011450813598368064,0.15163352272727273,1.270219629461115,274,0.8722627737226277,0.5372483747718978,,,11,True
visualizer_v2_e3_topology_30200.json,e3_topology,30200,9876226,200,30200,meta-llama/Llama-3.1-8B,False,256,0,fully_connected,255.0,False,29,False,blueprint,0.5,normal,both,2500,250,Llama-3.1-8B-BluePrint,Llama-3.1-8B,True,0.1578125,0.4422869999936349,-0.00703125,0.075390625,0.99609375,0.92578125,-0.0703125,0.03687450625387198,0.3814735439675174,0.0023342098725375204,0.8319451768328499,0.13795955882352942,0.8787606786788503,0.1284816776503943,0.005878058488270433,0.17045454545454544,1.21994348005815,404,0.8861386138613861,0.4951486115408416,,,11,True
visualizer_v2_e3_topology_30201.json,e3_topology,30201,9913502,201,30201,google/gemma-3-4b-pt,False,256,0,stochastic_block,16.53125,False,25,False,blueprint,0.5,normal,both,2500,250,gemma-3-4b-pt-BluePrint,gemma-3-4b-pt,True,0.25703125,0.5523168360162611,0.0328125,0.1203125,0.50390625,0.83203125,0.328125,0.9999559719934967,0.6530369782801025,0.06013613732391535,0.7166580914702108,0.2618147448015123,0.7586541196327586,0.24746545827466962,0.040992404367234656,0.7340198863636364,0.6089216579090465,658,0.9376899696048632,0.37761950275455924,,,11,True
visualizer_v2_e3_topology_30202.json,e3_topology,30202,9876228,202,30202,meta-llama/Llama-3.1-8B,False,256,0,random,15.5,False,25,False,blueprint,0.5,normal,both,2500,250,Llama-3.1-8B-BluePrint,Llama-3.1-8B,True,0.326171875,0.5433077936987992,0.019921875,0.135546875,0.5703125,0.76953125,0.19921875,0.985687679358613,0.7788275455263487,-0.0329849058849198,0.6287992955909397,0.3704637096774194,0.6462713129757692,0.33903828427823346,-0.032689495394820293,0.5397727272727273,0.43610278042879974,835,0.9544910179640719,0.3403408027694611,,,11,True
visualizer_v2_e3_topology_30203.json,e3_topology,30203,9876229,203,30203,marcelbinz/Llama-3.1-Minitaur-8B,False,256,0,stochastic_block,15.6015625,False,25,False,blueprint,0.5,normal,both,2500,250,Llama-3.1-Minitaur-8B-BluePrint,Llama-3.1-Minitaur-8B,True,0.351171875,0.5293895654431051,-0.015234375,0.134765625,0.72265625,0.5703125,-0.15234375,0.8518061887486322,0.985687679358613,0.004118008792835752,0.522880020141273,0.4897346019028543,0.517986738088816,0.45967840983773406,0.01736757347535255,0.4470880681818182,0.35407005656849255,899,0.9888765294771968,0.2659541417547275,,,11,True
visualizer_v2_e3_topology_30204.json,e3_topology,30204,9876270,204,30204,marcelbinz/Llama-3.1-Minitaur-8B,False,256,0,random,15.6171875,False,25,False,blueprint,0.5,normal,both,2500,250,Llama-3.1-Minitaur-8B-BluePrint,Llama-3.1-Minitaur-8B,True,0.395703125,0.5830833485871612,-0.012109375,0.155859375,0.72265625,0.6015625,-0.12109375,0.8518061887486322,0.9700292494214555,-0.013423604512722712,0.5132016814903907,0.4852426213106553,0.5257977816467421,0.4372349257150823,-0.02614272892966101,0.5031960227272727,0.32696195082231,1013,0.9851924975320829,0.25283617657946694,,,11,True
visualizer_v2_e3_topology_30205.json,e3_topology,30205,9913503,205,30205,google/gemma-3-4b-pt,False,256,0,fully_connected,255.0,False,25,False,blueprint,0.5,normal,both,2500,250,gemma-3-4b-pt-BluePrint,gemma-3-4b-pt,True,0.248828125,0.5349308487803036,0.021484375,0.11640625,0.50390625,0.71875,0.21484375,0.9999559719934967,0.8571484374283717,0.0016266927969901671,0.5738127047528933,0.40588235294117647,0.623316721785788,0.3887414597508575,0.002986077354419632,0.7254971590909091,0.5678525404496626,637,0.9277864992150706,0.3772359755200157,,,11,True
visualizer_v2_e3_topology_30206.json,e3_topology,30206,9876272,206,30206,marcelbinz/Llama-3.1-Minitaur-8B,False,256,0,fully_connected,255.0,False,29,False,blueprint,0.5,normal,both,2500,250,Llama-3.1-Minitaur-8B-BluePrint,Llama-3.1-Minitaur-8B,True,0.0703125,0.45251885804826975,-0.00234375,0.033984375,1.0,0.9765625,-0.0234375,0.0,0.16032872589902855,-8.125660209884671e-05,0.9415700588444837,0.04595588235294118,0.9701719370213168,0.030373244120691943,-8.125660209884671e-05,0.10653409090909091,1.6411093798550693,180,0.7111111111111111,0.7557291666666667,,,11,True
visualizer_v2_e3_topology_30207.json,e3_topology,30207,9913504,207,30207,google/gemma-3-4b-pt,False,256,0,fully_connected,255.0,False,29,False,blueprint,0.5,normal,both,2500,250,gemma-3-4b-pt-BluePrint,gemma-3-4b-pt,True,0.13515625,0.5582342869184974,0.01484375,0.075,0.71484375,0.86328125,0.1484375,0.8623817843585116,0.5755805811774211,-0.0038604450505865364,0.7537710099619289,0.23697916666666666,0.7582680259052768,0.22717403289276314,-0.0001340606296200194,0.39808238636363635,1.473148519342596,346,0.7341040462427746,0.7565875632225434,,,11,True
visualizer_v2_e3_topology_30208.json,e3_topology,30208,9913505,208,30208,google/gemma-3-4b-pt,False,256,0,fully_connected,255.0,False,25,False,blueprint,0.5,normal,both,2500,250,gemma-3-4b-pt-BluePrint,gemma-3-4b-pt,True,0.248828125,0.5349308487803036,0.021484375,0.11640625,0.50390625,0.71875,0.21484375,0.9999559719934967,0.8571484374283717,0.0016266927969901671,0.5738127047528933,0.40588235294117647,0.623316721785788,0.3887414597508575,0.002986077354419632,0.7254971590909091,0.5678525404496626,637,0.9277864992150706,0.3772359755200157,,,11,True
visualizer_v2_e3_topology_30209.json,e3_topology,30209,9876275,209,30209,marcelbinz/Llama-3.1-Minitaur-8B,False,256,0,fully_connected,255.0,False,25,False,blueprint,0.5,normal,both,2500,250,Llama-3.1-Minitaur-8B-BluePrint,Llama-3.1-Minitaur-8B,True,0.36953125,0.5293387137611106,-0.00703125,0.146484375,0.72265625,0.65234375,-0.0703125,0.8518061887486322,0.9319574523469683,-0.00046621354936497435,0.5685622362971279,0.45536151960784316,0.5670463048153936,0.41377079812186474,0.000883860497863598,0.5031960227272727,0.3389961069280451,946,0.9830866807610994,0.2622349035412262,,,11,True
visualizer_v2_e3_topology_30210.json,e3_topology,30210,9876462,210,30210,Qwen/Qwen2.5-7B-Instruct,False,256,0,forest_fire,15.6953125,False,28,False,blueprint,0.5,normal,both,2500,250,Qwen2.5-7B-Instruct-BluePrint,Qwen2.5-7B-Instruct,True,0.009765625,0.3833333333333333,-0.001171875,0.00390625,1.0,0.98828125,-0.01171875,0.0,0.09198335195381278,-0.010005763123369574,0.9776581441228012,0.02040816326530612,0.9848651826922131,0.01160139737250037,-0.010005763123369574,0.9925426136363636,1.0370522845875134,25,0.92,0.34150390625,,,11,True
visualizer_v2_e3_topology_30211.json,e3_topology,30211,9876463,211,30211,Qwen/Qwen2.5-7B-Instruct,False,256,0,stochastic_block,16.1015625,False,29,False,blueprint,0.5,normal,both,2500,250,Qwen2.5-7B-Instruct-BluePrint,Qwen2.5-7B-Instruct,True,0.1890625,0.49185628508282975,0.0,0.084765625,0.76171875,0.76171875,0.0,0.7921703563573823,0.7921703563573823,0.005209042560332341,0.6212559394242877,0.366327025715672,0.6284474332500001,0.34748469942689886,-0.006960479808982117,0.7634943181818182,0.9063497890125621,484,0.8140495867768595,0.5969943212083548,,,11,True
visualizer_v2_e3_topology_30212.json,e3_topology,30212,9913506,212,30212,google/gemma-3-4b-pt,False,256,0,random,15.703125,False,28,False,blueprint,0.5,normal,both,2500,250,gemma-3-4b-pt-BluePrint,gemma-3-4b-pt,True,0.225,0.5188072879173029,0.00859375,0.09453125,0.55078125,0.63671875,0.0859375,0.9925464978639335,0.9453732087003415,-0.01269540776346207,0.5219049146835314,0.46766169154228854,0.5485227786076252,0.4162348006693928,0.0009339771185151082,0.7453835227272727,0.5068059401078657,576,0.9461805555555556,0.37250688340928817,,,11,True
visualizer_v2_e3_topology_30213.json,e3_topology,30213,9876465,213,30213,meta-llama/Llama-3.1-8B,False,256,0,fully_connected,255.0,False,25,False,blueprint,0.5,normal,both,2500,250,Llama-3.1-8B-BluePrint,Llama-3.1-8B,True,0.346484375,0.5783263836760015,-0.001171875,0.14375,0.5703125,0.55859375,-0.01171875,0.985687679358613,0.9900710003428677,-0.003255851377382637,0.502955738299332,0.4950674019607843,0.522678539200572,0.4788744876682548,-0.0018819667989694777,0.5827414772727273,0.44305159828879614,887,0.9413754227733935,0.3421056977522548,,,11,True
visualizer_v2_e3_topology_30214.json,e3_topology,30214,9876466,214,30214,marcelbinz/Llama-3.1-Minitaur-8B,False,256,0,powerlaw_cluster,15.3046875,False,28,False,blueprint,0.5,normal,both,2500,250,Llama-3.1-Minitaur-8B-BluePrint,Llama-3.1-Minitaur-8B,True,0.317578125,0.5171022592659106,-0.008203125,0.103125,0.6796875,0.59765625,-0.08203125,0.9047209661860878,0.9723051006568468,-0.02085626750144802,0.49037428377383846,0.4946401225114854,0.5281175050146631,0.44071205218933124,-0.007330238589790143,0.4453125,0.39542284878817474,813,0.977859778597786,0.2477351677813653,,,11,True
visualizer_v2_e3_topology_30215.json,e3_topology,30215,9876467,215,30215,meta-llama/Llama-3.1-8B,False,256,0,powerlaw_cluster,15.3125,False,29,False,blueprint,0.5,normal,both,2500,250,Llama-3.1-8B-BluePrint,Llama-3.1-8B,True,0.12265625,0.4328266178266178,-0.0109375,0.044140625,0.99609375,0.88671875,-0.109375,0.03687450625387198,0.5097345489307138,-0.0027984145637058823,0.7774734375818426,0.2096938775510204,0.800608866165705,0.18031273944564144,0.0003511917354764916,0.13423295454545456,1.2322101593017578,314,0.8662420382165605,0.5620645899681529,,,11,True
visualizer_v2_e3_topology_30216.json,e3_topology,30216,9876468,216,30216,marcelbinz/Llama-3.1-Minitaur-8B,False,256,0,random,15.9453125,False,29,False,blueprint,0.5,normal,both,2500,250,Llama-3.1-Minitaur-8B-BluePrint,Llama-3.1-Minitaur-8B,True,0.062890625,0.48871319430782345,-0.002734375,0.028125,1.0,0.97265625,-0.02734375,0.0,0.18089075961189305,0.04105296280491139,0.9439803496229573,0.053405193532582065,0.9577309980897176,0.04272373527125911,0.04105296280491139,0.10014204545454546,1.663365970958363,161,0.6149068322981367,0.8642456812888198,,,11,True
visualizer_v2_e3_topology_30217.json,e3_topology,30217,9914117,217,30217,google/gemma-3-4b-pt,False,256,0,stochastic_block,15.9453125,False,29,False,blueprint,0.5,normal,both,2500,250,gemma-3-4b-pt-BluePrint,gemma-3-4b-pt,True,0.1140625,0.5381201196375001,0.01171875,0.058203125,0.71484375,0.83203125,0.1171875,0.8623817843585116,0.6530369782801025,0.025214299249813058,0.7220579999587808,0.27290543851053406,0.7236091055440469,0.25329346340297343,-0.020714408916670316,0.38032670454545453,1.5108892267400569,292,0.6986301369863014,0.839646430864726,,,11,True
visualizer_v2_e3_topology_30218.json,e3_topology,30218,9914118,218,30218,google/gemma-3-4b-pt,False,256,0,forest_fire,15.6875,False,28,False,blueprint,0.5,normal,both,2500,250,gemma-3-4b-pt-BluePrint,gemma-3-4b-pt,True,0.206640625,0.5129487349101953,0.002734375,0.06796875,0.55078125,0.578125,0.02734375,0.9925464978639335,0.9823166080205502,0.03918174281952504,0.5436547276255101,0.46912350597609564,0.507142494033846,0.4425377842643177,0.030819922992925852,0.7318892045454546,0.48684120178222656,529,0.9678638941398866,0.35854427575614367,,,11,True
visualizer_v2_e3_topology_30219.json,e3_topology,30219,9914163,219,30219,google/gemma-3-4b-pt,False,256,0,forest_fire,14.90625,False,25,False,blueprint,0.5,normal,both,2500,250,gemma-3-4b-pt-BluePrint,gemma-3-4b-pt,True,0.250390625,0.5504842137943619,0.030859375,0.096484375,0.50390625,0.8125,0.30859375,0.9999559719934967,0.6962122601251458,-0.031921292941005715,0.6990160223789164,0.3128930817610063,0.6981651116198063,0.28336928015674584,-0.027094043746647797,0.7105823863636364,0.533968145197088,641,0.9469578783151326,0.3392716763358034,,,11,True
visualizer_v2_e3_topology_30220.json,e3_topology,30220,9876527,220,30220,Qwen/Qwen2.5-7B-Instruct,False,256,0,forest_fire,15.6796875,False,25,False,blueprint,0.5,normal,both,2500,250,Qwen2.5-7B-Instruct-BluePrint,Qwen2.5-7B-Instruct,True,0.046875,0.4904895104895105,-0.00234375,0.01875,1.0,0.9765625,-0.0234375,0.0,0.16032872589902855,-0.015738938904689036,0.9565908214871962,0.03537618335824614,0.9511275432106182,0.04162007841443776,-0.015738938904689036,0.9730113636363636,1.2142019813710994,120,0.8916666666666667,0.38519744873046874,,,11,True
visualizer_v2_e3_topology_30221.json,e3_topology,30221,9876587,221,30221,Qwen/Qwen2.5-7B-Instruct,False,256,0,barabasi_albert,15.5,False,25,False,blueprint,0.5,normal,both,2500,250,Qwen2.5-7B-Instruct-BluePrint,Qwen2.5-7B-Instruct,True,0.044140625,0.4691532976827094,-0.001171875,0.0171875,1.0,0.98828125,-0.01171875,0.0,0.09198335195381278,-0.006642066420665119,0.9759695067386913,0.01663306451612903,0.9704159627801803,0.025918615042035957,-0.006642066420665119,0.9737215909090909,1.2403519587083296,113,0.9203539823008849,0.3660094674709624,,,11,True
visualizer_v2_e3_topology_30222.json,e3_topology,30222,9914175,222,30222,google/gemma-3-4b-pt,False,256,0,random,15.7890625,False,25,False,blueprint,0.5,normal,both,2500,250,gemma-3-4b-pt-BluePrint,gemma-3-4b-pt,True,0.255078125,0.5449308693906378,0.028515625,0.11484375,0.50390625,0.7890625,0.28515625,0.9999559719934967,0.7432709194035553,-0.01635176925683425,0.6744421534771753,0.32459178624443347,0.6452452623236012,0.3211295878032565,-0.006919152617412324,0.6889204545454546,0.5586200193925337,653,0.9479326186830015,0.3527035676684533,,,11,True
visualizer_v2_e3_topology_30223.json,e3_topology,30223,9876589,223,30223,meta-llama/Llama-3.1-8B,False,256,0,stochastic_block,15.5625,False,25,False,blueprint,0.5,normal,both,2500,250,Llama-3.1-8B-BluePrint,Llama-3.1-8B,True,0.333984375,0.5242705113771062,0.016015625,0.15390625,0.5703125,0.73046875,0.16015625,0.985687679358613,0.840791205012962,-0.004126998316423247,0.6094226868449428,0.40763052208835343,0.624147296860138,0.3589841534343873,0.0025914099567160764,0.3465909090909091,0.4039041345769709,855,0.9812865497076023,0.3137718156067251,,,11,True
visualizer_v2_e3_topology_30224.json,e3_topology,30224,9876656,224,30224,meta-llama/Llama-3.1-8B,False,256,0,barabasi_albert,15.5,False,29,False,blueprint,0.5,normal,both,2500,250,Llama-3.1-8B-BluePrint,Llama-3.1-8B,True,0.147265625,0.46081500178239754,-0.006640625,0.057421875,0.99609375,0.9296875,-0.06640625,0.03687450625387198,0.3670887590107337,-0.022546173327568374,0.8717940167245355,0.1345766129032258,0.8959847874937923,0.10168421043741714,-0.019077965235078848,0.15447443181818182,1.2394814924760298,377,0.8461538461538461,0.5584046543435013,,,11,True
visualizer_v2_e3_topology_30225.json,e3_topology,30225,9876657,225,30225,meta-llama/Llama-3.1-8B,False,256,0,forest_fire,15.4765625,False,29,False,blueprint,0.5,normal,both,2500,250,Llama-3.1-8B-BluePrint,Llama-3.1-8B,True,0.1828125,0.4366519465628924,-0.0109375,0.0671875,0.99609375,0.88671875,-0.109375,0.03687450625387198,0.5097345489307138,0.027165080955174566,0.8175597424185271,0.20242301867743565,0.8287220229749005,0.1475348027813818,0.03094848128621434,0.20383522727272727,1.1642369357022373,468,0.8846153846153846,0.49415314503205127,,,11,True
visualizer_v2_e3_topology_30226.json,e3_topology,30226,9914345,226,30226,google/gemma-3-4b-pt,False,256,0,stochastic_block,16.1875,False,28,False,blueprint,0.5,normal,both,2500,250,gemma-3-4b-pt-BluePrint,gemma-3-4b-pt,True,0.211328125,0.5129319970060777,0.008203125,0.09140625,0.55078125,0.6328125,0.08203125,0.9925464978639335,0.9484880760741912,-0.034856808231783755,0.5429169358568068,0.4840733590733591,0.541476275682752,0.4445269871792027,-0.0367591997559901,0.7674005681818182,0.5137809406627308,541,0.9593345656192237,0.34947760224122,,,11,True
visualizer_v2_e3_topology_30227.json,e3_topology,30227,9876659,227,30227,meta-llama/Llama-3.1-8B,False,256,0,stochastic_block,16.140625,False,29,False,blueprint,0.5,normal,both,2500,250,Llama-3.1-8B-BluePrint,Llama-3.1-8B,True,0.1390625,0.43876899426260857,-0.009375,0.062890625,0.99609375,0.90234375,-0.09375,0.03687450625387198,0.4615217448770414,-0.003995982359200004,0.8130321335833518,0.17376573088092934,0.8450391595298398,0.1545533061134248,-0.0010260811655275,0.13600852272727273,1.1974678039550781,356,0.8932584269662921,0.5414929336376404,,,11,True
visualizer_v2_e3_topology_30228.json,e3_topology,30228,9876660,228,30228,meta-llama/Llama-3.1-8B,False,256,0,forest_fire,15.6328125,False,25,False,blueprint,0.5,normal,both,2500,250,Llama-3.1-8B-BluePrint,Llama-3.1-8B,True,0.3015625,0.5553278637838905,0.01875,0.116796875,0.5703125,0.7578125,0.1875,0.985687679358613,0.798659130358246,-0.008705018983362069,0.6117346953098148,0.3798100949525237,0.6357625477316015,0.3243201876262565,0.017342949800346938,0.6722301136363636,0.4727263017134233,772,0.9689119170984456,0.29414201647506477,,,11,True
visualizer_v2_e3_topology_30229.json,e3_topology,30229,9876661,229,30229,marcelbinz/Llama-3.1-Minitaur-8B,False,256,0,barabasi_albert,15.5,False,28,False,blueprint,0.5,normal,both,2500,250,Llama-3.1-Minitaur-8B-BluePrint,Llama-3.1-Minitaur-8B,True,0.301953125,0.5284655938863583,-0.004296875,0.10859375,0.6796875,0.63671875,-0.04296875,0.9047209661860878,0.9453732087003415,-0.016070737340216787,0.537600273860274,0.4747983870967742,0.534497704289345,0.4230974680315594,-0.04059968301258285,0.4275568181818182,0.4002193104137074,773,0.9793014230271668,0.2634548962039133,,,11,True
visualizer_v2_e3_topology_30230.json,e3_topology,30230,9876662,230,30230,Qwen/Qwen2.5-7B-Instruct,False,256,0,random,16.28125,False,29,False,blueprint,0.5,normal,both,2500,250,Qwen2.5-7B-Instruct-BluePrint,Qwen2.5-7B-Instruct,True,0.1734375,0.48772801566663304,-0.00625,0.07734375,0.76171875,0.69921875,-0.0625,0.7921703563573823,0.8822437977976201,0.0031204761842285465,0.5910289203467032,0.41986564299424184,0.5797441924240392,0.38913875020635114,-0.016164374133279962,0.7638494318181818,0.8866014697334983,444,0.8220720720720721,0.6001710633973818,,,11,True
visualizer_v2_e3_topology_30231.json,e3_topology,30231,9914346,231,30231,google/gemma-3-4b-pt,False,256,0,barabasi_albert,15.5,False,25,False,blueprint,0.5,normal,both,2500,250,gemma-3-4b-pt-BluePrint,gemma-3-4b-pt,True,0.25546875,0.5360823325226403,0.02109375,0.094140625,0.50390625,0.71484375,0.2109375,0.9999559719934967,0.8623817843585116,-0.018665612367146128,0.5798949947711424,0.3901209677419355,0.5950781651007035,0.363002800556396,-0.00516740889063041,0.6242897727272727,0.4774017333984375,654,0.9525993883792049,0.34324380017201833,,,11,True
visualizer_v2_e3_topology_30232.json,e3_topology,30232,9876687,232,30232,meta-llama/Llama-3.1-8B,False,256,0,forest_fire,15.6328125,False,29,False,blueprint,0.5,normal,both,2500,250,Llama-3.1-8B-BluePrint,Llama-3.1-8B,True,0.156640625,0.46154372118064,-0.005078125,0.059375,0.99609375,0.9453125,-0.05078125,0.03687450625387198,0.30598487371383465,-0.004045147062466549,0.8760871779869073,0.08095952023988005,0.9332789350102004,0.0645653631615007,-0.0006065053259242778,0.18323863636363635,1.2149809057062322,401,0.9276807980049875,0.45080901262468825,,,11,True
visualizer_v2_e3_topology_30233.json,e3_topology,30233,9914419,233,30233,google/gemma-3-4b-pt,False,256,0,cycle,2.0,False,29,False,blueprint,0.5,normal,both,2500,250,gemma-3-4b-pt-BluePrint,gemma-3-4b-pt,True,0.13125,0.5632425353053536,0.01484375,0.070703125,0.71484375,0.86328125,0.1484375,0.8623817843585116,0.5755805811774211,0.07330316742081448,0.7803921568627451,0.21875,0.7791799585190694,0.1912381077167793,0.1081111620311895,0.42542613636363635,1.3827840631658381,336,0.6636904761904762,0.8737865629650298,,,11,True
visualizer_v2_e3_topology_30234.json,e3_topology,30234,9876689,234,30234,marcelbinz/Llama-3.1-Minitaur-8B,False,256,0,forest_fire,15.53125,False,25,False,blueprint,0.5,normal,both,2500,250,Llama-3.1-Minitaur-8B-BluePrint,Llama-3.1-Minitaur-8B,True,0.3796875,0.5860526383199053,-0.01953125,0.115234375,0.72265625,0.52734375,-0.1953125,0.8518061887486322,0.9978415729996559,0.0044330730527967,0.4898548601775018,0.49346076458752514,0.503816807158637,0.4440843934909955,-0.008076280495044306,0.5699573863636364,0.34305607188831677,972,0.9794238683127572,0.2721967029963992,,,11,True
visualizer_v2_e3_topology_30235.json,e3_topology,30235,9876690,235,30235,Qwen/Qwen2.5-7B-Instruct,False,256,0,forest_fire,15.5546875,False,25,False,blueprint,0.5,normal,both,2500,250,Qwen2.5-7B-Instruct-BluePrint,Qwen2.5-7B-Instruct,True,0.03359375,0.44492063492063494,-0.00234375,0.0125,1.0,0.9765625,-0.0234375,0.0,0.16032872589902855,-0.013863026608800589,0.941259052845391,0.03365143144148669,0.945658956033453,0.057682609322003246,-0.013863026608800589,0.9786931818181818,1.2668787024237893,86,0.9418604651162791,0.325122921965843,,,11,True
visualizer_v2_e3_topology_30236.json,e3_topology,30236,9876720,236,30236,Qwen/Qwen2.5-7B-Instruct,False,256,0,fully_connected,255.0,False,28,False,blueprint,0.5,normal,both,2500,250,Qwen2.5-7B-Instruct-BluePrint,Qwen2.5-7B-Instruct,True,0.0109375,0.515,0.0,0.00546875,1.0,1.0,0.0,0.0,0.0,0.0,1.0,0.0,1.0,0.0,0.0,0.9950284090909091,1.0089331540194424,28,0.9642857142857143,0.24555315290178573,,,11,True
visualizer_v2_e3_topology_30237.json,e3_topology,30237,9876721,237,30237,marcelbinz/Llama-3.1-Minitaur-8B,False,256,0,cycle,2.0,False,28,False,blueprint,0.5,normal,both,2500,250,Llama-3.1-Minitaur-8B-BluePrint,Llama-3.1-Minitaur-8B,True,0.325390625,0.5330125598390495,-0.002734375,0.151953125,0.6796875,0.65234375,-0.02734375,0.9047209661860878,0.9319574523469683,0.06996770721205597,0.5784313725490197,0.421875,0.5489053080355175,0.39380921322478163,0.02090687177611541,0.4119318181818182,0.3621466376564719,833,0.9819927971188476,0.24901992046818727,,,11,True
visualizer_v2_e3_topology_30238.json,e3_topology,30238,9876722,238,30238,meta-llama/Llama-3.1-8B,False,256,0,cycle,2.0,False,29,False,blueprint,0.5,normal,both,2500,250,Llama-3.1-8B-BluePrint,Llama-3.1-8B,True,0.133203125,0.4428829463810122,-0.007421875,0.0640625,0.99609375,0.921875,-0.07421875,0.03687450625387198,0.3955378064564774,0.07796610169491526,0.8666666666666667,0.1328125,0.8701521741971197,0.11538693623816124,0.08188767032236624,0.15021306818181818,1.2370695634321733,341,0.8914956011730205,0.5145940249266863,,,11,True
visualizer_v2_e3_topology_30239.json,e3_topology,30239,9876825,239,30239,Qwen/Qwen2.5-7B-Instruct,False,256,0,fully_connected,255.0,False,29,False,blueprint,0.5,normal,both,2500,250,Qwen2.5-7B-Instruct-BluePrint,Qwen2.5-7B-Instruct,True,0.15859375,0.5318362874311973,0.00859375,0.0828125,0.76171875,0.84765625,0.0859375,0.7921703563573823,0.6156745938434387,-0.003733626630534935,0.7510530280274417,0.2592830882352941,0.7266377040248247,0.2527281236382152,0.00017900056046349496,0.7972301136363636,0.9783936630595814,406,0.8054187192118226,0.6315286570581896,,,11,True
visualizer_v2_e3_topology_30240.json,e3_topology,30240,9876826,240,30240,meta-llama/Llama-3.1-8B,False,256,0,cycle,2.0,False,25,False,blueprint,0.5,normal,both,2500,250,Llama-3.1-8B-BluePrint,Llama-3.1-8B,True,0.349609375,0.5760408017857828,0.009765625,0.16796875,0.5703125,0.66796875,0.09765625,0.985687679358613,0.916988243682839,-0.1271326362135388,0.5019607843137255,0.5,0.5655232574127428,0.37064708231554033,-0.07507784169299084,0.4016335227272727,0.4040548151189631,895,0.9620111731843576,0.33188994849860337,,,11,True
visualizer_v2_e3_topology_30241.json,e3_topology,30241,9914557,241,30241,google/gemma-3-4b-pt,False,256,0,stochastic_block,15.1953125,False,28,False,blueprint,0.5,normal,both,2500,250,gemma-3-4b-pt-BluePrint,gemma-3-4b-pt,True,0.21640625,0.512800316461986,0.00625,0.0890625,0.55078125,0.61328125,0.0625,0.9925464978639335,0.9626493634223954,-0.019134770666808597,0.5151618423821579,0.47609254498714654,0.516831245980726,0.44838736997751516,-0.049075481338621156,0.7375710227272727,0.43930903348055755,554,0.9855595667870036,0.30080680984882674,,,11,True
visualizer_v2_e3_topology_30242.json,e3_topology,30242,9914558,242,30242,google/gemma-3-4b-pt,False,256,0,barabasi_albert,15.5,False,28,False,blueprint,0.5,normal,both,2500,250,gemma-3-4b-pt-BluePrint,gemma-3-4b-pt,True,0.27109375,0.5075560440399449,0.00703125,0.086328125,0.55078125,0.62109375,0.0703125,0.9925464978639335,0.957265876631391,0.02022360935077167,0.5379707522776295,0.43951612903225806,0.5292864853660123,0.4341092275557908,0.0063637590084302965,0.7517755681818182,0.5342871926047585,694,0.9164265129682997,0.43745286045569165,,,11,True
visualizer_v2_e3_topology_30243.json,e3_topology,30243,9877505,243,30243,marcelbinz/Llama-3.1-Minitaur-8B,False,256,0,random,16.1484375,False,28,False,blueprint,0.5,normal,both,2500,250,Llama-3.1-Minitaur-8B-BluePrint,Llama-3.1-Minitaur-8B,True,0.316796875,0.5179706081210956,-0.010546875,0.11875,0.6796875,0.57421875,-0.10546875,0.9047209661860878,0.9840471637045681,0.011565597864018978,0.502404250169624,0.48427672955974843,0.5207100314024511,0.4344477004796268,-0.006683367392510055,0.4541903409090909,0.377335635098544,811,0.9802712700369913,0.25307418503390877,,,11,True
visualizer_v2_e3_topology_30244.json,e3_topology,30244,9877506,244,30244,Qwen/Qwen2.5-7B-Instruct,False,256,0,powerlaw_cluster,15.3125,False,28,False,blueprint,0.5,normal,both,2500,250,Qwen2.5-7B-Instruct-BluePrint,Qwen2.5-7B-Instruct,True,0.02109375,0.4321245421245421,-0.00390625,0.0078125,1.0,0.9609375,-0.0390625,0.0,0.23797715131903663,-0.011345805672903745,0.9111851002691553,0.08724489795918368,0.8841118167620089,0.1057716558027704,-0.011345805672903745,0.98828125,0.9408186999234286,54,0.9444444444444444,0.27805808738425924,,,11,True
visualizer_v2_e3_topology_30245.json,e3_topology,30245,9877507,245,30245,marcelbinz/Llama-3.1-Minitaur-8B,False,256,0,fully_connected,255.0,False,28,False,blueprint,0.5,normal,both,2500,250,Llama-3.1-Minitaur-8B-BluePrint,Llama-3.1-Minitaur-8B,True,0.311328125,0.5333681600843866,-0.004296875,0.139453125,0.6796875,0.63671875,-0.04296875,0.9047209661860878,0.9453732087003415,0.003206686792315864,0.5601255497782615,0.4644301470588235,0.5494117580112419,0.4364356547132511,0.0068512823639962335,0.4346590909090909,0.37770700454711914,797,0.9799247176913425,0.25964186990276034,,,11,True
visualizer_v2_e3_topology_30246.json,e3_topology,30246,9877508,246,30246,marcelbinz/Llama-3.1-Minitaur-8B,False,256,0,barabasi_albert,15.5,False,25,False,blueprint,0.5,normal,both,2500,250,Llama-3.1-Minitaur-8B-BluePrint,Llama-3.1-Minitaur-8B,True,0.358984375,0.5271358297817799,-0.016796875,0.103125,0.72265625,0.5546875,-0.16796875,0.8518061887486322,0.9913533102170101,0.001312249852372201,0.5297225040695333,0.4949596774193548,0.5123722341523814,0.4468076531323884,-0.009109306808974047,0.4953835227272727,0.3457391912286932,919,0.9891186071817193,0.246425292437432,,,11,True
visualizer_v2_e3_topology_30247.json,e3_topology,30247,9914559,247,30247,google/gemma-3-4b-pt,False,256,0,cycle,2.0,False,25,False,blueprint,0.5,normal,both,2500,250,gemma-3-4b-pt-BluePrint,gemma-3-4b-pt,True,0.264453125,0.547938080375731,0.026171875,0.137890625,0.50390625,0.765625,0.26171875,0.9999559719934967,0.7855602922535473,0.04217687074829932,0.6549019607843137,0.34375,0.6430884668201631,0.2977325952478892,0.026611955897539383,0.6672585227272727,0.49999731237238104,677,0.9571639586410635,0.3580637809268833,,,11,True
visualizer_v2_e3_topology_30248.json,e3_topology,30248,9877510,248,30248,Qwen/Qwen2.5-7B-Instruct,False,256,0,stochastic_block,16.0390625,False,28,False,blueprint,0.5,normal,both,2500,250,Qwen2.5-7B-Instruct-BluePrint,Qwen2.5-7B-Instruct,True,0.01171875,0.4666666666666666,-0.00078125,0.00546875,1.0,0.9921875,-0.0078125,0.0,0.06591441234324169,-0.00548535605839239,0.9889009894487981,0.017048222113979543,0.9890629168310506,0.0067566274208567785,-0.00548535605839239,0.9946732954545454,1.0217638665979558,30,0.9333333333333333,0.36978352864583336,,,11,True
visualizer_v2_e3_topology_30249.json,e3_topology,30249,9877608,249,30249,meta-llama/Llama-3.1-8B,False,256,0,barabasi_albert,15.5,False,28,False,blueprint,0.5,normal,both,2500,250,Llama-3.1-8B-BluePrint,Llama-3.1-8B,True,0.328515625,0.5112958466690852,0.000390625,0.1203125,0.84375,0.84765625,0.00390625,0.6252624052234231,0.6156745938434387,0.0016232712161551774,0.7442420714965416,0.25,0.7495438162028645,0.24257968846987876,-0.02248666007678679,0.45667613636363635,0.44128296592018823,841,0.9714625445897741,0.3112615886964923,,,11,True
visualizer_v2_e3_topology_30250.json,e3_topology,30250,9914560,250,30250,google/gemma-3-4b-pt,False,256,0,cycle,2.0,False,28,False,blueprint,0.5,normal,both,2500,250,gemma-3-4b-pt-BluePrint,gemma-3-4b-pt,True,0.219140625,0.5055555071574005,0.005078125,0.110546875,0.55078125,0.6015625,0.05078125,0.9925464978639335,0.9700292494214555,0.02215431627196333,0.5294117647058824,0.46875,0.5313884784206272,0.3928057746302662,-0.04636248915511036,0.7269176136363636,0.45873451232910156,561,0.966131907308378,0.3276175704656863,,,11,True
visualizer_v2_e3_topology_30251.json,e3_topology,30251,9877610,251,30251,Qwen/Qwen2.5-7B-Instruct,False,256,0,stochastic_block,15.3515625,False,25,False,blueprint,0.5,normal,both,2500,250,Qwen2.5-7B-Instruct-BluePrint,Qwen2.5-7B-Instruct,True,0.0421875,0.5321356421356421,-0.00078125,0.020703125,1.0,0.9921875,-0.0078125,0.0,0.06591441234324169,-0.0036320299642512532,0.9905569373771128,0.0183206106870229,0.9901967971868778,0.007103807873347028,-0.0036320299642512532,0.9758522727272727,1.2238246527585117,108,0.8796296296296297,0.4388930709273727,,,11,True
visualizer_v2_e3_topology_30252.json,e3_topology,30252,9877611,252,30252,Qwen/Qwen2.5-7B-Instruct,False,256,0,cycle,2.0,False,29,False,blueprint,0.5,normal,both,2500,250,Qwen2.5-7B-Instruct-BluePrint,Qwen2.5-7B-Instruct,True,0.22421875,0.47730487189603005,-0.01171875,0.10390625,0.76171875,0.64453125,-0.1171875,0.7921703563573823,0.9388575093412463,0.1134789557805008,0.5941176470588235,0.40625,0.5190369343602459,0.4156660539888078,0.1034747523336744,0.703125,0.8279806700619784,574,0.8118466898954704,0.5910693444441419,,,11,True
visualizer_v2_e3_topology_30253.json,e3_topology,30253,9877614,253,30253,meta-llama/Llama-3.1-8B,False,256,0,forest_fire,15.2578125,False,25,False,blueprint,0.5,normal,both,2500,250,Llama-3.1-8B-BluePrint,Llama-3.1-8B,True,0.340234375,0.5158499756592244,0.016796875,0.128515625,0.5703125,0.73828125,0.16796875,0.985687679358613,0.829328929927916,-0.01760154181137361,0.6264754672214495,0.3978494623655914,0.6526953289577881,0.3137066596118167,-0.059943124957211255,0.3465909090909091,0.40926205028187146,871,0.9701492537313433,0.3405439374641217,,,11,True
visualizer_v2_e3_topology_30254.json,e3_topology,30254,9877615,254,30254,Qwen/Qwen2.5-7B-Instruct,False,256,0,barabasi_albert,15.5,False,25,False,blueprint,0.5,normal,both,2500,250,Qwen2.5-7B-Instruct-BluePrint,Qwen2.5-7B-Instruct,True,0.036328125,0.4901443001443001,-0.001171875,0.014453125,1.0,0.98828125,-0.01171875,0.0,0.09198335195381278,0.0348406226834704,0.9774650050377934,0.021169354838709676,0.9848355294449529,0.012228729247538562,0.0348406226834704,0.9808238636363636,1.237472046505321,93,0.9354838709677419,0.33713523290490593,,,11,True
visualizer_v2_e3_topology_30255.json,e3_topology,30255,9877616,255,30255,meta-llama/Llama-3.1-8B,False,256,0,cycle,2.0,False,29,False,blueprint,0.5,normal,both,2500,250,Llama-3.1-8B-BluePrint,Llama-3.1-8B,True,0.133203125,0.4428829463810122,-0.007421875,0.0640625,0.99609375,0.921875,-0.07421875,0.03687450625387198,0.3955378064564774,0.07796610169491526,0.8666666666666667,0.1328125,0.8701521741971197,0.11538693623816124,0.08188767032236624,0.15021306818181818,1.2370695634321733,341,0.8914956011730205,0.5145940249266863,,,11,True
visualizer_v2_e3_topology_30256.json,e3_topology,30256,9877617,256,30256,meta-llama/Llama-3.1-8B,False,256,0,fully_connected,255.0,False,28,False,blueprint,0.5,normal,both,2500,250,Llama-3.1-8B-BluePrint,Llama-3.1-8B,True,0.3265625,0.5175329668479909,-0.01015625,0.137109375,0.84375,0.7421875,-0.1015625,0.6252624052234231,0.8234274317947733,-0.003332346422107194,0.6017463035866639,0.38419117647058826,0.6664425426208893,0.3356476377981831,0.0004608946999854831,0.47301136363636365,0.4510224082253196,836,0.9497607655502392,0.3349924771979665,,,11,True
visualizer_v2_e3_topology_30257.json,e3_topology,30257,9877618,257,30257,meta-llama/Llama-3.1-8B,False,256,0,cycle,2.0,False,25,False,blueprint,0.5,normal,both,2500,250,Llama-3.1-8B-BluePrint,Llama-3.1-8B,True,0.349609375,0.5760408017857828,0.009765625,0.16796875,0.5703125,0.66796875,0.09765625,0.985687679358613,0.916988243682839,-0.1271326362135388,0.5019607843137255,0.5,0.5655232574127428,0.37064708231554033,-0.07507784169299084,0.4016335227272727,0.4040548151189631,895,0.9620111731843576,0.33188994849860337,,,11,True
visualizer_v2_e3_topology_30258.json,e3_topology,30258,9877619,258,30258,Qwen/Qwen2.5-7B-Instruct,False,256,0,random,15.859375,False,29,False,blueprint,0.5,normal,both,2500,250,Qwen2.5-7B-Instruct-BluePrint,Qwen2.5-7B-Instruct,True,0.1859375,0.48801572838412366,-0.00546875,0.077734375,0.76171875,0.70703125,-0.0546875,0.7921703563573823,0.8725253619169874,0.0318545005483416,0.5978364310250683,0.40788177339901477,0.5589656610844848,0.39207022242011125,0.041405083981160384,0.7556818181818182,0.8866178772666238,476,0.8067226890756303,0.6223716415277049,,,11,True
visualizer_v2_e3_topology_30259.json,e3_topology,30259,9914611,259,30259,google/gemma-3-4b-pt,False,256,0,forest_fire,15.4453125,False,29,False,blueprint,0.5,normal,both,2500,250,gemma-3-4b-pt-BluePrint,gemma-3-4b-pt,True,0.121875,0.5560287682883541,0.015625,0.05,0.71484375,0.87109375,0.15625,0.8623817843585116,0.5544309233552464,-0.017396217242489534,0.7698881188773851,0.23773394031360648,0.7941473864664457,0.19264385684567503,0.021015931090086676,0.42613636363636365,1.4631786346435547,312,0.7532051282051282,0.7422814002403846,,,11,True
visualizer_v2_e3_topology_30260.json,e3_topology,30260,9877621,260,30260,meta-llama/Llama-3.1-8B,False,256,0,random,15.71875,False,28,False,blueprint,0.5,normal,both,2500,250,Llama-3.1-8B-BluePrint,Llama-3.1-8B,True,0.28828125,0.5291429984503694,0.00390625,0.11171875,0.84375,0.8828125,0.0390625,0.6252624052234231,0.5212220180699689,-0.014779553439873113,0.8021953032216513,0.22117296222664015,0.7998811763615679,0.20402768437968996,0.01995986353037664,0.3586647727272727,0.5029629794034091,738,0.9552845528455285,0.32790401634485095,,,11,True
visualizer_v2_e3_topology_30261.json,e3_topology,30261,9877622,261,30261,marcelbinz/Llama-3.1-Minitaur-8B,False,256,0,stochastic_block,15.484375,False,29,False,blueprint,0.5,normal,both,2500,250,Llama-3.1-Minitaur-8B-BluePrint,Llama-3.1-Minitaur-8B,True,0.06953125,0.43522792022792023,-0.00546875,0.031640625,1.0,0.9453125,-0.0546875,0.0,0.30598487371383465,-0.03204733727810873,0.8883626801303273,0.09989909182643794,0.9007657330234965,0.10261936876698936,-0.03204733727810873,0.10262784090909091,1.65846079046076,178,0.6741573033707865,0.7845911604634831,,,11,True
visualizer_v2_e3_topology_30262.json,e3_topology,30262,9877680,262,30262,Qwen/Qwen2.5-7B-Instruct,False,256,0,stochastic_block,15.8515625,False,28,False,blueprint,0.5,normal,both,2500,250,Qwen2.5-7B-Instruct-BluePrint,Qwen2.5-7B-Instruct,True,0.01328125,0.49000000000000005,0.0,0.00625,1.0,1.0,0.0,0.0,0.0,0.0,1.0,0.0,1.0,0.0,0.0,0.9932528409090909,1.0128261176022617,34,0.9705882352941176,0.28243480009191174,,,11,True
visualizer_v2_e3_topology_30263.json,e3_topology,30263,9914612,263,30263,google/gemma-3-4b-pt,False,256,0,powerlaw_cluster,15.3203125,False,29,False,blueprint,0.5,normal,both,2500,250,gemma-3-4b-pt-BluePrint,gemma-3-4b-pt,True,0.125390625,0.5511158510040676,0.016015625,0.05,0.71484375,0.875,0.16015625,0.8623817843585116,0.5435644431995964,0.006085998485349386,0.8121292772754605,0.2641509433962264,0.7689122077924023,0.22081965228815756,-0.012911082296570604,0.4083806818181818,1.4829730987548828,321,0.7383177570093458,0.7978530836253894,,,11,True
visualizer_v2_e3_topology_30264.json,e3_topology,30264,9877682,264,30264,meta-llama/Llama-3.1-8B,False,256,0,stochastic_block,15.8671875,False,29,False,blueprint,0.5,normal,both,2500,250,Llama-3.1-8B-BluePrint,Llama-3.1-8B,True,0.168359375,0.45592226938884706,-0.007421875,0.079296875,0.99609375,0.921875,-0.07421875,0.03687450625387198,0.3955378064564774,0.0017836621550849053,0.8579633473681462,0.13540128015755784,0.8932669152135216,0.10355794574330161,0.005971778375316082,0.17578125,1.1740882179953835,431,0.8793503480278422,0.5100284585266821,,,11,True
visualizer_v2_e3_topology_30265.json,e3_topology,30265,9877683,265,30265,meta-llama/Llama-3.1-8B,False,256,0,barabasi_albert,15.5,False,25,False,blueprint,0.5,normal,both,2500,250,Llama-3.1-8B-BluePrint,Llama-3.1-8B,True,0.343359375,0.5762561920095016,0.022265625,0.118359375,0.5703125,0.79296875,0.22265625,0.985687679358613,0.7357696278107799,0.015855360647561816,0.6695374672224497,0.27872983870967744,0.6331920138642945,0.34455613460068324,0.026774898442213625,0.3799715909090909,0.40887191078879614,879,0.9635949943117179,0.30845487592434584,,,11,True
visualizer_v2_e3_topology_30266.json,e3_topology,30266,9914613,266,30266,google/gemma-3-4b-pt,False,256,0,forest_fire,15.6328125,False,28,False,blueprint,0.5,normal,both,2500,250,gemma-3-4b-pt-BluePrint,gemma-3-4b-pt,True,0.224609375,0.5297078500163714,0.014453125,0.080078125,0.55078125,0.6953125,0.14453125,0.9925464978639335,0.8869456102215854,0.017906656681980646,0.5891757741647402,0.38780609695152424,0.5882288228637358,0.3691065440320066,0.01642877599917135,0.7478693181818182,0.48743352023037995,575,0.9634782608695652,0.3338502038043478,,,11,True
visualizer_v2_e3_topology_30267.json,e3_topology,30267,9877820,267,30267,meta-llama/Llama-3.1-8B,False,256,0,stochastic_block,16.1484375,False,25,False,blueprint,0.5,normal,both,2500,250,Llama-3.1-8B-BluePrint,Llama-3.1-8B,True,0.30703125,0.5481824898220999,0.0234375,0.134765625,0.5703125,0.8046875,0.234375,0.985687679358613,0.7124534449668779,-0.015385491445123326,0.6837241820386474,0.3130140299951621,0.6286152542560857,0.34810716625006566,0.05972483896472722,0.6736505681818182,0.47458301890980115,786,0.9770992366412213,0.2809164032681298,,,11,True
visualizer_v2_e3_topology_30268.json,e3_topology,30268,9877826,268,30268,marcelbinz/Llama-3.1-Minitaur-8B,False,256,0,forest_fire,15.71875,False,29,False,blueprint,0.5,normal,both,2500,250,Llama-3.1-Minitaur-8B-BluePrint,Llama-3.1-Minitaur-8B,True,0.07890625,0.4526034015004603,-0.0046875,0.033203125,1.0,0.953125,-0.046875,0.0,0.2729708579140699,0.016009985238167764,0.9071834507704651,0.08101391650099403,0.9144201951327349,0.08512926939354241,0.016009985238167764,0.11363636363636363,1.527937802401456,202,0.6633663366336634,0.7897393254950495,,,11,True
visualizer_v2_e3_topology_30269.json,e3_topology,30269,9914614,269,30269,google/gemma-3-4b-pt,False,256,0,random,16.515625,False,29,False,blueprint,0.5,normal,both,2500,250,gemma-3-4b-pt-BluePrint,gemma-3-4b-pt,True,0.128515625,0.5749340080784741,0.018359375,0.067578125,0.71484375,0.8984375,0.18359375,0.8623817843585116,0.4739291234809582,-0.011894055873053372,0.8219435696169444,0.18732261116367077,0.7976004911965107,0.20007213609532803,0.003517949141148736,0.4279119318181818,1.4043093594637783,329,0.7872340425531915,0.6722608757598785,,,11,True
visualizer_v2_e3_topology_30270.json,e3_topology,30270,9877835,270,30270,meta-llama/Llama-3.1-8B,False,256,0,random,15.53125,False,29,False,blueprint,0.5,normal,both,2500,250,Llama-3.1-8B-BluePrint,Llama-3.1-8B,True,0.147265625,0.4372827174683424,-0.010546875,0.062109375,0.99609375,0.890625,-0.10546875,0.03687450625387198,0.4980278865344765,0.002051011509350237,0.7791173706969869,0.18762575452716299,0.8442186120987087,0.15498024928788137,0.006330103390977931,0.15589488636363635,1.1866531372070312,377,0.883289124668435,0.4924413544429708,,,11,True
visualizer_v2_e3_topology_30271.json,e3_topology,30271,9878075,271,30271,marcelbinz/Llama-3.1-Minitaur-8B,False,256,0,forest_fire,15.390625,False,25,False,blueprint,0.5,normal,both,2500,250,Llama-3.1-Minitaur-8B-BluePrint,Llama-3.1-Minitaur-8B,True,0.3765625,0.5756584063956587,-0.00703125,0.1140625,0.72265625,0.65234375,-0.0703125,0.8518061887486322,0.9319574523469683,-0.008577886825988477,0.548498510439055,0.4573604060913706,0.5404862124040999,0.4251775219228725,-0.02791929525589406,0.5142045454545454,0.3339711102572354,964,0.9813278008298755,0.255974354091027,,,11,True
visualizer_v2_e3_topology_30272.json,e3_topology,30272,9878084,272,30272,meta-llama/Llama-3.1-8B,False,256,0,cycle,2.0,False,28,False,blueprint,0.5,normal,both,2500,250,Llama-3.1-8B-BluePrint,Llama-3.1-8B,True,0.227734375,0.4833724439776839,0.000390625,0.104296875,0.84375,0.84765625,0.00390625,0.6252624052234231,0.6156745938434387,0.001772421127259837,0.7431372549019608,0.2578125,0.7581278187986791,0.2280467570088172,-0.050189157393744674,0.26171875,0.6019411087036133,583,0.9399656946826758,0.376019276640223,,,11,True
visualizer_v2_e3_topology_30273.json,e3_topology,30273,9878121,273,30273,marcelbinz/Llama-3.1-Minitaur-8B,False,256,0,barabasi_albert,15.5,False,25,False,blueprint,0.5,normal,both,2500,250,Llama-3.1-Minitaur-8B-BluePrint,Llama-3.1-Minitaur-8B,True,0.36171875,0.5274920153498122,-0.01875,0.122265625,0.72265625,0.53515625,-0.1875,0.8518061887486322,0.9964308234404787,0.01324947220087363,0.48191939207293516,0.4899193548387097,0.5001618392692847,0.4420708594143869,0.02548965910806226,0.5003551136363636,0.34074141762473364,926,0.9838012958963283,0.25979093547516197,,,11,True
visualizer_v2_e3_topology_30274.json,e3_topology,30274,9878122,274,30274,marcelbinz/Llama-3.1-Minitaur-8B,False,256,0,stochastic_block,15.9609375,False,25,False,blueprint,0.5,normal,both,2500,250,Llama-3.1-Minitaur-8B-BluePrint,Llama-3.1-Minitaur-8B,True,0.35703125,0.5637494751261888,-0.01328125,0.13359375,0.72265625,0.58984375,-0.1328125,0.8518061887486322,0.9765824414334774,0.022051120940239914,0.5020991675406524,0.47283406754772395,0.5222886930288384,0.458539377786631,0.029641832573838234,0.46058238636363635,0.3473033038052646,914,0.9792122538293216,0.25766345134710067,,,11,True
visualizer_v2_e3_topology_30275.json,e3_topology,30275,9878140,275,30275,Qwen/Qwen2.5-7B-Instruct,False,256,0,powerlaw_cluster,15.3125,False,25,False,blueprint,0.5,normal,both,2500,250,Qwen2.5-7B-Instruct-BluePrint,Qwen2.5-7B-Instruct,True,0.05703125,0.47667735042735043,-0.00390625,0.019921875,1.0,0.9609375,-0.0390625,0.0,0.23797715131903663,-0.0015128106089858288,0.9212720063242652,0.06479591836734694,0.9425185778110496,0.04325616050680983,-0.0015128106089858288,0.9662642045454546,1.212284499948675,146,0.8698630136986302,0.4048102391909247,,,11,True
visualizer_v2_e3_topology_30276.json,e3_topology,30276,9878163,276,30276,meta-llama/Llama-3.1-8B,False,256,0,powerlaw_cluster,15.375,False,28,False,blueprint,0.5,normal,both,2500,250,Llama-3.1-8B-BluePrint,Llama-3.1-8B,True,0.341015625,0.5228488956865558,-0.005078125,0.107421875,0.84375,0.79296875,-0.05078125,0.6252624052234231,0.7357696278107799,-0.01215073847990616,0.6686570606512887,0.3257113821138211,0.6798799874829387,0.2885140458139484,-0.01663028796521488,0.5,0.4055484424937855,873,0.9725085910652921,0.29688730491122567,,,11,True
visualizer_v2_e3_topology_30277.json,e3_topology,30277,9914640,277,30277,google/gemma-3-4b-pt,False,256,0,stochastic_block,15.7109375,False,28,False,blueprint,0.5,normal,both,2500,250,gemma-3-4b-pt-BluePrint,gemma-3-4b-pt,True,0.23203125,0.5121610884325254,0.00625,0.1015625,0.55078125,0.61328125,0.0625,0.9925464978639335,0.9626493634223954,0.02753401019720319,0.5389627540158499,0.4619592242665341,0.5305971171018705,0.41815952730167094,0.004108748767017872,0.7563920454545454,0.5004494406960227,594,0.9461279461279462,0.3618871001683502,,,11,True
visualizer_v2_e3_topology_30278.json,e3_topology,30278,9878184,278,30278,marcelbinz/Llama-3.1-Minitaur-8B,False,256,0,forest_fire,15.6953125,False,28,False,blueprint,0.5,normal,both,2500,250,Llama-3.1-Minitaur-8B-BluePrint,Llama-3.1-Minitaur-8B,True,0.32578125,0.5289208078714231,-0.00859375,0.114453125,0.6796875,0.59375,-0.0859375,0.9047209661860878,0.9744894033980523,-0.03050763051629116,0.505001519055603,0.4952712792434047,0.5192187464593457,0.42420490162803953,0.033509670578035805,0.45738636363636365,0.38469193198464136,834,0.9808153477218226,0.25912922006145084,,,11,True
visualizer_v2_e3_topology_30279.json,e3_topology,30279,9878185,279,30279,Qwen/Qwen2.5-7B-Instruct,False,256,0,stochastic_block,16.015625,False,29,False,blueprint,0.5,normal,both,2500,250,Qwen2.5-7B-Instruct-BluePrint,Qwen2.5-7B-Instruct,True,0.194140625,0.5152055175761241,0.005078125,0.08828125,0.76171875,0.8125,0.05078125,0.7921703563573823,0.6962122601251458,0.0038001068780057832,0.7031097094024731,0.30341463414634146,0.6845330640913165,0.28974882944573743,-0.01766506969684131,0.7645596590909091,0.9090186032381925,497,0.8148893360160966,0.5593701368366448,,,11,True
visualizer_v2_e3_topology_30280.json,e3_topology,30280,9878186,280,30280,meta-llama/Llama-3.1-8B,False,256,0,forest_fire,15.6796875,False,25,False,blueprint,0.5,normal,both,2500,250,Llama-3.1-8B-BluePrint,Llama-3.1-8B,True,0.346875,0.5628249401132405,0.01796875,0.13203125,0.5703125,0.75,0.1796875,0.985687679358613,0.8112781244591328,-0.014172362994738313,0.645558623218354,0.36472346786248133,0.6459822897801953,0.3350604963298667,-0.02536360727853673,0.3899147727272727,0.4093220450661399,888,0.9718468468468469,0.3363037109375,,,11,True
visualizer_v2_e3_topology_30281.json,e3_topology,30281,9878201,281,30281,Qwen/Qwen2.5-7B-Instruct,False,256,0,forest_fire,15.40625,False,25,False,blueprint,0.5,normal,both,2500,250,Qwen2.5-7B-Instruct-BluePrint,Qwen2.5-7B-Instruct,True,0.05,0.4948717948717949,-0.00234375,0.02109375,1.0,0.9765625,-0.0234375,0.0,0.16032872589902855,-0.014988058964013888,0.9466338779231931,0.06338742393509128,0.9571976392996778,0.034182358904863604,-0.014988058964013888,0.9644886363636364,1.1959624940698796,128,0.875,0.37273550033569336,,,11,True
visualizer_v2_e3_topology_30282.json,e3_topology,30282,9878202,282,30282,Qwen/Qwen2.5-7B-Instruct,False,256,0,random,15.6171875,False,25,False,blueprint,0.5,normal,both,2500,250,Qwen2.5-7B-Instruct-BluePrint,Qwen2.5-7B-Instruct,True,0.055078125,0.4654699059110824,-0.003515625,0.02421875,1.0,0.96484375,-0.03515625,0.0,0.21962487806876488,0.027810740673013458,0.9380657121198981,0.06253126563281641,0.9260976478576609,0.08051041690243249,0.027810740673013458,0.9623579545454546,1.1978634054010564,141,0.9432624113475178,0.3244602933843085,,,11,True
visualizer_v2_e3_topology_30283.json,e3_topology,30283,9878213,283,30283,meta-llama/Llama-3.1-8B,False,256,0,powerlaw_cluster,15.3984375,False,28,False,blueprint,0.5,normal,both,2500,250,Llama-3.1-8B-BluePrint,Llama-3.1-8B,True,0.20625,0.5159096511184444,0.00546875,0.073828125,0.84375,0.8984375,0.0546875,0.6252624052234231,0.4739291234809582,-0.0037180217277022836,0.8184872213094391,0.1887366818873668,0.8394667002064905,0.154949091402333,-0.030795950372294233,0.22088068181818182,0.6574961922385476,528,0.9128787878787878,0.39603400952888257,,,11,True
visualizer_v2_e3_topology_30284.json,e3_topology,30284,9878237,284,30284,meta-llama/Llama-3.1-8B,False,256,0,forest_fire,15.390625,False,28,False,blueprint,0.5,normal,both,2500,250,Llama-3.1-8B-BluePrint,Llama-3.1-8B,True,0.178515625,0.49263207710191825,0.003515625,0.0671875,0.84375,0.87890625,0.03515625,0.6252624052234231,0.5324966654459904,-0.01313603008065968,0.8074198990378121,0.2152284263959391,0.8114883748372056,0.17252551540557884,0.012895300196880153,0.20951704545454544,0.6695202914151278,457,0.9409190371991247,0.3602842502051422,,,11,True
visualizer_v2_e3_topology_30285.json,e3_topology,30285,9878238,285,30285,marcelbinz/Llama-3.1-Minitaur-8B,False,256,0,random,15.984375,False,25,False,blueprint,0.5,normal,both,2500,250,Llama-3.1-Minitaur-8B-BluePrint,Llama-3.1-Minitaur-8B,True,0.387890625,0.5434240417864036,-0.006640625,0.13203125,0.72265625,0.65625,-0.06640625,0.8518061887486322,0.9283620723948678,0.012481280687931248,0.5484104725547074,0.4521016617790811,0.5642026821506773,0.42034754546090297,0.03128140186670805,0.4577414772727273,0.33125773343172943,993,0.9828801611278952,0.25065915510133435,,,11,True
visualizer_v2_e3_topology_30286.json,e3_topology,30286,9878253,286,30286,Qwen/Qwen2.5-7B-Instruct,False,256,0,forest_fire,15.2578125,False,28,False,blueprint,0.5,normal,both,2500,250,Qwen2.5-7B-Instruct-BluePrint,Qwen2.5-7B-Instruct,True,0.0109375,0.4733333333333333,0.0,0.00546875,1.0,1.0,0.0,0.0,0.0,0.0,1.0,0.0,1.0,0.0,0.0,0.9921875,1.012555100701072,28,0.8928571428571429,0.26173618861607145,,,11,True
visualizer_v2_e3_topology_30287.json,e3_topology,30287,9914641,287,30287,google/gemma-3-4b-pt,False,256,0,barabasi_albert,15.5,False,29,False,blueprint,0.5,normal,both,2500,250,gemma-3-4b-pt-BluePrint,gemma-3-4b-pt,True,0.112890625,0.5764425453218556,0.016796875,0.049609375,0.71484375,0.8828125,0.16796875,0.8623817843585116,0.5212220180699689,0.00902594960511427,0.7904755069053571,0.21421370967741934,0.7930278928924465,0.17143541137107152,0.010896963774200373,0.4279119318181818,1.5075903805819424,289,0.7681660899653979,0.6983942474048442,,,11,True
visualizer_v2_e3_topology_30288.json,e3_topology,30288,9914642,288,30288,google/gemma-3-4b-pt,False,256,0,powerlaw_cluster,15.390625,False,25,False,blueprint,0.5,normal,both,2500,250,gemma-3-4b-pt-BluePrint,gemma-3-4b-pt,True,0.250390625,0.5753330609062874,0.038671875,0.08359375,0.50390625,0.890625,0.38671875,0.9999559719934967,0.4980278865344765,-0.0019706598520588623,0.7895662220294045,0.14568527918781726,0.8139476549652288,0.17131477069732273,-0.020118481999893377,0.7088068181818182,0.5550863959572532,641,0.9547581903276131,0.33784111130070205,,,11,True
visualizer_v2_e3_topology_30289.json,e3_topology,30289,9878256,289,30289,marcelbinz/Llama-3.1-Minitaur-8B,False,256,0,powerlaw_cluster,15.2265625,False,25,False,blueprint,0.5,normal,both,2500,250,Llama-3.1-Minitaur-8B-BluePrint,Llama-3.1-Minitaur-8B,True,0.310546875,0.5549609334972465,0.008984375,0.095703125,0.72265625,0.8125,0.08984375,0.8518061887486322,0.6962122601251458,0.009459041846160811,0.7021007170296475,0.280143663417137,0.6892390636580789,0.2810258391426211,0.006211390583141522,0.3984375,0.4869754964655096,795,0.9509433962264151,0.3269663300904088,,,11,True
visualizer_v2_e3_topology_30290.json,e3_topology,30290,9914643,290,30290,google/gemma-3-4b-pt,False,256,0,barabasi_albert,15.5,False,29,False,blueprint,0.5,normal,both,2500,250,gemma-3-4b-pt-BluePrint,gemma-3-4b-pt,True,0.135546875,0.5741252728105445,0.017578125,0.058984375,0.71484375,0.890625,0.17578125,0.8623817843585116,0.4980278865344765,-0.02206933523945621,0.7844329498126342,0.18598790322580644,0.7430198438735021,0.22399000676746297,-0.020497677226337073,0.4094460227272727,1.3924135728315874,347,0.7319884726224783,0.7365757835014409,,,11,True
visualizer_v2_e3_topology_30291.json,e3_topology,30291,9878271,291,30291,meta-llama/Llama-3.1-8B,False,256,0,stochastic_block,15.4609375,False,28,False,blueprint,0.5,normal,both,2500,250,Llama-3.1-8B-BluePrint,Llama-3.1-8B,True,0.141796875,0.5121832110541789,0.005859375,0.06640625,0.84375,0.90234375,0.05859375,0.6252624052234231,0.4615217448770414,-0.03784505721921918,0.8119649610979955,0.17837291561394644,0.8327205174403635,0.1653228397729721,-0.030410241766427856,0.18039772727272727,0.7121640985662286,363,0.9366391184573003,0.4083066998106061,,,11,True
visualizer_v2_e3_topology_30292.json,e3_topology,30292,9878272,292,30292,meta-llama/Llama-3.1-8B,False,256,0,stochastic_block,15.421875,False,28,False,blueprint,0.5,normal,both,2500,250,Llama-3.1-8B-BluePrint,Llama-3.1-8B,True,0.27265625,0.5216845602778843,0.00703125,0.112890625,0.84375,0.9140625,0.0703125,0.6252624052234231,0.4227623437791517,0.03897800592835448,0.8583612733671557,0.160081053698075,0.8317447466829231,0.165544434035625,0.06565923544934,0.3469460227272727,0.5502995577725497,698,0.9469914040114613,0.34614873410637537,,,11,True
visualizer_v2_e3_topology_30293.json,e3_topology,30293,9878286,293,30293,Qwen/Qwen2.5-7B-Instruct,False,256,0,random,16.1328125,False,25,False,blueprint,0.5,normal,both,2500,250,Qwen2.5-7B-Instruct-BluePrint,Qwen2.5-7B-Instruct,True,0.037109375,0.4262987012987013,-0.002734375,0.016796875,1.0,0.97265625,-0.02734375,0.0,0.18089075961189305,0.041461368446601296,0.9501197963525487,0.05278450363196126,0.9639523599674964,0.03125977634683809,0.041461368446601296,0.9769176136363636,1.2779948603023181,95,0.9789473684210527,0.2650621916118421,,,11,True
visualizer_v2_e3_topology_30294.json,e3_topology,30294,9878287,294,30294,marcelbinz/Llama-3.1-Minitaur-8B,False,256,0,random,16.046875,False,29,False,blueprint,0.5,normal,both,2500,250,Llama-3.1-Minitaur-8B-BluePrint,Llama-3.1-Minitaur-8B,True,0.068359375,0.45716984082309153,-0.002734375,0.030078125,1.0,0.97265625,-0.02734375,0.0,0.18089075961189305,-0.0012136405236529313,0.9419767028314823,0.04771178188899708,0.9301348642869163,0.08225480618378277,-0.0012136405236529313,0.09907670454545454,1.6256658380681819,175,0.6571428571428571,0.8411997767857143,,,11,True
visualizer_v2_e3_topology_30295.json,e3_topology,30295,9914723,295,30295,google/gemma-3-4b-pt,False,256,0,stochastic_block,15.7734375,False,29,False,blueprint,0.5,normal,both,2500,250,gemma-3-4b-pt-BluePrint,gemma-3-4b-pt,True,0.116015625,0.5669285877166312,0.019140625,0.0609375,0.71484375,0.90625,0.19140625,0.8623817843585116,0.4488644887230295,-0.01500927494152802,0.8240776968129909,0.18524021792966816,0.840332790772307,0.14134622967383223,0.00042090978174043683,0.4005681818181818,1.413264361294833,297,0.7171717171717171,0.786501078493266,,,11,True
visualizer_v2_e3_topology_30296.json,e3_topology,30296,9878305,296,30296,marcelbinz/Llama-3.1-Minitaur-8B,False,256,0,barabasi_albert,15.5,False,25,False,blueprint,0.5,normal,both,2500,250,Llama-3.1-Minitaur-8B-BluePrint,Llama-3.1-Minitaur-8B,True,0.37890625,0.5721725439680232,-0.01171875,0.116796875,0.72265625,0.60546875,-0.1171875,0.8518061887486322,0.967661552439695,-0.015029012947601856,0.5269716410493454,0.4717741935483871,0.5370751746968639,0.40776277299037555,-0.01202248795062677,0.50390625,0.3515908501364968,970,0.9855670103092784,0.27264014175257734,,,11,True
visualizer_v2_e3_topology_30297.json,e3_topology,30297,9914757,297,30297,google/gemma-3-4b-pt,False,256,0,fully_connected,255.0,False,29,False,blueprint,0.5,normal,both,2500,250,gemma-3-4b-pt-BluePrint,gemma-3-4b-pt,True,0.13515625,0.5582342869184974,0.01484375,0.075,0.71484375,0.86328125,0.1484375,0.8623817843585116,0.5755805811774211,-0.0038604450505865364,0.7537710099619289,0.23697916666666666,0.7582680259052768,0.22717403289276314,-0.0001340606296200194,0.39808238636363635,1.473148519342596,346,0.7341040462427746,0.7565875632225434,,,11,True
visualizer_v2_e3_topology_30298.json,e3_topology,30298,9878307,298,30298,marcelbinz/Llama-3.1-Minitaur-8B,False,256,0,stochastic_block,16.2109375,False,28,False,blueprint,0.5,normal,both,2500,250,Llama-3.1-Minitaur-8B-BluePrint,Llama-3.1-Minitaur-8B,True,0.30390625,0.509079705803493,-0.009375,0.111328125,0.6796875,0.5859375,-0.09375,0.9047209661860878,0.9785844853199953,-0.020926822170829886,0.49528821692197567,0.49542168674698794,0.5103957455499157,0.4455308666377552,-0.01457701423886959,0.41654829545454547,0.4020479375665838,778,0.9768637532133676,0.26008633415006427,,,11,True
visualizer_v2_e3_topology_30299.json,e3_topology,30299,9878308,299,30299,meta-llama/Llama-3.1-8B,False,256,0,fully_connected,255.0,False,29,False,blueprint,0.5,normal,both,2500,250,Llama-3.1-8B-BluePrint,Llama-3.1-8B,True,0.1578125,0.4422869999936349,-0.00703125,0.075390625,0.99609375,0.92578125,-0.0703125,0.03687450625387198,0.3814735439675174,0.0023342098725375204,0.8319451768328499,0.13795955882352942,0.8787606786788503,0.1284816776503943,0.005878058488270433,0.17045454545454544,1.21994348005815,404,0.8861386138613861,0.4951486115408416,,,11,True
visualizer_v2_e3_topology_30300.json,e3_topology,30300,9878330,300,30300,Qwen/Qwen2.5-7B-Instruct,False,256,0,cycle,2.0,False,28,False,blueprint,0.5,normal,both,2500,250,Qwen2.5-7B-Instruct-BluePrint,Qwen2.5-7B-Instruct,True,0.007421875,0.325,-0.001171875,0.003125,1.0,0.98828125,-0.01171875,0.0,0.09198335195381278,-0.011857707509881422,0.9764705882352941,0.0234375,0.9780749096629597,0.022442705168917096,-0.011857707509881422,0.9928977272727273,1.0495859059420498,19,0.9473684210526315,0.30927477384868424,,,11,True
visualizer_v2_e3_topology_30301.json,e3_topology,30301,9878331,301,30301,Qwen/Qwen2.5-7B-Instruct,False,256,0,barabasi_albert,15.5,False,28,False,blueprint,0.5,normal,both,2500,250,Qwen2.5-7B-Instruct-BluePrint,Qwen2.5-7B-Instruct,True,0.01015625,0.49833333333333335,0.0,0.005078125,1.0,1.0,0.0,0.0,0.0,0.0,1.0,0.0,1.0,0.0,0.0,0.9921875,1.0207362391731956,26,0.8846153846153846,0.3629713792067308,,,11,True
visualizer_v2_e3_topology_30302.json,e3_topology,30302,9878332,302,30302,meta-llama/Llama-3.1-8B,False,256,0,barabasi_albert,15.5,False,25,False,blueprint,0.5,normal,both,2500,250,Llama-3.1-8B-BluePrint,Llama-3.1-8B,True,0.348828125,0.517302771727067,0.016015625,0.133984375,0.5703125,0.73046875,0.16015625,0.985687679358613,0.840791205012962,-0.011098527746319342,0.6040717160273289,0.39919354838709675,0.5774322379015094,0.3886690069766753,0.0054823344246015555,0.37464488636363635,0.39233116670088336,893,0.986562150055991,0.30238265393162095,,,11,True
visualizer_v2_e3_topology_30303.json,e3_topology,30303,9878359,303,30303,meta-llama/Llama-3.1-8B,False,256,0,random,16.4921875,False,29,False,blueprint,0.5,normal,both,2500,250,Llama-3.1-8B-BluePrint,Llama-3.1-8B,True,0.14140625,0.44241667938886725,-0.00703125,0.062890625,0.99609375,0.92578125,-0.0703125,0.03687450625387198,0.3814735439675174,-0.0016325105940482433,0.8688782384636823,0.12363808621506395,0.8960384335019316,0.09773482915868476,0.002436826685298009,0.16796875,1.2344214699485085,362,0.8895027624309392,0.509123575621547,,,11,True
visualizer_v2_e3_topology_30304.json,e3_topology,30304,9878360,304,30304,meta-llama/Llama-3.1-8B,False,256,0,barabasi_albert,15.5,False,29,False,blueprint,0.5,normal,both,2500,250,Llama-3.1-8B-BluePrint,Llama-3.1-8B,True,0.11171875,0.4613849850306194,-0.0046875,0.0421875,0.99609375,0.94921875,-0.046875,0.03687450625387198,0.2897064269060978,-0.015192863834467408,0.8911500671767935,0.10131048387096774,0.9199746966555252,0.07496690407075594,-0.011724655741977879,0.13245738636363635,1.2496457533402876,286,0.8776223776223776,0.5358972082604895,,,11,True
visualizer_v2_e3_topology_30305.json,e3_topology,30305,9878390,305,30305,Qwen/Qwen2.5-7B-Instruct,False,256,0,barabasi_albert,15.5,False,28,False,blueprint,0.5,normal,both,2500,250,Qwen2.5-7B-Instruct-BluePrint,Qwen2.5-7B-Instruct,True,0.009765625,0.4666666666666666,-0.000390625,0.004296875,1.0,0.99609375,-0.00390625,0.0,0.03687450625387198,-0.005949161709028857,0.9939811174714486,0.015120967741935484,0.9900153818501981,0.010942658129719523,-0.005949161709028857,0.9928977272727273,1.0419461076909846,25,0.8,0.358447265625,,,11,True
visualizer_v2_e3_topology_30306.json,e3_topology,30306,9914906,306,30306,google/gemma-3-4b-pt,False,256,0,fully_connected,255.0,False,28,False,blueprint,0.5,normal,both,2500,250,gemma-3-4b-pt-BluePrint,gemma-3-4b-pt,True,0.211328125,0.520948587344089,0.009765625,0.106640625,0.55078125,0.6484375,0.09765625,0.9925464978639335,0.9354557645575774,-0.0024158257250344295,0.5336863193545924,0.4577205882352941,0.5361186082240873,0.4671406415884555,0.0013675478053341282,0.7741477272727273,0.5165322910655629,541,0.9316081330868762,0.37305951074399263,,,11,True
visualizer_v2_e3_topology_30307.json,e3_topology,30307,9878392,307,30307,meta-llama/Llama-3.1-8B,False,256,0,cycle,2.0,False,28,False,blueprint,0.5,normal,both,2500,250,Llama-3.1-8B-BluePrint,Llama-3.1-8B,True,0.227734375,0.4833724439776839,0.000390625,0.104296875,0.84375,0.84765625,0.00390625,0.6252624052234231,0.6156745938434387,0.001772421127259837,0.7431372549019608,0.2578125,0.7581278187986791,0.2280467570088172,-0.050189157393744674,0.26171875,0.6019411087036133,583,0.9399656946826758,0.376019276640223,,,11,True
visualizer_v2_e3_topology_30308.json,e3_topology,30308,9878434,308,30308,marcelbinz/Llama-3.1-Minitaur-8B,False,256,0,barabasi_albert,15.5,False,29,False,blueprint,0.5,normal,both,2500,250,Llama-3.1-Minitaur-8B-BluePrint,Llama-3.1-Minitaur-8B,True,0.0640625,0.4618010009314357,-0.00390625,0.0234375,1.0,0.9609375,-0.0390625,0.0,0.23797715131903663,-0.020772426527156627,0.9128335524131619,0.053931451612903226,0.9245684240456207,0.07465374575838503,-0.020772426527156627,0.109375,1.608158458362926,164,0.6341463414634146,0.8150962271341463,,,11,True
visualizer_v2_e3_topology_30309.json,e3_topology,30309,9878435,309,30309,marcelbinz/Llama-3.1-Minitaur-8B,False,256,0,cycle,2.0,False,25,False,blueprint,0.5,normal,both,2500,250,Llama-3.1-Minitaur-8B-BluePrint,Llama-3.1-Minitaur-8B,True,0.26484375,0.538635604940877,0.00234375,0.11875,0.72265625,0.74609375,0.0234375,0.8518061887486322,0.8174108828059471,-0.05163109142166734,0.6019607843137255,0.3984375,0.6080893151822174,0.353916311161074,-0.07713546903872101,0.35582386363636365,0.40613798661665484,678,0.9808259587020649,0.2513841837205015,,,11,True
visualizer_v2_e3_topology_30310.json,e3_topology,30310,9878436,310,30310,meta-llama/Llama-3.1-8B,False,256,0,forest_fire,15.0859375,False,28,False,blueprint,0.5,normal,both,2500,250,Llama-3.1-8B-BluePrint,Llama-3.1-8B,True,0.298828125,0.5497876282230885,0.002734375,0.108984375,0.84375,0.87109375,0.02734375,0.6252624052234231,0.5544309233552464,-0.000407222313972488,0.7916508618362673,0.23718280683583634,0.7740655928757585,0.2215028902507256,0.009778272180440067,0.4524147727272727,0.4913016232577237,765,0.9333333333333333,0.36626327614379084,,,11,True
visualizer_v2_e3_topology_30311.json,e3_topology,30311,9878440,311,30311,marcelbinz/Llama-3.1-Minitaur-8B,False,256,0,barabasi_albert,15.5,False,28,False,blueprint,0.5,normal,both,2500,250,Llama-3.1-Minitaur-8B-BluePrint,Llama-3.1-Minitaur-8B,True,0.336328125,0.5388025019097916,-0.005859375,0.10078125,0.6796875,0.62109375,-0.05859375,0.9047209661860878,0.957265876631391,-0.030219609885545146,0.5118199027677011,0.5065524193548387,0.5452931264045777,0.4187159562362288,-0.029476896284425153,0.4325284090909091,0.37331919236616656,861,0.9732868757259001,0.2647074168844367,,,11,True
visualizer_v2_e3_topology_30312.json,e3_topology,30312,9878441,312,30312,Qwen/Qwen2.5-7B-Instruct,False,256,0,random,16.4140625,False,25,False,blueprint,0.5,normal,both,2500,250,Qwen2.5-7B-Instruct-BluePrint,Qwen2.5-7B-Instruct,True,0.0515625,0.4706501831501832,-0.003125,0.023046875,1.0,0.96875,-0.03125,0.0,0.20062232431271465,-0.014351458896270323,0.9408671622709937,0.059019514516896715,0.9539713688070787,0.038566108824264485,-0.014351458896270323,0.9683948863636364,1.1975648403167725,132,0.9015151515151515,0.36505358146898675,,,11,True
visualizer_v2_e3_topology_30313.json,e3_topology,30313,9878448,313,30313,Qwen/Qwen2.5-7B-Instruct,False,256,0,cycle,2.0,False,28,False,blueprint,0.5,normal,both,2500,250,Qwen2.5-7B-Instruct-BluePrint,Qwen2.5-7B-Instruct,True,0.007421875,0.325,-0.001171875,0.003125,1.0,0.98828125,-0.01171875,0.0,0.09198335195381278,-0.011857707509881422,0.9764705882352941,0.0234375,0.9780749096629597,0.022442705168917096,-0.011857707509881422,0.9928977272727273,1.0495859059420498,19,0.9473684210526315,0.30927477384868424,,,11,True
visualizer_v2_e3_topology_30314.json,e3_topology,30314,9915039,314,30314,google/gemma-3-4b-pt,False,256,0,barabasi_albert,15.5,False,25,False,blueprint,0.5,normal,both,2500,250,gemma-3-4b-pt-BluePrint,gemma-3-4b-pt,True,0.21796875,0.5443988901457357,0.025,0.071875,0.50390625,0.75390625,0.25,0.9999559719934967,0.8050279555733038,0.034431105292641394,0.6670332803556195,0.3170362903225806,0.6090594098695554,0.34379397424277197,0.008064247549995959,0.6615767045454546,0.49572181701660156,558,0.9498207885304659,0.32559871331765233,,,11,True
visualizer_v2_e3_topology_30315.json,e3_topology,30315,9878487,315,30315,Qwen/Qwen2.5-7B-Instruct,False,256,0,fully_connected,255.0,False,29,False,blueprint,0.5,normal,both,2500,250,Qwen2.5-7B-Instruct-BluePrint,Qwen2.5-7B-Instruct,True,0.15859375,0.5318362874311973,0.00859375,0.0828125,0.76171875,0.84765625,0.0859375,0.7921703563573823,0.6156745938434387,-0.003733626630534935,0.7510530280274417,0.2592830882352941,0.7266377040248247,0.2527281236382152,0.00017900056046349496,0.7972301136363636,0.9783936630595814,406,0.8054187192118226,0.6315286570581896,,,11,True
visualizer_v2_e3_topology_30316.json,e3_topology,30316,9878496,316,30316,marcelbinz/Llama-3.1-Minitaur-8B,False,256,0,fully_connected,255.0,False,28,False,blueprint,0.5,normal,both,2500,250,Llama-3.1-Minitaur-8B-BluePrint,Llama-3.1-Minitaur-8B,True,0.311328125,0.5333681600843866,-0.004296875,0.139453125,0.6796875,0.63671875,-0.04296875,0.9047209661860878,0.9453732087003415,0.003206686792315864,0.5601255497782615,0.4644301470588235,0.5494117580112419,0.4364356547132511,0.0068512823639962335,0.4346590909090909,0.37770700454711914,797,0.9799247176913425,0.25964186990276034,,,11,True
visualizer_v2_e3_topology_30317.json,e3_topology,30317,9878570,317,30317,Qwen/Qwen2.5-7B-Instruct,False,256,0,random,16.0,False,28,False,blueprint,0.5,normal,both,2500,250,Qwen2.5-7B-Instruct-BluePrint,Qwen2.5-7B-Instruct,True,0.009765625,0.37666666666666665,-0.001171875,0.00390625,1.0,0.98828125,-0.01171875,0.0,0.09198335195381278,-0.012172576009957716,0.9729729895033776,0.0263671875,0.9766565113837278,0.028907820610477333,-0.012172576009957716,0.9932528409090909,1.0497722625732422,25,0.96,0.21845703125,,,11,True
visualizer_v2_e3_topology_30318.json,e3_topology,30318,9878714,318,30318,marcelbinz/Llama-3.1-Minitaur-8B,False,256,0,stochastic_block,15.7890625,False,25,False,blueprint,0.5,normal,both,2500,250,Llama-3.1-Minitaur-8B-BluePrint,Llama-3.1-Minitaur-8B,True,0.36796875,0.5225684275622082,-0.021875,0.131640625,0.72265625,0.50390625,-0.21875,0.8518061887486322,0.9999559719934967,-0.008300520922497718,0.49478114174924814,0.5047006432459179,0.5035749592055362,0.4540190936552244,-0.00469548055082055,0.5074573863636364,0.36177669871937146,942,0.9872611464968153,0.2779771679272824,,,11,True
visualizer_v2_e3_topology_30319.json,e3_topology,30319,9878715,319,30319,marcelbinz/Llama-3.1-Minitaur-8B,False,256,0,powerlaw_cluster,15.359375,False,28,False,blueprint,0.5,normal,both,2500,250,Llama-3.1-Minitaur-8B-BluePrint,Llama-3.1-Minitaur-8B,True,0.322265625,0.5197953085805198,-0.013671875,0.10546875,0.6796875,0.54296875,-0.13671875,0.9047209661860878,0.9946660886725551,-0.051198288995664004,0.4677396245125805,0.5198372329603256,0.5045848243664026,0.450941844081797,-0.06896595601318894,0.4783380681818182,0.36732942407781427,825,0.983030303030303,0.25929391571969695,,,11,True
visualizer_v2_e3_topology_30320.json,e3_topology,30320,9878716,320,30320,meta-llama/Llama-3.1-8B,False,256,0,cycle,2.0,False,28,False,blueprint,0.5,normal,both,2500,250,Llama-3.1-8B-BluePrint,Llama-3.1-8B,True,0.227734375,0.4833724439776839,0.000390625,0.104296875,0.84375,0.84765625,0.00390625,0.6252624052234231,0.6156745938434387,0.001772421127259837,0.7431372549019608,0.2578125,0.7581278187986791,0.2280467570088172,-0.050189157393744674,0.26171875,0.6019411087036133,583,0.9399656946826758,0.376019276640223,,,11,True
visualizer_v2_e3_topology_30321.json,e3_topology,30321,9878717,321,30321,marcelbinz/Llama-3.1-Minitaur-8B,False,256,0,forest_fire,15.5390625,False,25,False,blueprint,0.5,normal,both,2500,250,Llama-3.1-Minitaur-8B-BluePrint,Llama-3.1-Minitaur-8B,True,0.31015625,0.5338683569095688,0.0015625,0.098046875,0.72265625,0.73828125,0.015625,0.8518061887486322,0.829328929927916,-0.0028677946659017425,0.6217491619178108,0.4057315233785822,0.6225122682547121,0.3429854377258458,0.006180373523577074,0.4016335227272727,0.38948917388916016,794,0.9861460957178841,0.26202069722134763,,,11,True
visualizer_v2_e3_topology_30322.json,e3_topology,30322,9878718,322,30322,Qwen/Qwen2.5-7B-Instruct,False,256,0,random,15.8359375,False,28,False,blueprint,0.5,normal,both,2500,250,Qwen2.5-7B-Instruct-BluePrint,Qwen2.5-7B-Instruct,True,0.015234375,0.42333333333333334,-0.000390625,0.007421875,1.0,0.99609375,-0.00390625,0.0,0.03687450625387198,-0.004404558718263239,0.9921750338127718,0.008880118401578688,0.9934525039608736,0.00412947023348041,-0.004404558718263239,0.9914772727272727,1.0347613204609265,39,0.8974358974358975,0.29648061899038464,,,11,True
visualizer_v2_e3_topology_30323.json,e3_topology,30323,9915040,323,30323,google/gemma-3-4b-pt,False,256,0,random,15.6640625,False,25,False,blueprint,0.5,normal,both,2500,250,gemma-3-4b-pt-BluePrint,gemma-3-4b-pt,True,0.24453125,0.535893005011251,0.02890625,0.10625,0.50390625,0.79296875,0.2890625,0.9999559719934967,0.7357696278107799,-0.0025268671059337482,0.6840540107299803,0.3256857855361596,0.6846957743845119,0.29609894154876093,-0.020193620154888667,0.7077414772727273,0.5470340035178445,626,0.9664536741214057,0.32947518345646964,,,11,True
visualizer_v2_e3_topology_30324.json,e3_topology,30324,9878726,324,30324,meta-llama/Llama-3.1-8B,False,256,0,powerlaw_cluster,15.3359375,False,29,False,blueprint,0.5,normal,both,2500,250,Llama-3.1-8B-BluePrint,Llama-3.1-8B,True,0.11796875,0.4467645458651557,-0.00625,0.0453125,0.99609375,0.93359375,-0.0625,0.03687450625387198,0.35236704918494266,0.0038999572334222914,0.8886737418752167,0.11665817626082527,0.8956302767357395,0.09578937866998419,0.007044734936941223,0.14488636363636365,1.2211329720237039,302,0.8708609271523179,0.5609543149834437,,,11,True
visualizer_v2_e3_topology_30325.json,e3_topology,30325,9878727,325,30325,marcelbinz/Llama-3.1-Minitaur-8B,False,256,0,stochastic_block,15.9296875,False,29,False,blueprint,0.5,normal,both,2500,250,Llama-3.1-Minitaur-8B-BluePrint,Llama-3.1-Minitaur-8B,True,0.09921875,0.45771332191047326,-0.0046875,0.044140625,1.0,0.953125,-0.046875,0.0,0.2729708579140699,0.03804770303813421,0.918481107980962,0.08631682197155469,0.9234899716415996,0.0822332754152406,0.03804770303813421,0.12002840909090909,1.5260791778564453,254,0.6299212598425197,0.8621047613188977,,,11,True
visualizer_v2_e3_topology_30326.json,e3_topology,30326,9878728,326,30326,Qwen/Qwen2.5-7B-Instruct,False,256,0,powerlaw_cluster,15.2734375,False,29,False,blueprint,0.5,normal,both,2500,250,Qwen2.5-7B-Instruct-BluePrint,Qwen2.5-7B-Instruct,True,0.134375,0.5216586345567517,0.00546875,0.04609375,0.76171875,0.81640625,0.0546875,0.7921703563573823,0.6878760365869007,-0.0015117941541083159,0.7095757728208734,0.3033248081841432,0.7180175564953992,0.23911802459450526,0.01964832053317677,0.8245738636363636,1.0296339121731846,344,0.8226744186046512,0.5744579226471657,,,11,True
visualizer_v2_e3_topology_30327.json,e3_topology,30327,9915041,327,30327,google/gemma-3-4b-pt,False,256,0,cycle,2.0,False,25,False,blueprint,0.5,normal,both,2500,250,gemma-3-4b-pt-BluePrint,gemma-3-4b-pt,True,0.264453125,0.547938080375731,0.026171875,0.137890625,0.50390625,0.765625,0.26171875,0.9999559719934967,0.7855602922535473,0.04217687074829932,0.6549019607843137,0.34375,0.6430884668201631,0.2977325952478892,0.026611955897539383,0.6672585227272727,0.49999731237238104,677,0.9571639586410635,0.3580637809268833,,,11,True
visualizer_v2_e3_topology_30328.json,e3_topology,30328,9878788,328,30328,Qwen/Qwen2.5-7B-Instruct,False,256,0,forest_fire,15.703125,False,25,False,blueprint,0.5,normal,both,2500,250,Qwen2.5-7B-Instruct-BluePrint,Qwen2.5-7B-Instruct,True,0.051171875,0.46263157894736845,-0.002734375,0.020703125,1.0,0.97265625,-0.02734375,0.0,0.18089075961189305,-0.019809406159004197,0.9401988375859877,0.06865671641791045,0.9534201773290428,0.04582112201978429,-0.019809406159004197,0.9698153409090909,1.212672233581543,131,0.916030534351145,0.35874042074188933,,,11,True
visualizer_v2_e3_topology_30329.json,e3_topology,30329,9878804,329,30329,marcelbinz/Llama-3.1-Minitaur-8B,False,256,0,cycle,2.0,False,25,False,blueprint,0.5,normal,both,2500,250,Llama-3.1-Minitaur-8B-BluePrint,Llama-3.1-Minitaur-8B,True,0.26484375,0.538635604940877,0.00234375,0.11875,0.72265625,0.74609375,0.0234375,0.8518061887486322,0.8174108828059471,-0.05163109142166734,0.6019607843137255,0.3984375,0.6080893151822174,0.353916311161074,-0.07713546903872101,0.35582386363636365,0.40613798661665484,678,0.9808259587020649,0.2513841837205015,,,11,True
visualizer_v2_e3_topology_30330.json,e3_topology,30330,9878805,330,30330,meta-llama/Llama-3.1-8B,False,256,0,powerlaw_cluster,15.3671875,False,28,False,blueprint,0.5,normal,both,2500,250,Llama-3.1-8B-BluePrint,Llama-3.1-8B,True,0.189453125,0.49946724082332644,0.001953125,0.066015625,0.84375,0.86328125,0.01953125,0.6252624052234231,0.5755805811774211,-0.0012765703605020276,0.7633352152205146,0.2602948652770717,0.7601350430318816,0.20929316137314574,-0.0034350836541549882,0.2215909090909091,0.6453286951238458,485,0.934020618556701,0.3933694426546392,,,11,True
visualizer_v2_e3_topology_30331.json,e3_topology,30331,9878811,331,30331,marcelbinz/Llama-3.1-Minitaur-8B,False,256,0,powerlaw_cluster,15.3671875,False,29,False,blueprint,0.5,normal,both,2500,250,Llama-3.1-Minitaur-8B-BluePrint,Llama-3.1-Minitaur-8B,True,0.065234375,0.4545810276679842,-0.003515625,0.024609375,1.0,0.96484375,-0.03515625,0.0,0.21962487806876488,-0.01464564221343462,0.9175497234978879,0.07778342653787494,0.9511566715673153,0.04883544830501375,-0.01464564221343462,0.09978693181818182,1.6185106797651811,167,0.6946107784431138,0.7126567178143712,,,11,True
visualizer_v2_e3_topology_30332.json,e3_topology,30332,9878812,332,30332,Qwen/Qwen2.5-7B-Instruct,False,256,0,cycle,2.0,False,25,False,blueprint,0.5,normal,both,2500,250,Qwen2.5-7B-Instruct-BluePrint,Qwen2.5-7B-Instruct,True,0.040625,0.43705405705405703,-0.00546875,0.016796875,1.0,0.9453125,-0.0546875,0.0,0.30598487371383465,0.01770956316410862,0.8980392156862745,0.1015625,0.9038588182406405,0.08682550602128551,0.01770956316410862,0.9744318181818182,1.2557616125453601,104,0.9326923076923077,0.34577002892127406,,,11,True
visualizer_v2_e3_topology_30333.json,e3_topology,30333,9909399,333,30333,google/gemma-3-4b-pt,False,256,0,barabasi_albert,15.5,False,29,False,blueprint,0.5,normal,both,2500,250,gemma-3-4b-pt-BluePrint,gemma-3-4b-pt,True,0.129296875,0.5636565460710344,0.017578125,0.050390625,0.71484375,0.890625,0.17578125,0.8623817843585116,0.4980278865344765,0.02247100008099243,0.8122540425797026,0.22076612903225806,0.7929421200196815,0.1799905267092969,0.01099885745757025,0.4375,1.4932030764493076,331,0.7492447129909365,0.7472915879909365,,,11,True
visualizer_v2_e3_topology_30334.json,e3_topology,30334,9878814,334,30334,meta-llama/Llama-3.1-8B,False,256,0,stochastic_block,16.0703125,False,25,False,blueprint,0.5,normal,both,2500,250,Llama-3.1-8B-BluePrint,Llama-3.1-8B,True,0.3140625,0.5568976682179312,0.0234375,0.1453125,0.5703125,0.8046875,0.234375,0.985687679358613,0.7124534449668779,0.01260380566272142,0.6839931632951504,0.3140495867768595,0.6681276082556363,0.33053861193784195,0.02430528353287449,0.33345170454545453,0.4268793626265092,804,0.9589552238805971,0.3337390197450249,,,11,True
visualizer_v2_e3_topology_30335.json,e3_topology,30335,9874148,335,30335,marcelbinz/Llama-3.1-Minitaur-8B,False,256,0,fully_connected,255.0,False,25,False,blueprint,0.5,normal,both,2500,250,Llama-3.1-Minitaur-8B-BluePrint,Llama-3.1-Minitaur-8B,True,0.36953125,0.5293387137611106,-0.00703125,0.146484375,0.72265625,0.65234375,-0.0703125,0.8518061887486322,0.9319574523469683,-0.00046621354936497435,0.5685622362971279,0.45536151960784316,0.5670463048153936,0.41377079812186474,0.000883860497863598,0.5031960227272727,0.3389961069280451,946,0.9830866807610994,0.2622349035412262,,,11,True
visualizer_v2_e4_noise_floor_40000.json,e4_noise_floor,40000,9994105,0,40000,Qwen/Qwen2.5-7B-Instruct,False,256,0,powerlaw_cluster,15.2890625,False,29,False,blueprint,0.5,scrambled,both,2500,250,Qwen2.5-7B-Instruct-BluePrint,Qwen2.5-7B-Instruct,True,0.10625,0.4789218579855392,-0.0046875,0.033203125,0.76171875,0.71484375,-0.046875,0.7921703563573823,0.8623817843585116,0.02621469345621664,0.603972832622731,0.4113438937148697,0.0,0.0,0.00776211913218831,0.7496448863636364,0.9506833770058372,272,0.8345588235294118,0.5163583194508272,,,11,True
visualizer_v2_e4_noise_floor_40001.json,e4_noise_floor,40001,9994249,1,40001,google/gemma-3-4b-pt,False,256,0,powerlaw_cluster,15.3046875,False,29,False,blueprint,0.5,scrambled,both,2500,250,gemma-3-4b-pt-BluePrint,gemma-3-4b-pt,True,0.0421875,0.6622868359710464,0.0265625,0.0265625,0.71484375,0.98046875,0.265625,0.8623817843585116,0.13880049798406022,-0.015957234611239466,0.9465820780984636,0.033180193976518634,0.0,0.0,0.012035581865013186,0.3494318181818182,1.8492376154119319,108,0.7407407407407407,0.6622088396990741,,,11,True
visualizer_v2_e4_noise_floor_40002.json,e4_noise_floor,40002,9868303,2,40002,marcelbinz/Llama-3.1-Minitaur-8B,False,256,0,powerlaw_cluster,15.34375,False,28,False,blueprint,0.5,none,both,2500,250,Llama-3.1-Minitaur-8B-BluePrint,Llama-3.1-Minitaur-8B,True,0.0,0.0,0.0,0.0,0.6796875,0.6796875,0.0,0.9047209661860878,0.9047209661860878,-0.0012127198666011115,0.570657849919461,0.42464358452138495,0.0,0.0,0.0,0.515625,0.28275299072265625,0,,,,,11,True
visualizer_v2_e4_noise_floor_40003.json,e4_noise_floor,40003,9994250,3,40003,google/gemma-3-4b-pt,False,256,0,powerlaw_cluster,15.3359375,False,28,False,blueprint,0.5,scrambled,both,2500,250,gemma-3-4b-pt-BluePrint,gemma-3-4b-pt,True,0.13671875,0.5202314867331909,0.0046875,0.04921875,0.55078125,0.59765625,0.046875,0.9925464978639335,0.9723051006568468,-0.008987616141814116,0.5352433328382271,0.49312277126846665,0.0,0.0,-8.808289103499553e-05,0.6651278409090909,0.3144880641590465,350,0.9971428571428571,0.20893415178571428,,,11,True
visualizer_v2_e4_noise_floor_40004.json,e4_noise_floor,40004,9994311,4,40004,google/gemma-3-4b-pt,False,256,0,powerlaw_cluster,15.3125,False,29,True,blueprint,0.5,scrambled,both,2500,250,gemma-3-4b-pt-BluePrint,gemma-3-4b-pt,True,0.28203125,0.5503919759840968,-0.00390625,0.091796875,0.71484375,0.67578125,-0.0390625,0.8623817843585116,0.908910327410359,-0.01179710596305007,0.5327716917249544,0.42959183673469387,0.0,0.0,0.0010078323962236357,0.6754261363636364,1.8610560948198491,722,0.4293628808864266,1.426287513690642,,,11,True
visualizer_v2_e4_noise_floor_40005.json,e4_noise_floor,40005,9994312,5,40005,google/gemma-3-4b-pt,False,256,0,powerlaw_cluster,15.3671875,False,28,False,blueprint,0.5,scrambled,both,2500,250,gemma-3-4b-pt-BluePrint,gemma-3-4b-pt,True,0.13671875,0.5202314867331909,0.0046875,0.047265625,0.55078125,0.59765625,0.046875,0.9925464978639335,0.9723051006568468,0.006415218618324082,0.5171391813811014,0.48500254194204373,0.0,0.0,0.006534239514843716,0.6651278409090909,0.3144880641590465,350,0.9971428571428571,0.20893415178571428,,,11,True
visualizer_v2_e4_noise_floor_40006.json,e4_noise_floor,40006,9994317,6,40006,meta-llama/Llama-3.1-8B,False,256,0,powerlaw_cluster,15.328125,False,28,False,blueprint,0.5,scrambled,both,2500,250,Llama-3.1-8B-BluePrint,Llama-3.1-8B,True,0.17734375,0.42962152169332735,-0.03203125,0.04609375,0.84375,0.5234375,-0.3203125,0.6252624052234231,0.9984144269374465,-0.026446927617137378,0.5063568384700928,0.5152905198776758,0.0,0.0,-0.026014219780249682,0.6047585227272727,0.4014573097229004,454,0.9889867841409692,0.28827092511013214,,,11,True
visualizer_v2_e4_noise_floor_40007.json,e4_noise_floor,40007,9994318,7,40007,marcelbinz/Llama-3.1-Minitaur-8B,False,256,0,powerlaw_cluster,15.375,False,25,False,blueprint,0.5,scrambled,both,2500,250,Llama-3.1-Minitaur-8B-BluePrint,Llama-3.1-Minitaur-8B,True,0.16328125,0.4881924839798262,-0.00703125,0.051953125,0.72265625,0.65234375,-0.0703125,0.8518061887486322,0.9319574523469683,0.0003854420497676783,0.5642172965418346,0.4740853658536585,0.0,0.0,-0.012269199559449261,0.6903409090909091,0.43681994351473724,418,0.9808612440191388,0.26713423295454547,,,11,True
visualizer_v2_e4_noise_floor_40008.json,e4_noise_floor,40008,9868357,8,40008,google/gemma-3-4b-pt,False,256,0,powerlaw_cluster,15.3671875,False,29,True,blueprint,0.5,none,both,2500,250,gemma-3-4b-pt-BluePrint,gemma-3-4b-pt,True,0.412890625,0.9436337271750806,-0.002734375,0.058984375,0.71484375,0.6875,-0.02734375,0.8623817843585116,0.8960382325345574,-0.05282478137182598,0.5494471979746002,0.45195729537366547,0.0,0.0,-0.022703464453249427,0.5678267045454546,1.914741652933034,1057,0.45411542100283825,1.3277744231860145,,,11,True
visualizer_v2_e4_noise_floor_40009.json,e4_noise_floor,40009,9868358,9,40009,meta-llama/Llama-3.1-8B,False,256,0,powerlaw_cluster,15.3125,False,25,True,blueprint,0.5,none,both,2500,250,Llama-3.1-8B-BluePrint,Llama-3.1-8B,True,0.161328125,0.5105042016806722,0.003515625,0.0640625,0.5703125,0.60546875,0.03515625,0.985687679358613,0.967661552439695,0.025826265813868383,0.5378026254306663,0.45,0.0,0.0,0.004515292630566988,0.8259943181818182,2.944753499193625,413,0.2711864406779661,2.060230763137485,,,11,True
visualizer_v2_e4_noise_floor_40010.json,e4_noise_floor,40010,9868359,10,40010,marcelbinz/Llama-3.1-Minitaur-8B,False,256,0,powerlaw_cluster,15.4140625,False,25,False,blueprint,0.5,none,both,2500,250,Llama-3.1-Minitaur-8B-BluePrint,Llama-3.1-Minitaur-8B,True,0.0,0.0,0.0,0.0,0.72265625,0.72265625,0.0,0.8518061887486322,0.8518061887486322,-0.011663694094919182,0.5729242321690433,0.4450076026355803,0.0,0.0,0.0,0.55859375,0.194549560546875,0,,,,,11,True
visualizer_v2_e4_noise_floor_40011.json,e4_noise_floor,40011,9868360,11,40011,Qwen/Qwen2.5-7B-Instruct,False,256,0,powerlaw_cluster,15.3125,False,25,True,blueprint,0.5,none,both,2500,250,Qwen2.5-7B-Instruct-BluePrint,Qwen2.5-7B-Instruct,True,0.19296875,0.4655123485197117,-0.00546875,0.065234375,1.0,0.9453125,-0.0546875,0.0,0.30598487371383465,-0.024950484694380763,0.88350702154794,0.08163265306122448,0.0,0.0,-0.024950484694380763,0.91015625,3.54049070619724,494,0.20647773279352227,2.1135341011078252,,,11,True
visualizer_v2_e4_noise_floor_40012.json,e4_noise_floor,40012,9994345,12,40012,Qwen/Qwen2.5-7B-Instruct,False,256,0,powerlaw_cluster,15.3984375,False,25,False,blueprint,0.5,scrambled,both,2500,250,Qwen2.5-7B-Instruct-BluePrint,Qwen2.5-7B-Instruct,True,0.04453125,0.4518780729074847,-0.0046875,0.015625,1.0,0.953125,-0.046875,0.0,0.2729708579140699,-0.01342174322402307,0.9008766447748722,0.07813292744799594,0.0,0.0,-0.01342174322402307,0.9499289772727273,1.0640070004896685,114,0.8421052631578947,0.45026705557839913,,,11,True
visualizer_v2_e4_noise_floor_40013.json,e4_noise_floor,40013,9994359,13,40013,marcelbinz/Llama-3.1-Minitaur-8B,False,256,0,powerlaw_cluster,15.3515625,False,29,True,blueprint,0.5,scrambled,both,2500,250,Llama-3.1-Minitaur-8B-BluePrint,Llama-3.1-Minitaur-8B,True,0.240234375,0.4418992084414496,-0.026171875,0.07734375,1.0,0.73828125,-0.26171875,0.0,0.829328929927916,0.008906661819503614,0.6272610267080053,0.3699745547073791,0.0,0.0,0.008906661819503614,0.5617897727272727,3.737872250039469,615,0.32682926829268294,1.921943787055287,,,11,True
visualizer_v2_e4_noise_floor_40014.json,e4_noise_floor,40014,9868363,14,40014,marcelbinz/Llama-3.1-Minitaur-8B,False,256,0,powerlaw_cluster,15.2890625,False,25,True,blueprint,0.5,none,both,2500,250,Llama-3.1-Minitaur-8B-BluePrint,Llama-3.1-Minitaur-8B,True,0.38984375,0.4914965986394558,-0.0109375,0.11640625,0.72265625,0.61328125,-0.109375,0.8518061887486322,0.9626493634223954,0.00906878868482985,0.531775222157937,0.4885028104241185,0.0,0.0,-0.013264966021377438,0.7166193181818182,3.2341928116299887,998,0.37074148296593185,1.837653613042736,,,11,True
visualizer_v2_e4_noise_floor_40015.json,e4_noise_floor,40015,9868376,15,40015,Qwen/Qwen2.5-7B-Instruct,False,256,0,powerlaw_cluster,15.3125,False,28,False,blueprint,0.5,none,both,2500,250,Qwen2.5-7B-Instruct-BluePrint,Qwen2.5-7B-Instruct,True,0.0,0.0,0.0,0.0,1.0,1.0,0.0,0.0,0.0,0.0,1.0,0.0,0.0,0.0,0.0,1.0,1.530627727508545,0,,,,,11,True
visualizer_v2_e4_noise_floor_40016.json,e4_noise_floor,40016,9868377,16,40016,google/gemma-3-4b-pt,False,256,0,powerlaw_cluster,15.34375,False,29,False,blueprint,0.5,none,both,2500,250,gemma-3-4b-pt-BluePrint,gemma-3-4b-pt,True,0.0,0.0,0.0,0.0,0.71484375,0.71484375,0.0,0.8623817843585116,0.8623817843585116,-0.01698632362347841,0.567876280402969,0.4154786150712831,0.0,0.0,0.0,0.609375,1.1614646911621094,0,,,,,11,True
visualizer_v2_e4_noise_floor_40017.json,e4_noise_floor,40017,9868378,17,40017,Qwen/Qwen2.5-7B-Instruct,False,256,0,powerlaw_cluster,15.3203125,False,28,False,blueprint,0.5,none,both,2500,250,Qwen2.5-7B-Instruct-BluePrint,Qwen2.5-7B-Instruct,True,0.0,0.0,0.0,0.0,1.0,1.0,0.0,0.0,0.0,0.0,1.0,0.0,0.0,0.0,0.0,1.0,1.530627727508545,0,,,,,11,True
visualizer_v2_e4_noise_floor_40018.json,e4_noise_floor,40018,9868398,18,40018,Qwen/Qwen2.5-7B-Instruct,False,256,0,powerlaw_cluster,15.234375,False,29,False,blueprint,0.5,none,both,2500,250,Qwen2.5-7B-Instruct-BluePrint,Qwen2.5-7B-Instruct,True,0.0,0.0,0.0,0.0,0.76171875,0.76171875,0.0,0.7921703563573823,0.7921703563573823,0.006669524504100525,0.6354087468122133,0.37538461538461537,0.0,0.0,0.0,0.76171875,1.3495287895202637,0,,,,,11,True
visualizer_v2_e4_noise_floor_40019.json,e4_noise_floor,40019,9868399,19,40019,marcelbinz/Llama-3.1-Minitaur-8B,False,256,0,powerlaw_cluster,15.234375,False,29,True,blueprint,0.5,none,both,2500,250,Llama-3.1-Minitaur-8B-BluePrint,Llama-3.1-Minitaur-8B,True,0.67265625,1.0,0.0,0.040625,1.0,1.0,0.0,0.0,0.0,0.0,1.0,0.0,0.0,0.0,0.0,0.6495028409090909,3.778783517805013,1722,0.17305458768873402,2.2963128527420875,,,11,True
visualizer_v2_e4_noise_floor_40020.json,e4_noise_floor,40020,9994360,20,40020,marcelbinz/Llama-3.1-Minitaur-8B,False,256,0,powerlaw_cluster,15.3125,False,28,False,blueprint,0.5,scrambled,both,2500,250,Llama-3.1-Minitaur-8B-BluePrint,Llama-3.1-Minitaur-8B,True,0.16953125,0.4657505694218724,-0.0140625,0.053515625,0.6796875,0.5390625,-0.140625,0.9047209661860878,0.9955927544527945,0.030096454439522156,0.5218478121831462,0.49183673469387756,0.0,0.0,0.030616670371774776,0.59375,0.4072954004461115,434,0.9815668202764977,0.23258276029665897,,,11,True
visualizer_v2_e4_noise_floor_40021.json,e4_noise_floor,40021,9994361,21,40021,google/gemma-3-4b-pt,False,256,0,powerlaw_cluster,15.3046875,False,25,False,blueprint,0.5,scrambled,both,2500,250,gemma-3-4b-pt-BluePrint,gemma-3-4b-pt,True,0.171875,0.5064980970210007,0.0015625,0.05234375,0.50390625,0.51953125,0.015625,0.9999559719934967,0.9988990309438097,0.0006763379167646484,0.5354881309640895,0.4997447677386422,0.0,0.0,0.03399878190251575,0.6139914772727273,0.31080549413507635,440,0.9977272727272727,0.21749156605113637,,,11,True
visualizer_v2_e4_noise_floor_40022.json,e4_noise_floor,40022,9868511,22,40022,google/gemma-3-4b-pt,False,256,0,powerlaw_cluster,15.28125,False,25,True,blueprint,0.5,none,both,2500,250,gemma-3-4b-pt-BluePrint,gemma-3-4b-pt,True,0.318359375,0.5001435544071203,0.001953125,0.064453125,0.50390625,0.5234375,0.01953125,0.9999559719934967,0.9984144269374465,-0.022028056520024944,0.5025632211824023,0.5040899795501023,0.0,0.0,-0.009647149132739667,0.8046875,2.993982460688461,815,0.25644171779141106,1.7932833993361772,,,11,True
visualizer_v2_e4_noise_floor_40023.json,e4_noise_floor,40023,9868512,23,40023,marcelbinz/Llama-3.1-Minitaur-8B,False,256,0,powerlaw_cluster,15.3359375,False,29,False,blueprint,0.5,none,both,2500,250,Llama-3.1-Minitaur-8B-BluePrint,Llama-3.1-Minitaur-8B,True,0.0,0.0,0.0,0.0,1.0,1.0,0.0,0.0,0.0,0.0,1.0,0.0,0.0,0.0,0.0,0.03515625,1.971151351928711,0,,,,,11,True
visualizer_v2_e4_noise_floor_40024.json,e4_noise_floor,40024,9994377,24,40024,meta-llama/Llama-3.1-8B,False,256,0,powerlaw_cluster,15.3203125,False,29,True,blueprint,0.5,scrambled,both,2500,250,Llama-3.1-8B-BluePrint,Llama-3.1-8B,True,0.1984375,0.42726944054711674,-0.0359375,0.0546875,0.99609375,0.63671875,-0.359375,0.03687450625387198,0.9453732087003415,-0.01136271887980969,0.5210805090897449,0.4788373278939317,0.0,0.0,-0.008214723759212283,0.5855823863636364,3.078806025399403,508,0.43700787401574803,1.5415435325442337,,,11,True
visualizer_v2_e4_noise_floor_40025.json,e4_noise_floor,40025,9868514,25,40025,Qwen/Qwen2.5-7B-Instruct,False,256,0,powerlaw_cluster,15.3515625,False,28,True,blueprint,0.5,none,both,2500,250,Qwen2.5-7B-Instruct-BluePrint,Qwen2.5-7B-Instruct,True,0.2703125,0.46157823129251707,-0.00234375,0.1015625,1.0,0.9765625,-0.0234375,0.0,0.16032872589902855,-0.020779220779223357,0.9501305740050198,0.04122137404580153,0.0,0.0,-0.020779220779223357,0.8881392045454546,3.2936812151562083,692,0.20520231213872833,2.155729271772969,,,11,True
visualizer_v2_e4_noise_floor_40026.json,e4_noise_floor,40026,9994378,26,40026,Qwen/Qwen2.5-7B-Instruct,False,256,0,powerlaw_cluster,15.328125,False,28,False,blueprint,0.5,scrambled,both,2500,250,Qwen2.5-7B-Instruct-BluePrint,Qwen2.5-7B-Instruct,True,0.016796875,0.4216666666666667,-0.001953125,0.00546875,1.0,0.98046875,-0.01953125,0.0,0.13880049798406022,-0.010038610038610845,0.962536158492581,0.026503567787971458,0.0,0.0,-0.010038610038610845,0.9829545454545454,0.8801657286557284,43,0.9069767441860465,0.30943404796511625,,,11,True
visualizer_v2_e4_noise_floor_40027.json,e4_noise_floor,40027,9868516,27,40027,meta-llama/Llama-3.1-8B,False,256,0,powerlaw_cluster,15.34375,False,29,True,blueprint,0.5,none,both,2500,250,Llama-3.1-8B-BluePrint,Llama-3.1-8B,True,0.546875,1.0,0.0,0.0625,0.99609375,0.99609375,0.0,0.03687450625387198,0.03687450625387198,-0.0031431714599903186,0.9928439389421948,0.006619144602851324,0.0,0.0,0.0,0.6541193181818182,2.983166478235613,1400,0.26357142857142857,1.9982101658412388,,,11,True
visualizer_v2_e4_noise_floor_40028.json,e4_noise_floor,40028,9868517,28,40028,marcelbinz/Llama-3.1-Minitaur-8B,False,256,0,powerlaw_cluster,15.2890625,False,28,True,blueprint,0.5,none,both,2500,250,Llama-3.1-Minitaur-8B-BluePrint,Llama-3.1-Minitaur-8B,True,0.465234375,0.49527310924369755,-0.006640625,0.151953125,0.6796875,0.61328125,-0.06640625,0.9047209661860878,0.9626493634223954,0.026991633159722528,0.5475817303756715,0.457843638221768,0.0,0.0,0.0316805235697439,0.68359375,2.924392146820372,1191,0.36607892527287994,1.737389180962525,,,11,True
visualizer_v2_e4_noise_floor_40029.json,e4_noise_floor,40029,9868518,29,40029,Qwen/Qwen2.5-7B-Instruct,False,256,0,powerlaw_cluster,15.28125,False,29,True,blueprint,0.5,none,both,2500,250,Qwen2.5-7B-Instruct-BluePrint,Qwen2.5-7B-Instruct,True,0.6671875,0.5023151409037752,0.00234375,0.190234375,0.76171875,0.78515625,0.0234375,0.7921703563573823,0.7506399446452308,0.026697730606609564,0.6971744688437628,0.3537832310838446,0.0,0.0,0.007562889359809893,0.6761363636363636,3.115054417740215,1708,0.19437939110070257,2.2685436387251916,,,11,True
visualizer_v2_e4_noise_floor_40030.json,e4_noise_floor,40030,9868519,30,40030,Qwen/Qwen2.5-7B-Instruct,False,256,0,powerlaw_cluster,15.359375,False,28,True,blueprint,0.5,none,both,2500,250,Qwen2.5-7B-Instruct-BluePrint,Qwen2.5-7B-Instruct,True,0.2703125,0.46157823129251707,-0.00234375,0.097265625,1.0,0.9765625,-0.0234375,0.0,0.16032872589902855,0.004229240003035532,0.9500571562959563,0.04069175991861648,0.0,0.0,0.004229240003035532,0.8881392045454546,3.2936812151562083,692,0.20520231213872833,2.155729271772969,,,11,True
visualizer_v2_e4_noise_floor_40031.json,e4_noise_floor,40031,9868528,31,40031,Qwen/Qwen2.5-7B-Instruct,False,256,0,powerlaw_cluster,15.3203125,False,25,False,blueprint,0.5,none,both,2500,250,Qwen2.5-7B-Instruct-BluePrint,Qwen2.5-7B-Instruct,True,0.0,0.0,0.0,0.0,1.0,1.0,0.0,0.0,0.0,0.0,1.0,0.0,0.0,0.0,0.0,1.0,1.5496926307678223,0,,,,,11,True
visualizer_v2_e4_noise_floor_40032.json,e4_noise_floor,40032,9994505,32,40032,meta-llama/Llama-3.1-8B,False,256,0,powerlaw_cluster,15.3828125,False,25,True,blueprint,0.5,scrambled,both,2500,250,Llama-3.1-8B-BluePrint,Llama-3.1-8B,True,0.09140625,0.5310798170309555,0.0,0.0265625,0.5703125,0.5703125,0.0,0.985687679358613,0.985687679358613,-0.0011393445344667083,0.5072851332758858,0.4977145759268664,0.0,0.0,0.010075897729038063,0.6899857954545454,3.225675660185516,234,0.49572649572649574,1.7624385703323233,,,11,True
visualizer_v2_e4_noise_floor_40033.json,e4_noise_floor,40033,9994681,33,40033,Qwen/Qwen2.5-7B-Instruct,False,256,0,powerlaw_cluster,15.3671875,False,28,True,blueprint,0.5,scrambled,both,2500,250,Qwen2.5-7B-Instruct-BluePrint,Qwen2.5-7B-Instruct,True,0.144140625,0.45171404120056236,-0.007421875,0.05390625,1.0,0.92578125,-0.07421875,0.0,0.3814735439675174,0.03367844664052871,0.882260844999472,0.13573970513472292,0.0,0.0,0.03367844664052871,0.9240056818181818,2.47361275519837,369,0.45528455284552843,1.3277503222953984,,,11,True
visualizer_v2_e4_noise_floor_40034.json,e4_noise_floor,40034,9994682,34,40034,meta-llama/Llama-3.1-8B,False,256,0,powerlaw_cluster,15.234375,False,28,False,blueprint,0.5,scrambled,both,2500,250,Llama-3.1-8B-BluePrint,Llama-3.1-8B,True,0.17734375,0.42962152169332735,-0.03203125,0.055859375,0.84375,0.5234375,-0.3203125,0.6252624052234231,0.9984144269374465,-0.02713801782706604,0.4837107725122525,0.5138461538461538,0.0,0.0,-0.011099788467516102,0.6047585227272727,0.4014573097229004,454,0.9889867841409692,0.28827092511013214,,,11,True
visualizer_v2_e4_noise_floor_40035.json,e4_noise_floor,40035,9994702,35,40035,Qwen/Qwen2.5-7B-Instruct,False,256,0,powerlaw_cluster,15.265625,False,28,True,blueprint,0.5,scrambled,both,2500,250,Qwen2.5-7B-Instruct-BluePrint,Qwen2.5-7B-Instruct,True,0.144140625,0.45171404120056236,-0.007421875,0.05234375,1.0,0.92578125,-0.07421875,0.0,0.3814735439675174,-0.034013631622901,0.8665701817920158,0.14073694984646878,0.0,0.0,-0.034013631622901,0.9240056818181818,2.47361275519837,369,0.45528455284552843,1.3277503222953984,,,11,True
visualizer_v2_e4_noise_floor_40036.json,e4_noise_floor,40036,9868557,36,40036,Qwen/Qwen2.5-7B-Instruct,False,256,0,powerlaw_cluster,15.265625,False,25,True,blueprint,0.5,none,both,2500,250,Qwen2.5-7B-Instruct-BluePrint,Qwen2.5-7B-Instruct,True,0.19296875,0.4655123485197117,-0.00546875,0.0640625,1.0,0.9453125,-0.0546875,0.0,0.30598487371383465,0.012159079124752883,0.8927327877332126,0.07983623336745138,0.0,0.0,0.012159079124752883,0.91015625,3.54049070619724,494,0.20647773279352227,2.1135341011078252,,,11,True
visualizer_v2_e4_noise_floor_40037.json,e4_noise_floor,40037,9994714,37,40037,marcelbinz/Llama-3.1-Minitaur-8B,False,256,0,powerlaw_cluster,15.28125,False,28,False,blueprint,0.5,scrambled,both,2500,250,Llama-3.1-Minitaur-8B-BluePrint,Llama-3.1-Minitaur-8B,True,0.16953125,0.4657505694218724,-0.0140625,0.0484375,0.6796875,0.5390625,-0.140625,0.9047209661860878,0.9955927544527945,0.002726809694771287,0.5046447821172529,0.5035787321063395,0.0,0.0,-0.007226018239327366,0.59375,0.4072954004461115,434,0.9815668202764977,0.23258276029665897,,,11,True
visualizer_v2_e4_noise_floor_40038.json,e4_noise_floor,40038,9868605,38,40038,google/gemma-3-4b-pt,False,256,0,powerlaw_cluster,15.34375,False,25,False,blueprint,0.5,none,both,2500,250,gemma-3-4b-pt-BluePrint,gemma-3-4b-pt,True,0.0,0.0,0.0,0.0,0.50390625,0.50390625,0.0,0.9999559719934967,0.9999559719934967,-0.018693291700658882,0.49787598782401105,0.5101832993890021,0.0,0.0,0.0,0.53515625,0.3373832702636719,0,,,,,11,True
visualizer_v2_e4_noise_floor_40039.json,e4_noise_floor,40039,9994837,39,40039,Qwen/Qwen2.5-7B-Instruct,False,256,0,powerlaw_cluster,15.3125,False,28,False,blueprint,0.5,scrambled,both,2500,250,Qwen2.5-7B-Instruct-BluePrint,Qwen2.5-7B-Instruct,True,0.016796875,0.4216666666666667,-0.001953125,0.0046875,1.0,0.98046875,-0.01953125,0.0,0.13880049798406022,0.028317601332592483,0.9573450908691535,0.025510204081632654,0.0,0.0,0.028317601332592483,0.9829545454545454,0.8801657286557284,43,0.9069767441860465,0.30943404796511625,,,11,True
visualizer_v2_e4_noise_floor_40040.json,e4_noise_floor,40040,9868607,40,40040,meta-llama/Llama-3.1-8B,False,256,0,powerlaw_cluster,15.40625,False,29,False,blueprint,0.5,none,both,2500,250,Llama-3.1-8B-BluePrint,Llama-3.1-8B,True,0.0,0.0,0.0,0.0,0.99609375,0.99609375,0.0,0.03687450625387198,0.03687450625387198,-0.003130380341209569,0.9935545783099028,0.006592292089249493,0.0,0.0,0.0,0.05078125,1.624338150024414,0,,,,,11,True
visualizer_v2_e4_noise_floor_40041.json,e4_noise_floor,40041,9868619,41,40041,google/gemma-3-4b-pt,False,256,0,powerlaw_cluster,15.3359375,False,29,True,blueprint,0.5,none,both,2500,250,gemma-3-4b-pt-BluePrint,gemma-3-4b-pt,True,0.412890625,0.9436337271750806,-0.002734375,0.058203125,0.71484375,0.6875,-0.02734375,0.8623817843585116,0.8960382325345574,-0.017308046400294694,0.5743618275589181,0.43301069791136015,0.0,0.0,0.004312412807009995,0.5678267045454546,1.914741652933034,1057,0.45411542100283825,1.3277744231860145,,,11,True
visualizer_v2_e4_noise_floor_40042.json,e4_noise_floor,40042,9868620,42,40042,google/gemma-3-4b-pt,False,256,0,powerlaw_cluster,15.359375,False,28,True,blueprint,0.5,none,both,2500,250,gemma-3-4b-pt-BluePrint,gemma-3-4b-pt,True,0.309765625,0.5003663003663004,0.005078125,0.0828125,0.55078125,0.6015625,0.05078125,0.9925464978639335,0.9700292494214555,0.006159938519178686,0.4963144296463905,0.47711088504577825,0.0,0.0,0.0024260077569233014,0.7634943181818182,2.8471900302578104,793,0.2837326607818411,1.751919028437303,,,11,True
visualizer_v2_e4_noise_floor_40043.json,e4_noise_floor,40043,9994838,43,40043,meta-llama/Llama-3.1-8B,False,256,0,powerlaw_cluster,15.3671875,False,25,False,blueprint,0.5,scrambled,both,2500,250,Llama-3.1-8B-BluePrint,Llama-3.1-8B,True,0.166015625,0.5489206439291521,0.012109375,0.053515625,0.5703125,0.69140625,0.12109375,0.985687679358613,0.8915435098801499,0.0017080439653476022,0.5922904354412741,0.45348246059989833,0.0,0.0,0.02770274351830499,0.7219460227272727,0.48399613120339136,425,0.971764705882353,0.29696920955882355,,,11,True
visualizer_v2_e4_noise_floor_40044.json,e4_noise_floor,40044,9868701,44,40044,meta-llama/Llama-3.1-8B,False,256,0,powerlaw_cluster,15.2734375,False,28,True,blueprint,0.5,none,both,2500,250,Llama-3.1-8B-BluePrint,Llama-3.1-8B,True,0.30078125,0.5,0.0,0.08359375,0.84375,0.84375,0.0,0.6252624052234231,0.6252624052234231,-0.015961246928853978,0.7228766627812114,0.25933503836317134,0.0,0.0,0.0,0.8075284090909091,2.598909678784284,770,0.32987012987012987,1.7609435638824067,,,11,True
visualizer_v2_e4_noise_floor_40045.json,e4_noise_floor,40045,9868702,45,40045,marcelbinz/Llama-3.1-Minitaur-8B,False,256,0,powerlaw_cluster,15.3984375,False,28,False,blueprint,0.5,none,both,2500,250,Llama-3.1-Minitaur-8B-BluePrint,Llama-3.1-Minitaur-8B,True,0.0,0.0,0.0,0.0,0.6796875,0.6796875,0.0,0.9047209661860878,0.9047209661860878,-0.04919845218352662,0.5551965983155739,0.4485032978183663,0.0,0.0,0.0,0.515625,0.28275299072265625,0,,,,,11,True
visualizer_v2_e4_noise_floor_40046.json,e4_noise_floor,40046,9994839,46,40046,Qwen/Qwen2.5-7B-Instruct,False,256,0,powerlaw_cluster,15.3671875,False,25,True,blueprint,0.5,scrambled,both,2500,250,Qwen2.5-7B-Instruct-BluePrint,Qwen2.5-7B-Instruct,True,0.112890625,0.43573808017830784,-0.008203125,0.041796875,1.0,0.91796875,-0.08203125,0.0,0.4092962956205902,0.000672061829688642,0.8365489920580279,0.12913065582104727,0.0,0.0,0.000672061829688642,0.9339488636363636,2.7137189510871065,289,0.4083044982698962,1.3847067017868728,,,11,True
visualizer_v2_e4_noise_floor_40047.json,e4_noise_floor,40047,9994840,47,40047,marcelbinz/Llama-3.1-Minitaur-8B,False,256,0,powerlaw_cluster,15.296875,False,29,True,blueprint,0.5,scrambled,both,2500,250,Llama-3.1-Minitaur-8B-BluePrint,Llama-3.1-Minitaur-8B,True,0.240234375,0.4418992084414496,-0.026171875,0.07265625,1.0,0.73828125,-0.26171875,0.0,0.829328929927916,0.028496005749509643,0.6206427150254836,0.36670071501532175,0.0,0.0,0.028496005749509643,0.5617897727272727,3.737872250039469,615,0.32682926829268294,1.921943787055287,,,11,True
visualizer_v2_e4_noise_floor_40048.json,e4_noise_floor,40048,9868750,48,40048,google/gemma-3-4b-pt,False,256,0,powerlaw_cluster,15.3671875,False,28,True,blueprint,0.5,none,both,2500,250,gemma-3-4b-pt-BluePrint,gemma-3-4b-pt,True,0.309765625,0.5003663003663004,0.005078125,0.090234375,0.55078125,0.6015625,0.05078125,0.9925464978639335,0.9700292494214555,0.028627247976469327,0.5315346411234089,0.46365022877478396,0.0,0.0,0.0073059675474250185,0.7634943181818182,2.8471900302578104,793,0.2837326607818411,1.751919028437303,,,11,True
visualizer_v2_e4_noise_floor_40049.json,e4_noise_floor,40049,9994851,49,40049,marcelbinz/Llama-3.1-Minitaur-8B,False,256,0,powerlaw_cluster,15.3203125,False,29,False,blueprint,0.5,scrambled,both,2500,250,Llama-3.1-Minitaur-8B-BluePrint,Llama-3.1-Minitaur-8B,True,0.11875,0.37268293264844987,-0.034375,0.032421875,1.0,0.65625,-0.34375,0.0,0.9283620723948678,0.0025894609518556013,0.5614105368046615,0.44773074961754206,0.0,0.0,0.0025894609518556013,0.3426846590909091,1.274593873457475,304,0.6480263157894737,0.8447715357730263,,,11,True
visualizer_v2_e4_noise_floor_40050.json,e4_noise_floor,40050,9994860,50,40050,meta-llama/Llama-3.1-8B,False,256,0,powerlaw_cluster,15.2890625,False,25,True,blueprint,0.5,scrambled,both,2500,250,Llama-3.1-8B-BluePrint,Llama-3.1-8B,True,0.09140625,0.5310798170309555,0.0,0.029296875,0.5703125,0.5703125,0.0,0.985687679358613,0.985687679358613,-0.010535830622304275,0.4806375016927531,0.5038323965252938,0.0,0.0,-0.021685072853073393,0.6899857954545454,3.225675660185516,234,0.49572649572649574,1.7624385703323233,,,11,True
visualizer_v2_e4_noise_floor_40051.json,e4_noise_floor,40051,9994871,51,40051,Qwen/Qwen2.5-7B-Instruct,False,256,0,powerlaw_cluster,15.3359375,False,25,True,blueprint,0.5,scrambled,both,2500,250,Qwen2.5-7B-Instruct-BluePrint,Qwen2.5-7B-Instruct,True,0.112890625,0.43573808017830784,-0.008203125,0.041796875,1.0,0.91796875,-0.08203125,0.0,0.4092962956205902,0.005806646588647301,0.8428355482536783,0.1237901171676006,0.0,0.0,0.005806646588647301,0.9339488636363636,2.7137189510871065,289,0.4083044982698962,1.3847067017868728,,,11,True
visualizer_v2_e4_noise_floor_40052.json,e4_noise_floor,40052,9868775,52,40052,meta-llama/Llama-3.1-8B,False,256,0,powerlaw_cluster,15.328125,False,25,False,blueprint,0.5,none,both,2500,250,Llama-3.1-8B-BluePrint,Llama-3.1-8B,True,0.0,0.0,0.0,0.0,0.5703125,0.5703125,0.0,0.985687679358613,0.985687679358613,0.009917112168325812,0.5055795375863762,0.47196738022426094,0.0,0.0,0.0,0.453125,0.3108100891113281,0,,,,,11,True
visualizer_v2_e4_noise_floor_40053.json,e4_noise_floor,40053,9994872,53,40053,marcelbinz/Llama-3.1-Minitaur-8B,False,256,0,powerlaw_cluster,15.3359375,False,25,False,blueprint,0.5,scrambled,both,2500,250,Llama-3.1-Minitaur-8B-BluePrint,Llama-3.1-Minitaur-8B,True,0.16328125,0.4881924839798262,-0.00703125,0.049609375,0.72265625,0.65234375,-0.0703125,0.8518061887486322,0.9319574523469683,-0.0075325491594797275,0.5453406109565154,0.48089658685685177,0.0,0.0,-0.023368358804176596,0.6903409090909091,0.43681994351473724,418,0.9808612440191388,0.26713423295454547,,,11,True
visualizer_v2_e4_noise_floor_40054.json,e4_noise_floor,40054,9868787,54,40054,meta-llama/Llama-3.1-8B,False,256,0,powerlaw_cluster,15.3359375,False,28,False,blueprint,0.5,none,both,2500,250,Llama-3.1-8B-BluePrint,Llama-3.1-8B,True,0.0,0.0,0.0,0.0,0.84375,0.84375,0.0,0.6252624052234231,0.6252624052234231,0.010713356743399433,0.721226984219027,0.25267447784004077,0.0,0.0,0.0,0.2890625,0.31908607482910156,0,,,,,11,True
visualizer_v2_e4_noise_floor_40055.json,e4_noise_floor,40055,9994879,55,40055,google/gemma-3-4b-pt,False,256,0,powerlaw_cluster,15.3203125,False,28,True,blueprint,0.5,scrambled,both,2500,250,gemma-3-4b-pt-BluePrint,gemma-3-4b-pt,True,0.144140625,0.5317097664855294,0.021484375,0.054296875,0.55078125,0.765625,0.21484375,0.9925464978639335,0.7855602922535473,0.012701789609245796,0.6570046122778496,0.33452320244773076,0.0,0.0,-0.04485675956996144,0.6178977272727273,2.229995948939838,369,0.6856368563685636,0.9523850882925639,,,11,True
visualizer_v2_e4_noise_floor_40056.json,e4_noise_floor,40056,9994892,56,40056,marcelbinz/Llama-3.1-Minitaur-8B,False,256,0,powerlaw_cluster,15.2421875,False,25,True,blueprint,0.5,scrambled,both,2500,250,Llama-3.1-Minitaur-8B-BluePrint,Llama-3.1-Minitaur-8B,True,0.160546875,0.48428763749473813,-0.008203125,0.05625,0.72265625,0.640625,-0.08203125,0.8518061887486322,0.9421631690835512,-0.007144748465247615,0.5250511168066245,0.47565351101998976,0.0,0.0,-0.007109607343349014,0.7017045454545454,3.4654137863862244,411,0.5498783454987834,1.591751903513052,,,11,True
visualizer_v2_e4_noise_floor_40057.json,e4_noise_floor,40057,9868790,57,40057,marcelbinz/Llama-3.1-Minitaur-8B,False,256,0,powerlaw_cluster,15.3515625,False,29,True,blueprint,0.5,none,both,2500,250,Llama-3.1-Minitaur-8B-BluePrint,Llama-3.1-Minitaur-8B,True,0.67265625,1.0,0.0,0.041015625,1.0,1.0,0.0,0.0,0.0,0.0,1.0,0.0,0.0,0.0,0.0,0.6495028409090909,3.778783517805013,1722,0.17305458768873402,2.2963128527420875,,,11,True
visualizer_v2_e4_noise_floor_40058.json,e4_noise_floor,40058,9994893,58,40058,marcelbinz/Llama-3.1-Minitaur-8B,False,256,0,powerlaw_cluster,15.3125,False,28,True,blueprint,0.5,scrambled,both,2500,250,Llama-3.1-Minitaur-8B-BluePrint,Llama-3.1-Minitaur-8B,True,0.178515625,0.4855212465945983,-0.006640625,0.059375,0.6796875,0.61328125,-0.06640625,0.9047209661860878,0.9626493634223954,-0.011579858559132404,0.5299552838973065,0.48367346938775513,0.0,0.0,0.055388193602991354,0.6974431818181818,3.1957610658454625,457,0.5076586433260394,1.5987482944776505,,,11,True
visualizer_v2_e4_noise_floor_40059.json,e4_noise_floor,40059,9868792,59,40059,marcelbinz/Llama-3.1-Minitaur-8B,False,256,0,powerlaw_cluster,15.265625,False,25,True,blueprint,0.5,none,both,2500,250,Llama-3.1-Minitaur-8B-BluePrint,Llama-3.1-Minitaur-8B,True,0.38984375,0.4914965986394558,-0.0109375,0.1296875,0.72265625,0.61328125,-0.109375,0.8518061887486322,0.9626493634223954,-0.03405533912181879,0.49715334967330693,0.5051177072671443,0.0,0.0,-0.01745903142130185,0.7166193181818182,3.2341928116299887,998,0.37074148296593185,1.837653613042736,,,11,True
visualizer_v2_e4_noise_floor_40060.json,e4_noise_floor,40060,9868794,60,40060,google/gemma-3-4b-pt,False,256,0,powerlaw_cluster,15.34375,False,29,False,blueprint,0.5,none,both,2500,250,gemma-3-4b-pt-BluePrint,gemma-3-4b-pt,True,0.0,0.0,0.0,0.0,0.71484375,0.71484375,0.0,0.8623817843585116,0.8623817843585116,0.05555625951935045,0.6099630434595558,0.3864562118126273,0.0,0.0,0.0,0.609375,1.1614646911621094,0,,,,,11,True
visualizer_v2_e4_noise_floor_40061.json,e4_noise_floor,40061,9868795,61,40061,marcelbinz/Llama-3.1-Minitaur-8B,False,256,0,powerlaw_cluster,15.34375,False,28,True,blueprint,0.5,none,both,2500,250,Llama-3.1-Minitaur-8B-BluePrint,Llama-3.1-Minitaur-8B,True,0.465234375,0.49527310924369755,-0.006640625,0.173828125,0.6796875,0.61328125,-0.06640625,0.9047209661860878,0.9626493634223954,0.00959618004576536,0.5424646708639229,0.46588594704684316,0.0,0.0,0.010437799847668449,0.68359375,2.924392146820372,1191,0.36607892527287994,1.737389180962525,,,11,True
visualizer_v2_e4_noise_floor_40062.json,e4_noise_floor,40062,9868796,62,40062,google/gemma-3-4b-pt,False,256,0,powerlaw_cluster,15.3125,False,28,False,blueprint,0.5,none,both,2500,250,gemma-3-4b-pt-BluePrint,gemma-3-4b-pt,True,0.0,0.0,0.0,0.0,0.55078125,0.55078125,0.0,0.9925464978639335,0.9925464978639335,-0.02929042904290419,0.46311526371668654,0.5091836734693878,0.0,0.0,0.0,0.3671875,0.248016357421875,0,,,,,11,True
visualizer_v2_e4_noise_floor_40063.json,e4_noise_floor,40063,9994894,63,40063,meta-llama/Llama-3.1-8B,False,256,0,powerlaw_cluster,15.2734375,False,28,True,blueprint,0.5,scrambled,both,2500,250,Llama-3.1-8B-BluePrint,Llama-3.1-8B,True,0.17421875,0.4426272853113236,-0.0234375,0.051171875,0.84375,0.609375,-0.234375,0.6252624052234231,0.9652016987500656,-0.030056227404060127,0.49938562808166087,0.47365728900255755,0.0,0.0,-0.008844989025519067,0.6725852272727273,2.689648105254905,446,0.5582959641255605,1.3578618823680109,,,11,True
visualizer_v2_e4_noise_floor_40064.json,e4_noise_floor,40064,9868820,64,40064,Qwen/Qwen2.5-7B-Instruct,False,256,0,powerlaw_cluster,15.3359375,False,29,True,blueprint,0.5,none,both,2500,250,Qwen2.5-7B-Instruct-BluePrint,Qwen2.5-7B-Instruct,True,0.6671875,0.5023151409037752,0.00234375,0.1875,0.76171875,0.78515625,0.0234375,0.7921703563573823,0.7506399446452308,0.002283674040884714,0.6691136646369198,0.36984207845135,0.0,0.0,0.006890970709902881,0.6761363636363636,3.115054417740215,1708,0.19437939110070257,2.2685436387251916,,,11,True
visualizer_v2_e4_noise_floor_40065.json,e4_noise_floor,40065,9994970,65,40065,meta-llama/Llama-3.1-8B,False,256,0,powerlaw_cluster,15.359375,False,28,True,blueprint,0.5,scrambled,both,2500,250,Llama-3.1-8B-BluePrint,Llama-3.1-8B,True,0.17421875,0.4426272853113236,-0.0234375,0.053515625,0.84375,0.609375,-0.234375,0.6252624052234231,0.9652016987500656,0.020108507134462026,0.5357497762687315,0.4516785350966429,0.0,0.0,0.03449493332728932,0.6725852272727273,2.689648105254905,446,0.5582959641255605,1.3578618823680109,,,11,True
visualizer_v2_e4_noise_floor_40066.json,e4_noise_floor,40066,9868875,66,40066,meta-llama/Llama-3.1-8B,False,256,0,powerlaw_cluster,15.3828125,False,28,True,blueprint,0.5,none,both,2500,250,Llama-3.1-8B-BluePrint,Llama-3.1-8B,True,0.30078125,0.5,0.0,0.091796875,0.84375,0.84375,0.0,0.6252624052234231,0.6252624052234231,-0.0016371369684098833,0.7239381419320344,0.2559674961909599,0.0,0.0,0.0,0.8075284090909091,2.598909678784284,770,0.32987012987012987,1.7609435638824067,,,11,True
visualizer_v2_e4_noise_floor_40067.json,e4_noise_floor,40067,9994971,67,40067,marcelbinz/Llama-3.1-Minitaur-8B,False,256,0,powerlaw_cluster,15.34375,False,28,True,blueprint,0.5,scrambled,both,2500,250,Llama-3.1-Minitaur-8B-BluePrint,Llama-3.1-Minitaur-8B,True,0.178515625,0.4855212465945983,-0.006640625,0.05703125,0.6796875,0.61328125,-0.06640625,0.9047209661860878,0.9626493634223954,-0.01740944450248163,0.5130308183168134,0.48981670061099797,0.0,0.0,0.01384237868259839,0.6974431818181818,3.1957610658454625,457,0.5076586433260394,1.5987482944776505,,,11,True
visualizer_v2_e4_noise_floor_40068.json,e4_noise_floor,40068,9995014,68,40068,google/gemma-3-4b-pt,False,256,0,powerlaw_cluster,15.3671875,False,28,True,blueprint,0.5,scrambled,both,2500,250,gemma-3-4b-pt-BluePrint,gemma-3-4b-pt,True,0.144140625,0.5317097664855294,0.021484375,0.053125,0.55078125,0.765625,0.21484375,0.9925464978639335,0.7855602922535473,-0.00908603718389334,0.6343667479110743,0.3416370106761566,0.0,0.0,0.0026702851780547893,0.6178977272727273,2.229995948939838,369,0.6856368563685636,0.9523850882925639,,,11,True
visualizer_v2_e4_noise_floor_40069.json,e4_noise_floor,40069,9868889,69,40069,meta-llama/Llama-3.1-8B,False,256,0,powerlaw_cluster,15.375,False,25,False,blueprint,0.5,none,both,2500,250,Llama-3.1-8B-BluePrint,Llama-3.1-8B,True,0.0,0.0,0.0,0.0,0.5703125,0.5703125,0.0,0.985687679358613,0.985687679358613,-0.005051847912789204,0.5145667497979757,0.4801829268292683,0.0,0.0,0.0,0.453125,0.3108100891113281,0,,,,,11,True
visualizer_v2_e4_noise_floor_40070.json,e4_noise_floor,40070,9995015,70,40070,marcelbinz/Llama-3.1-Minitaur-8B,False,256,0,powerlaw_cluster,15.34375,False,29,False,blueprint,0.5,scrambled,both,2500,250,Llama-3.1-Minitaur-8B-BluePrint,Llama-3.1-Minitaur-8B,True,0.11875,0.37268293264844987,-0.034375,0.031640625,1.0,0.65625,-0.34375,0.0,0.9283620723948678,0.0021199035904714953,0.5464002229805855,0.44908350305498984,0.0,0.0,0.0021199035904714953,0.3426846590909091,1.274593873457475,304,0.6480263157894737,0.8447715357730263,,,11,True
visualizer_v2_e4_noise_floor_40071.json,e4_noise_floor,40071,9868904,71,40071,google/gemma-3-4b-pt,False,256,0,powerlaw_cluster,15.28125,False,25,False,blueprint,0.5,none,both,2500,250,gemma-3-4b-pt-BluePrint,gemma-3-4b-pt,True,0.0,0.0,0.0,0.0,0.50390625,0.50390625,0.0,0.9999559719934967,0.9999559719934967,0.033254435636880346,0.5063779050314763,0.48210633946830267,0.0,0.0,0.0,0.53515625,0.3373832702636719,0,,,,,11,True
visualizer_v2_e4_noise_floor_40072.json,e4_noise_floor,40072,9995055,72,40072,meta-llama/Llama-3.1-8B,False,256,0,powerlaw_cluster,15.328125,False,29,False,blueprint,0.5,scrambled,both,2500,250,Llama-3.1-8B-BluePrint,Llama-3.1-8B,True,0.1046875,0.3675656814449918,-0.0328125,0.028125,0.99609375,0.66796875,-0.328125,0.03687450625387198,0.916988243682839,-0.019026500697754776,0.5395353372630948,0.4541284403669725,0.0,0.0,-0.015880115108189704,0.3771306818181818,1.0572743849320845,268,0.835820895522388,0.5027584246735075,,,11,True
visualizer_v2_e4_noise_floor_40073.json,e4_noise_floor,40073,9868906,73,40073,Qwen/Qwen2.5-7B-Instruct,False,256,0,powerlaw_cluster,15.2890625,False,29,False,blueprint,0.5,none,both,2500,250,Qwen2.5-7B-Instruct-BluePrint,Qwen2.5-7B-Instruct,True,0.0,0.0,0.0,0.0,0.76171875,0.76171875,0.0,0.7921703563573823,0.7921703563573823,-0.03156457646877108,0.6207843374348953,0.3888605007664793,0.0,0.0,0.0,0.76171875,1.3495287895202637,0,,,,,11,True
visualizer_v2_e4_noise_floor_40074.json,e4_noise_floor,40074,9868907,74,40074,Qwen/Qwen2.5-7B-Instruct,False,256,0,powerlaw_cluster,15.375,False,25,False,blueprint,0.5,none,both,2500,250,Qwen2.5-7B-Instruct-BluePrint,Qwen2.5-7B-Instruct,True,0.0,0.0,0.0,0.0,1.0,1.0,0.0,0.0,0.0,0.0,1.0,0.0,0.0,0.0,0.0,1.0,1.5496926307678223,0,,,,,11,True
visualizer_v2_e4_noise_floor_40075.json,e4_noise_floor,40075,9868908,75,40075,meta-llama/Llama-3.1-8B,False,256,0,powerlaw_cluster,15.28125,False,28,False,blueprint,0.5,none,both,2500,250,Llama-3.1-8B-BluePrint,Llama-3.1-8B,True,0.0,0.0,0.0,0.0,0.84375,0.84375,0.0,0.6252624052234231,0.6252624052234231,0.005723917973345287,0.7358826344166193,0.25715746421267893,0.0,0.0,0.0,0.2890625,0.31908607482910156,0,,,,,11,True
visualizer_v2_e4_noise_floor_40076.json,e4_noise_floor,40076,9995105,76,40076,Qwen/Qwen2.5-7B-Instruct,False,256,0,powerlaw_cluster,15.3203125,False,25,False,blueprint,0.5,scrambled,both,2500,250,Qwen2.5-7B-Instruct-BluePrint,Qwen2.5-7B-Instruct,True,0.04453125,0.4518780729074847,-0.0046875,0.015234375,1.0,0.953125,-0.046875,0.0,0.2729708579140699,-0.029163815610282876,0.9109748766020196,0.08057113717491075,0.0,0.0,-0.029163815610282876,0.9499289772727273,1.0640070004896685,114,0.8421052631578947,0.45026705557839913,,,11,True
visualizer_v2_e4_noise_floor_40077.json,e4_noise_floor,40077,9869298,77,40077,marcelbinz/Llama-3.1-Minitaur-8B,False,256,0,powerlaw_cluster,15.3046875,False,25,False,blueprint,0.5,none,both,2500,250,Llama-3.1-Minitaur-8B-BluePrint,Llama-3.1-Minitaur-8B,True,0.0,0.0,0.0,0.0,0.72265625,0.72265625,0.0,0.8518061887486322,0.8518061887486322,0.0073888253794420706,0.5891419947021227,0.43644716692189894,0.0,0.0,0.0,0.55859375,0.194549560546875,0,,,,,11,True
visualizer_v2_e4_noise_floor_40078.json,e4_noise_floor,40078,9995106,78,40078,meta-llama/Llama-3.1-8B,False,256,0,powerlaw_cluster,15.328125,False,29,False,blueprint,0.5,scrambled,both,2500,250,Llama-3.1-8B-BluePrint,Llama-3.1-8B,True,0.1046875,0.3675656814449918,-0.0328125,0.026953125,0.99609375,0.66796875,-0.328125,0.03687450625387198,0.916988243682839,0.014844308031767946,0.5282773328184048,0.43425076452599387,0.0,0.0,0.018148532719079395,0.3771306818181818,1.0572743849320845,268,0.835820895522388,0.5027584246735075,,,11,True
visualizer_v2_e4_noise_floor_40079.json,e4_noise_floor,40079,9995107,79,40079,meta-llama/Llama-3.1-8B,False,256,0,powerlaw_cluster,15.3046875,False,25,False,blueprint,0.5,scrambled,both,2500,250,Llama-3.1-8B-BluePrint,Llama-3.1-8B,True,0.166015625,0.5489206439291521,0.012109375,0.062109375,0.5703125,0.69140625,0.12109375,0.985687679358613,0.8915435098801499,0.009299737925785454,0.5954974963378116,0.45380296069423176,0.0,0.0,0.03458247294156859,0.7219460227272727,0.48399613120339136,425,0.971764705882353,0.29696920955882355,,,11,True
visualizer_v2_e4_noise_floor_40080.json,e4_noise_floor,40080,9869301,80,40080,google/gemma-3-4b-pt,False,256,0,powerlaw_cluster,15.25,False,28,False,blueprint,0.5,none,both,2500,250,gemma-3-4b-pt-BluePrint,gemma-3-4b-pt,True,0.0,0.0,0.0,0.0,0.55078125,0.55078125,0.0,0.9925464978639335,0.9925464978639335,0.014095483346321963,0.5108841688971079,0.4887295081967213,0.0,0.0,0.0,0.3671875,0.248016357421875,0,,,,,11,True
visualizer_v2_e4_noise_floor_40081.json,e4_noise_floor,40081,9995108,81,40081,Qwen/Qwen2.5-7B-Instruct,False,256,0,powerlaw_cluster,15.3671875,False,29,True,blueprint,0.5,scrambled,both,2500,250,Qwen2.5-7B-Instruct-BluePrint,Qwen2.5-7B-Instruct,True,0.2578125,0.5099855649327294,0.00703125,0.101953125,0.76171875,0.83203125,0.0703125,0.7921703563573823,0.6530369782801025,0.028978549444402365,0.7354682793778216,0.24046771733604475,0.0,0.0,0.0044934553627850975,0.8323863636363636,2.392523933540691,660,0.43636363636363634,1.4272832350297409,,,11,True
visualizer_v2_e4_noise_floor_40082.json,e4_noise_floor,40082,9869499,82,40082,google/gemma-3-4b-pt,False,256,0,powerlaw_cluster,15.265625,False,25,True,blueprint,0.5,none,both,2500,250,gemma-3-4b-pt-BluePrint,gemma-3-4b-pt,True,0.318359375,0.5001435544071203,0.001953125,0.07265625,0.50390625,0.5234375,0.01953125,0.9999559719934967,0.9984144269374465,-0.022197744535805152,0.4655838587748885,0.5040941658137155,0.0,0.0,0.012970050585273497,0.8046875,2.993982460688461,815,0.25644171779141106,1.7932833993361772,,,11,True
visualizer_v2_e4_noise_floor_40083.json,e4_noise_floor,40083,9995109,83,40083,Qwen/Qwen2.5-7B-Instruct,False,256,0,powerlaw_cluster,15.3203125,False,29,True,blueprint,0.5,scrambled,both,2500,250,Qwen2.5-7B-Instruct-BluePrint,Qwen2.5-7B-Instruct,True,0.2578125,0.5099855649327294,0.00703125,0.0984375,0.76171875,0.83203125,0.0703125,0.7921703563573823,0.6530369782801025,-0.020506732821013098,0.7057893668218417,0.25395206527282,0.0,0.0,0.003521190965738146,0.8323863636363636,2.392523933540691,660,0.43636363636363634,1.4272832350297409,,,11,True
visualizer_v2_e4_noise_floor_40084.json,e4_noise_floor,40084,9869501,84,40084,meta-llama/Llama-3.1-8B,False,256,0,powerlaw_cluster,15.2734375,False,29,True,blueprint,0.5,none,both,2500,250,Llama-3.1-8B-BluePrint,Llama-3.1-8B,True,0.546875,1.0,0.0,0.07421875,0.99609375,0.99609375,0.0,0.03687450625387198,0.03687450625387198,-0.0031576869942906613,0.9909886442746295,0.006649616368286445,0.0,0.0,0.0,0.6541193181818182,2.983166478235613,1400,0.26357142857142857,1.9982101658412388,,,11,True
visualizer_v2_e4_noise_floor_40085.json,e4_noise_floor,40085,9995230,85,40085,google/gemma-3-4b-pt,False,256,0,powerlaw_cluster,15.3671875,False,29,True,blueprint,0.5,scrambled,both,2500,250,gemma-3-4b-pt-BluePrint,gemma-3-4b-pt,True,0.28203125,0.5503919759840968,-0.00390625,0.087890625,0.71484375,0.67578125,-0.0390625,0.8623817843585116,0.908910327410359,0.006570527750673058,0.5496528322223714,0.41891204880528726,0.0,0.0,0.050300927409470286,0.6754261363636364,1.8610560948198491,722,0.4293628808864266,1.426287513690642,,,11,True
visualizer_v2_e4_noise_floor_40086.json,e4_noise_floor,40086,9995231,86,40086,marcelbinz/Llama-3.1-Minitaur-8B,False,256,0,powerlaw_cluster,15.3671875,False,25,True,blueprint,0.5,scrambled,both,2500,250,Llama-3.1-Minitaur-8B-BluePrint,Llama-3.1-Minitaur-8B,True,0.160546875,0.48428763749473813,-0.008203125,0.0609375,0.72265625,0.640625,-0.08203125,0.8518061887486322,0.9421631690835512,-0.04836903638435104,0.5095581562074863,0.4987290289781393,0.0,0.0,-0.023918776327731265,0.7017045454545454,3.4654137863862244,411,0.5498783454987834,1.591751903513052,,,11,True
visualizer_v2_e4_noise_floor_40087.json,e4_noise_floor,40087,9995232,87,40087,google/gemma-3-4b-pt,False,256,0,powerlaw_cluster,15.3671875,False,25,True,blueprint,0.5,scrambled,both,2500,250,gemma-3-4b-pt-BluePrint,gemma-3-4b-pt,True,0.127734375,0.544047006106329,0.015234375,0.044921875,0.50390625,0.65625,0.15234375,0.9999559719934967,0.9283620723948678,0.009220308212126032,0.5653268634152855,0.42653787493645146,0.0,0.0,0.002950239653590994,0.5752840909090909,2.47792191024531,327,0.6085626911314985,1.3260078196860963,,,11,True
visualizer_v2_e4_noise_floor_40088.json,e4_noise_floor,40088,9995245,88,40088,google/gemma-3-4b-pt,False,256,0,powerlaw_cluster,15.328125,False,29,False,blueprint,0.5,scrambled,both,2500,250,gemma-3-4b-pt-BluePrint,gemma-3-4b-pt,True,0.0421875,0.6622868359710464,0.0265625,0.026171875,0.71484375,0.98046875,0.265625,0.8623817843585116,0.13880049798406022,-0.014968710888608294,0.9603683857487473,0.03160040774719674,0.0,0.0,-0.015438673406231798,0.3494318181818182,1.8492376154119319,108,0.7407407407407407,0.6622088396990741,,,11,True
visualizer_v2_e4_noise_floor_40089.json,e4_noise_floor,40089,9869542,89,40089,marcelbinz/Llama-3.1-Minitaur-8B,False,256,0,powerlaw_cluster,15.328125,False,29,False,blueprint,0.5,none,both,2500,250,Llama-3.1-Minitaur-8B-BluePrint,Llama-3.1-Minitaur-8B,True,0.0,0.0,0.0,0.0,1.0,1.0,0.0,0.0,0.0,0.0,1.0,0.0,0.0,0.0,0.0,0.03515625,1.971151351928711,0,,,,,11,True
visualizer_v2_e4_noise_floor_40090.json,e4_noise_floor,40090,9869543,90,40090,meta-llama/Llama-3.1-8B,False,256,0,powerlaw_cluster,15.3515625,False,25,True,blueprint,0.5,none,both,2500,250,Llama-3.1-8B-BluePrint,Llama-3.1-8B,True,0.161328125,0.5105042016806722,0.003515625,0.065234375,0.5703125,0.60546875,0.03515625,0.985687679358613,0.967661552439695,-0.02478073602785619,0.481317410346223,0.4737913486005089,0.0,0.0,-0.0006022119591604196,0.8259943181818182,2.944753499193625,413,0.2711864406779661,2.060230763137485,,,11,True
visualizer_v2_e4_noise_floor_40091.json,e4_noise_floor,40091,9995259,91,40091,google/gemma-3-4b-pt,False,256,0,powerlaw_cluster,15.21875,False,25,True,blueprint,0.5,scrambled,both,2500,250,gemma-3-4b-pt-BluePrint,gemma-3-4b-pt,True,0.127734375,0.544047006106329,0.015234375,0.0421875,0.50390625,0.65625,0.15234375,0.9999559719934967,0.9283620723948678,0.016231476675057154,0.5373065272227893,0.4235112936344969,0.0,0.0,-0.004918439277859638,0.5752840909090909,2.47792191024531,327,0.6085626911314985,1.3260078196860963,,,11,True
visualizer_v2_e4_noise_floor_40092.json,e4_noise_floor,40092,9995297,92,40092,Qwen/Qwen2.5-7B-Instruct,False,256,0,powerlaw_cluster,15.3203125,False,29,False,blueprint,0.5,scrambled,both,2500,250,Qwen2.5-7B-Instruct-BluePrint,Qwen2.5-7B-Instruct,True,0.10625,0.4789218579855392,-0.0046875,0.034375,0.76171875,0.71484375,-0.046875,0.7921703563573823,0.8623817843585116,0.020805392565616285,0.5937329266470802,0.41560428352881185,0.0,0.0,0.016350976634528742,0.7496448863636364,0.9506833770058372,272,0.8345588235294118,0.5163583194508272,,,11,True
visualizer_v2_e4_noise_floor_40093.json,e4_noise_floor,40093,9995298,93,40093,google/gemma-3-4b-pt,False,256,0,powerlaw_cluster,15.3125,False,25,False,blueprint,0.5,scrambled,both,2500,250,gemma-3-4b-pt-BluePrint,gemma-3-4b-pt,True,0.171875,0.5064980970210007,0.0015625,0.0625,0.50390625,0.51953125,0.015625,0.9999559719934967,0.9988990309438097,0.011618154369024122,0.4957742817625288,0.49387755102040815,0.0,0.0,0.007895798336617913,0.6139914772727273,0.31080549413507635,440,0.9977272727272727,0.21749156605113637,,,11,True
visualizer_v2_e4_noise_floor_40094.json,e4_noise_floor,40094,9994095,94,40094,meta-llama/Llama-3.1-8B,False,256,0,powerlaw_cluster,15.3671875,False,29,True,blueprint,0.5,scrambled,both,2500,250,Llama-3.1-8B-BluePrint,Llama-3.1-8B,True,0.1984375,0.42726944054711674,-0.0359375,0.058984375,0.99609375,0.63671875,-0.359375,0.03687450625387198,0.9453732087003415,-0.02128268707268436,0.5157957093238023,0.48957803762074226,0.0,0.0,-0.018144324513336176,0.5855823863636364,3.078806025399403,508,0.43700787401574803,1.5415435325442337,,,11,True
visualizer_v2_e4_noise_floor_40095.json,e4_noise_floor,40095,9858273,95,40095,meta-llama/Llama-3.1-8B,False,256,0,powerlaw_cluster,15.3203125,False,29,False,blueprint,0.5,none,both,2500,250,Llama-3.1-8B-BluePrint,Llama-3.1-8B,True,0.0,0.0,0.0,0.0,0.99609375,0.99609375,0.0,0.03687450625387198,0.03687450625387198,-0.003305915226895985,0.9931136452077702,0.006629270780214177,0.0,0.0,0.0,0.05078125,1.624338150024414,0,,,,,11,True
visualizer_v2_e5_scale_cadence_50000.json,e5_scale_cadence,50000,9832977,0,50000,Qwen/Qwen2.5-7B-Instruct,False,64,0,powerlaw_cluster,13.6875,False,25,False,blueprint,0.5,normal,both,512,64,Qwen2.5-7B-Instruct-BluePrint,Qwen2.5-7B-Instruct,True,0.05859375,0.46071428571428574,-0.01171875,0.0234375,1.0,0.90625,-0.09375,0.0,0.4488644887230295,0.05232674256041538,0.8324862906108821,0.14840182648401826,0.8444142584282248,0.20111027091108372,0.05232674256041538,0.9392361111111112,1.0581257078382704,30,1.0,0.2510579427083333,,,9,True
visualizer_v2_e5_scale_cadence_50001.json,e5_scale_cadence,50001,9832978,1,50001,marcelbinz/Llama-3.1-Minitaur-8B,False,1024,0,powerlaw_cluster,15.787109375,False,28,False,blueprint,0.5,normal,both,8192,1024,Llama-3.1-Minitaur-8B-BluePrint,Llama-3.1-Minitaur-8B,True,0.341064453125,0.5371733127225975,-0.013671875,0.10302734375,0.720703125,0.611328125,-0.109375,0.8544909836023519,0.963937112152157,-0.011778607642291038,0.5099286927176437,0.47903006309538537,0.5292620059210599,0.4291558720430177,-0.004954371108706215,0.435546875,0.3650045659806993,2794,0.9821045096635648,0.24981851106724232,,,9,True
visualizer_v2_e5_scale_cadence_50002.json,e5_scale_cadence,50002,9832979,2,50002,Qwen/Qwen2.5-7B-Instruct,False,64,0,powerlaw_cluster,13.65625,False,28,False,blueprint,0.5,normal,both,512,64,Qwen2.5-7B-Instruct-BluePrint,Qwen2.5-7B-Instruct,True,0.029296875,0.5208333333333333,-0.001953125,0.013671875,1.0,0.984375,-0.015625,0.0,0.11611507530476971,-0.009704251386331054,0.9646343240093241,0.02288329519450801,0.9686201702119493,0.028075152192088386,-0.009704251386331054,0.9809027777777778,0.9317688412136502,15,0.8,0.39161783854166665,,,9,True
visualizer_v2_e5_scale_cadence_50003.json,e5_scale_cadence,50003,9832980,3,50003,Qwen/Qwen2.5-7B-Instruct,False,1024,0,powerlaw_cluster,15.791015625,False,28,False,blueprint,0.5,normal,both,8192,1024,Qwen2.5-7B-Instruct-BluePrint,Qwen2.5-7B-Instruct,True,0.0050048828125,0.4395833333333333,-0.0006103515625,0.0018310546875,1.0,0.9951171875,-0.0048828125,0.0,0.04451776852792862,0.02302723953943645,0.9886083814820429,0.00878169449598021,0.9939905356051028,0.00644398903435464,0.02302723953943645,0.9970703125,1.0942428708076477,41,0.8780487804878049,0.3719333555640244,,,9,True
visualizer_v2_e5_scale_cadence_50004.json,e5_scale_cadence,50004,9832981,4,50004,Qwen/Qwen2.5-7B-Instruct,False,1024,0,powerlaw_cluster,15.8203125,False,28,False,blueprint,0.5,normal,both,8192,1024,Qwen2.5-7B-Instruct-BluePrint,Qwen2.5-7B-Instruct,True,0.0064697265625,0.45357142857142857,-0.0001220703125,0.002685546875,1.0,0.9990234375,-0.0009765625,0.0,0.011173818721219527,-0.0005390109149381816,0.9970825001874942,0.0013580246913580246,0.9993553652670577,0.0005602178237762737,-0.0005390109149381816,0.9966362847222222,1.0962918202082317,53,0.8301886792452831,0.37910432635613206,,,9,True
visualizer_v2_e5_scale_cadence_50005.json,e5_scale_cadence,50005,9832982,5,50005,Qwen/Qwen2.5-7B-Instruct,False,64,0,powerlaw_cluster,13.5625,False,28,False,blueprint,0.5,normal,both,512,64,Qwen2.5-7B-Instruct-BluePrint,Qwen2.5-7B-Instruct,True,0.03125,0.35,0.0,0.013671875,1.0,1.0,0.0,0.0,0.0,0.0,1.0,0.0,1.0,0.0,0.0,0.9809027777777778,0.973541259765625,16,0.9375,0.2871856689453125,,,9,True
visualizer_v2_e5_scale_cadence_50006.json,e5_scale_cadence,50006,9832983,6,50006,Qwen/Qwen2.5-7B-Instruct,False,1024,0,powerlaw_cluster,15.80859375,False,28,False,blueprint,0.5,normal,both,8192,1024,Qwen2.5-7B-Instruct-BluePrint,Qwen2.5-7B-Instruct,True,0.004150390625,0.5,0.0,0.0020751953125,1.0,1.0,0.0,0.0,0.0,0.0,1.0,0.0,1.0,0.0,0.0,0.998046875,1.0806952516237895,34,0.8235294117647058,0.43586282169117646,,,9,True
visualizer_v2_e5_scale_cadence_50007.json,e5_scale_cadence,50007,9832984,7,50007,Qwen/Qwen2.5-7B-Instruct,False,1024,0,powerlaw_cluster,15.79296875,False,29,False,blueprint,0.5,normal,both,8192,1024,Qwen2.5-7B-Instruct-BluePrint,Qwen2.5-7B-Instruct,True,0.111572265625,0.5458609121430298,0.013671875,0.0438232421875,0.744140625,0.853515625,0.109375,0.8204336100852311,0.6009720703926708,0.004463366490105786,0.7563336065185013,0.25068018797922337,0.7553741505118882,0.22491984153472266,-0.00043770724698677464,0.8343098958333334,1.1459212104479473,914,0.812910284463895,0.5827387636547798,,,9,True
visualizer_v2_e5_scale_cadence_50008.json,e5_scale_cadence,50008,9832985,8,50008,Qwen/Qwen2.5-7B-Instruct,False,256,0,powerlaw_cluster,15.3671875,False,29,False,blueprint,0.5,normal,both,2048,256,Qwen2.5-7B-Instruct-BluePrint,Qwen2.5-7B-Instruct,True,0.1845703125,0.4983516998459607,-0.001953125,0.060546875,0.76171875,0.74609375,-0.015625,0.7921703563573823,0.8174108828059471,-0.008025612406024384,0.6223310197610907,0.4255210981189629,0.6038298854480418,0.35104301640952973,-0.017915563193066232,0.7751736111111112,0.9731603728400336,378,0.753968253968254,0.6959930904327877,,,9,True
visualizer_v2_e5_scale_cadence_50009.json,e5_scale_cadence,50009,9832986,9,50009,Qwen/Qwen2.5-7B-Instruct,False,64,0,powerlaw_cluster,13.6875,False,29,False,blueprint,0.5,normal,both,512,64,Qwen2.5-7B-Instruct-BluePrint,Qwen2.5-7B-Instruct,True,0.1328125,0.47559905372405376,-0.00390625,0.0546875,0.796875,0.765625,-0.03125,0.7281342378690551,0.7855602922535473,-0.02875606654382185,0.5917806586307229,0.4132420091324201,0.5698411992877258,0.5063904272782852,0.07381124325323257,0.8211805555555556,1.106673452589247,68,0.6911764705882353,0.6987681669347426,,,9,True
visualizer_v2_e5_scale_cadence_50010.json,e5_scale_cadence,50010,9832987,10,50010,marcelbinz/Llama-3.1-Minitaur-8B,False,256,0,powerlaw_cluster,15.359375,False,29,False,blueprint,0.5,normal,both,2048,256,Llama-3.1-Minitaur-8B-BluePrint,Llama-3.1-Minitaur-8B,True,0.07763671875,0.4567218234981393,-0.00439453125,0.02783203125,1.0,0.96484375,-0.03515625,0.0,0.21962487806876488,-0.02110581236130088,0.9304715609023905,0.11190233977619532,0.9373791557142309,0.07015478499582906,-0.02110581236130088,0.10850694444444445,1.5846023559570312,159,0.610062893081761,0.8380134630503144,,,9,True
visualizer_v2_e5_scale_cadence_50011.json,e5_scale_cadence,50011,9832988,11,50011,marcelbinz/Llama-3.1-Minitaur-8B,False,64,0,powerlaw_cluster,13.75,False,29,False,blueprint,0.5,normal,both,512,64,Llama-3.1-Minitaur-8B-BluePrint,Llama-3.1-Minitaur-8B,True,0.02734375,0.35625,-0.00390625,0.0078125,1.0,0.96875,-0.03125,0.0,0.20062232431271465,-0.02380526221586007,0.968958944281525,0.05909090909090909,0.9658347965420303,0.02357762918865555,-0.02380526221586007,0.052083333333333336,2.0020726521809897,14,0.5,1.33447265625,,,9,True
visualizer_v2_e5_scale_cadence_50012.json,e5_scale_cadence,50012,9832989,12,50012,Qwen/Qwen2.5-7B-Instruct,False,256,0,powerlaw_cluster,15.359375,False,28,False,blueprint,0.5,normal,both,2048,256,Qwen2.5-7B-Instruct-BluePrint,Qwen2.5-7B-Instruct,True,0.0068359375,0.4583333333333333,0.0,0.0029296875,1.0,1.0,0.0,0.0,0.0,0.0,1.0,0.0,1.0,0.0,0.0,0.9969618055555556,1.0870091650221083,14,0.8571428571428571,0.39732142857142855,,,9,True
visualizer_v2_e5_scale_cadence_50013.json,e5_scale_cadence,50013,9832990,13,50013,Qwen/Qwen2.5-7B-Instruct,False,256,0,powerlaw_cluster,15.3671875,False,29,False,blueprint,0.5,normal,both,2048,256,Qwen2.5-7B-Instruct-BluePrint,Qwen2.5-7B-Instruct,True,0.1796875,0.4668226607209912,-0.0126953125,0.05810546875,0.76171875,0.66015625,-0.1015625,0.7921703563573823,0.924669105974498,-0.001421009907128064,0.5454986712009123,0.46009150991357395,0.538208089486809,0.42493665393244745,-0.005906596033238813,0.7400173611111112,0.8937966558668349,368,0.7527173913043478,0.6617819744607677,,,9,True
visualizer_v2_e5_scale_cadence_50014.json,e5_scale_cadence,50014,9832991,14,50014,Qwen/Qwen2.5-7B-Instruct,False,256,0,powerlaw_cluster,15.2734375,False,25,False,blueprint,0.5,normal,both,2048,256,Qwen2.5-7B-Instruct-BluePrint,Qwen2.5-7B-Instruct,True,0.05078125,0.41322272498743085,-0.0048828125,0.0185546875,1.0,0.9609375,-0.0390625,0.0,0.23797715131903663,0.005606192801055087,0.9298960128541315,0.070076726342711,0.9259511004938106,0.0821274769857983,0.005606192801055087,0.9670138888888888,1.2069655259450276,104,0.9519230769230769,0.31457284780649036,,,9,True
visualizer_v2_e5_scale_cadence_50015.json,e5_scale_cadence,50015,9832992,15,50015,Qwen/Qwen2.5-7B-Instruct,False,64,0,powerlaw_cluster,13.59375,False,28,False,blueprint,0.5,normal,both,512,64,Qwen2.5-7B-Instruct-BluePrint,Qwen2.5-7B-Instruct,True,0.0234375,0.25,0.0,0.01171875,1.0,1.0,0.0,0.0,0.0,0.0,1.0,0.0,1.0,0.0,0.0,0.9878472222222222,0.9473809136284722,12,0.75,0.4883321126302083,,,9,True
visualizer_v2_e5_scale_cadence_50016.json,e5_scale_cadence,50016,9832993,16,50016,marcelbinz/Llama-3.1-Minitaur-8B,False,256,0,powerlaw_cluster,15.3125,False,28,False,blueprint,0.5,normal,both,2048,256,Llama-3.1-Minitaur-8B-BluePrint,Llama-3.1-Minitaur-8B,True,0.32568359375,0.5138925712476026,-0.01806640625,0.09033203125,0.6796875,0.53515625,-0.14453125,0.9047209661860878,0.9964308234404787,-0.00925085628970395,0.5054304585239714,0.5025510204081632,0.502018345184161,0.4590076224275731,-0.03984380973796722,0.4605034722222222,0.36029783884684247,667,0.9790104947526237,0.24562669836956522,,,9,True
visualizer_v2_e5_scale_cadence_50017.json,e5_scale_cadence,50017,9832994,17,50017,marcelbinz/Llama-3.1-Minitaur-8B,False,64,0,powerlaw_cluster,13.5625,False,29,False,blueprint,0.5,normal,both,512,64,Llama-3.1-Minitaur-8B-BluePrint,Llama-3.1-Minitaur-8B,True,0.060546875,0.41666666666666663,-0.005859375,0.015625,1.0,0.953125,-0.046875,0.0,0.2729708579140699,-0.02812165673238469,0.8662906113007738,0.07142857142857142,0.8793819138384714,0.15290534291423602,-0.02812165673238469,0.06597222222222222,1.7560390896267362,31,0.5483870967741935,0.8946572580645161,,,9,True
visualizer_v2_e5_scale_cadence_50018.json,e5_scale_cadence,50018,9832995,18,50018,Qwen/Qwen2.5-7B-Instruct,False,1024,0,powerlaw_cluster,15.787109375,False,25,False,blueprint,0.5,normal,both,8192,1024,Qwen2.5-7B-Instruct-BluePrint,Qwen2.5-7B-Instruct,True,0.03369140625,0.4648266408836262,-0.001953125,0.0123291015625,1.0,0.984375,-0.015625,0.0,0.11611507530476971,0.028258322934419135,0.9723687901501187,0.03191884201410367,0.9722130996471636,0.029239247030246628,0.028258322934419135,0.9816623263888888,1.3213910659154255,276,0.8913043478260869,0.38144296839617303,,,9,True
visualizer_v2_e5_scale_cadence_50019.json,e5_scale_cadence,50019,9832996,19,50019,Qwen/Qwen2.5-7B-Instruct,False,256,0,powerlaw_cluster,15.34375,False,25,False,blueprint,0.5,normal,both,2048,256,Qwen2.5-7B-Instruct-BluePrint,Qwen2.5-7B-Instruct,True,0.05908203125,0.5081574675324675,-0.00146484375,0.025390625,1.0,0.98828125,-0.01171875,0.0,0.09198335195381278,0.06502574229494967,0.9736944053139246,0.01374745417515275,0.9845833093172714,0.009670329199046465,0.06502574229494967,0.9696180555555556,1.199104415045844,121,0.8429752066115702,0.4229776681947314,,,9,True
visualizer_v2_e5_scale_cadence_50020.json,e5_scale_cadence,50020,9832997,20,50020,marcelbinz/Llama-3.1-Minitaur-8B,False,1024,0,powerlaw_cluster,15.8125,False,29,False,blueprint,0.5,normal,both,8192,1024,Llama-3.1-Minitaur-8B-BluePrint,Llama-3.1-Minitaur-8B,True,0.0390625,0.4297424889978432,-0.003662109375,0.013671875,1.0,0.970703125,-0.029296875,0.0,0.1908533718933906,0.0008198065256598847,0.9446955134311479,0.0684288537549407,0.9485819123349444,0.05333484646375157,0.0008198065256598847,0.08235677083333333,1.8163693216111925,320,0.590625,0.9487136840820313,,,9,True
visualizer_v2_e5_scale_cadence_50021.json,e5_scale_cadence,50021,9832998,21,50021,Qwen/Qwen2.5-7B-Instruct,False,64,0,powerlaw_cluster,13.59375,False,29,False,blueprint,0.5,normal,both,512,64,Qwen2.5-7B-Instruct-BluePrint,Qwen2.5-7B-Instruct,True,0.1171875,0.47371031746031744,-0.0078125,0.04296875,0.796875,0.734375,-0.0625,0.7281342378690551,0.8351164948421137,-0.028890997287293316,0.6283312964490894,0.4068965517241379,0.572854227765673,0.455998252824684,-0.03168039756623333,0.8177083333333334,1.086228158738878,60,0.75,0.6960795084635417,,,9,True
visualizer_v2_e5_scale_cadence_50022.json,e5_scale_cadence,50022,9832999,22,50022,marcelbinz/Llama-3.1-Minitaur-8B,False,1024,0,powerlaw_cluster,15.802734375,False,25,False,blueprint,0.5,normal,both,8192,1024,Llama-3.1-Minitaur-8B-BluePrint,Llama-3.1-Minitaur-8B,True,0.2142333984375,0.5935326790053039,0.0120849609375,0.0631103515625,0.7744140625,0.87109375,0.0966796875,0.7702368811129258,0.5544309233552464,-0.02055423415752756,0.7730305479211194,0.22469410456062291,0.7831704225748062,0.20071818880927764,-0.012348145274173258,0.3618706597222222,0.4820035828484429,1755,0.9846153846153847,0.2462958789618946,,,9,True
visualizer_v2_e5_scale_cadence_50023.json,e5_scale_cadence,50023,9833000,23,50023,marcelbinz/Llama-3.1-Minitaur-8B,False,64,0,powerlaw_cluster,13.6875,False,28,False,blueprint,0.5,normal,both,512,64,Llama-3.1-Minitaur-8B-BluePrint,Llama-3.1-Minitaur-8B,True,0.314453125,0.5227202128871263,-0.001953125,0.1171875,0.609375,0.59375,-0.015625,0.9652016987500656,0.9744894033980523,-0.05449974433270835,0.5205331995590616,0.5159817351598174,0.5120900495710311,0.5215287508578595,-0.01028438484837036,0.4809027777777778,0.40506235758463544,161,0.9813664596273292,0.2611546486801242,,,9,True
visualizer_v2_e5_scale_cadence_50024.json,e5_scale_cadence,50024,9833001,24,50024,Qwen/Qwen2.5-7B-Instruct,False,1024,0,powerlaw_cluster,15.814453125,False,25,False,blueprint,0.5,normal,both,8192,1024,Qwen2.5-7B-Instruct-BluePrint,Qwen2.5-7B-Instruct,True,0.0391845703125,0.4600524939084741,-0.0032958984375,0.013916015625,1.0,0.9736328125,-0.0263671875,0.0,0.17583270715486818,4.0851585875384806e-05,0.9506162402975763,0.04853649499814746,0.9546751884822972,0.046230129059436124,4.0851585875384806e-05,0.9750434027777778,1.3282105127970378,321,0.8629283489096573,0.3956173335280374,,,9,True
visualizer_v2_e5_scale_cadence_50025.json,e5_scale_cadence,50025,9833002,25,50025,Qwen/Qwen2.5-7B-Instruct,False,256,0,powerlaw_cluster,15.3125,False,29,False,blueprint,0.5,normal,both,2048,256,Qwen2.5-7B-Instruct-BluePrint,Qwen2.5-7B-Instruct,True,0.17041015625,0.4901742168132246,-0.00537109375,0.056640625,0.76171875,0.71875,-0.04296875,0.7921703563573823,0.8571484374283717,-0.008893726284899978,0.5834226716333489,0.43673469387755104,0.5891676163208691,0.3624440221219676,-0.03962357402088716,0.7565104166666666,0.8751188384162055,349,0.8252148997134671,0.5883691126432665,,,9,True
visualizer_v2_e5_scale_cadence_50026.json,e5_scale_cadence,50026,9833003,26,50026,Qwen/Qwen2.5-7B-Instruct,False,64,0,powerlaw_cluster,13.65625,False,25,False,blueprint,0.5,normal,both,512,64,Qwen2.5-7B-Instruct-BluePrint,Qwen2.5-7B-Instruct,True,0.064453125,0.29236111111111107,-0.009765625,0.0234375,1.0,0.921875,-0.078125,0.0,0.3955378064564774,0.009319899244331874,0.8424216072971266,0.16475972540045766,0.8546739064132013,0.16212757823851107,0.009319899244331874,0.953125,1.139455795288086,33,0.9696969696969697,0.3788026751893939,,,9,True
visualizer_v2_e5_scale_cadence_50027.json,e5_scale_cadence,50027,9833004,27,50027,Qwen/Qwen2.5-7B-Instruct,False,1024,0,powerlaw_cluster,15.787109375,False,29,False,blueprint,0.5,normal,both,8192,1024,Qwen2.5-7B-Instruct-BluePrint,Qwen2.5-7B-Instruct,True,0.1192626953125,0.5511462480967356,0.0150146484375,0.04736328125,0.744140625,0.8642578125,0.1201171875,0.8204336100852311,0.5729784327076798,-0.00470902824829402,0.7635356243533773,0.23815415068662626,0.7574860212407384,0.22218203707458414,-0.008752938966174705,0.8314887152777778,1.1073940263854132,977,0.804503582395087,0.568868896734263,,,9,True
visualizer_v2_e5_scale_cadence_50028.json,e5_scale_cadence,50028,9833005,28,50028,Qwen/Qwen2.5-7B-Instruct,False,64,0,powerlaw_cluster,13.65625,False,29,False,blueprint,0.5,normal,both,512,64,Qwen2.5-7B-Instruct-BluePrint,Qwen2.5-7B-Instruct,True,0.107421875,0.5011408730158731,0.005859375,0.046875,0.796875,0.84375,0.046875,0.7281342378690551,0.6252624052234231,-0.015787899012681295,0.6717308492593844,0.2311212814645309,0.6813818077194461,0.33724856227630295,-0.002090782034884017,0.8263888888888888,1.0996592839558919,55,0.8363636363636363,0.5081276633522728,,,9,True
visualizer_v2_e5_scale_cadence_50029.json,e5_scale_cadence,50029,9833006,29,50029,Qwen/Qwen2.5-7B-Instruct,False,1024,0,powerlaw_cluster,15.814453125,False,29,False,blueprint,0.5,normal,both,8192,1024,Qwen2.5-7B-Instruct-BluePrint,Qwen2.5-7B-Instruct,True,0.1192626953125,0.5455777081599755,0.0135498046875,0.04541015625,0.744140625,0.8525390625,0.1083984375,0.8204336100852311,0.6034496551498164,0.005095634900520706,0.7369928382959666,0.25058663702605904,0.7297490339701793,0.257473683651568,0.005496056961676438,0.8279079861111112,1.113916238149007,977,0.81985670419652,0.5533209871977354,,,9,True
visualizer_v2_e5_scale_cadence_50030.json,e5_scale_cadence,50030,9833007,30,50030,marcelbinz/Llama-3.1-Minitaur-8B,False,1024,0,powerlaw_cluster,15.8046875,False,25,False,blueprint,0.5,normal,both,8192,1024,Llama-3.1-Minitaur-8B-BluePrint,Llama-3.1-Minitaur-8B,True,0.246826171875,0.5719129725707921,0.009765625,0.067626953125,0.7744140625,0.8525390625,0.078125,0.7702368811129258,0.6034496551498164,-0.0026100711837594368,0.7393524866459393,0.2764458724666337,0.7736807312003222,0.2129088112852889,0.011082068226866939,0.3549262152777778,0.4828686449262831,2022,0.9821958456973294,0.25749410295344954,,,9,True
visualizer_v2_e5_scale_cadence_50031.json,e5_scale_cadence,50031,9833008,31,50031,marcelbinz/Llama-3.1-Minitaur-8B,False,256,0,powerlaw_cluster,15.3125,False,29,False,blueprint,0.5,normal,both,2048,256,Llama-3.1-Minitaur-8B-BluePrint,Llama-3.1-Minitaur-8B,True,0.09423828125,0.45146910381285377,-0.00244140625,0.03271484375,1.0,0.98046875,-0.01953125,0.0,0.13880049798406022,0.011571885271737635,0.9703955879021807,0.05714285714285714,0.9708002393925326,0.032725059925039574,0.011571885271737635,0.1150173611111111,1.5564041137695312,193,0.7098445595854922,0.8115183775906736,,,9,True
visualizer_v2_e5_scale_cadence_50032.json,e5_scale_cadence,50032,9833009,32,50032,Qwen/Qwen2.5-7B-Instruct,False,64,0,powerlaw_cluster,13.78125,False,28,False,blueprint,0.5,normal,both,512,64,Qwen2.5-7B-Instruct-BluePrint,Qwen2.5-7B-Instruct,True,0.052734375,0.40625,-0.001953125,0.021484375,1.0,0.984375,-0.015625,0.0,0.11611507530476971,-0.004047558816089585,0.9520215895215896,0.02040816326530612,0.9780672212467497,0.03053323896498329,-0.004047558816089585,0.9722222222222222,0.8614192538791232,27,0.9629629629629629,0.26274052372685186,,,9,True
visualizer_v2_e5_scale_cadence_50033.json,e5_scale_cadence,50033,9833010,33,50033,marcelbinz/Llama-3.1-Minitaur-8B,False,64,0,powerlaw_cluster,13.5625,False,28,False,blueprint,0.5,normal,both,512,64,Llama-3.1-Minitaur-8B-BluePrint,Llama-3.1-Minitaur-8B,True,0.2890625,0.5623318649814437,0.03125,0.1171875,0.609375,0.859375,0.25,0.9652016987500656,0.5858732928619206,-0.046454010529575436,0.7619396261852099,0.2511520737327189,0.7695806460235916,0.28578425019558434,-0.00553282927147649,0.3611111111111111,0.49103885226779515,148,0.9797297297297297,0.23643369932432431,,,9,True
visualizer_v2_e5_scale_cadence_50034.json,e5_scale_cadence,50034,9833011,34,50034,marcelbinz/Llama-3.1-Minitaur-8B,False,1024,0,powerlaw_cluster,15.81640625,False,28,False,blueprint,0.5,normal,both,8192,1024,Llama-3.1-Minitaur-8B-BluePrint,Llama-3.1-Minitaur-8B,True,0.35400390625,0.5220078013001342,-0.017822265625,0.106201171875,0.720703125,0.578125,-0.142578125,0.8544909836023519,0.9823166080205502,-0.002131877090772518,0.5194669420354457,0.4809829587552482,0.5111514140162658,0.4387860965307623,-0.008917919390782347,0.4627821180555556,0.40217578411102295,2900,0.9624137931034483,0.28477387526939657,,,9,True
visualizer_v2_e5_scale_cadence_50035.json,e5_scale_cadence,50035,9833012,35,50035,marcelbinz/Llama-3.1-Minitaur-8B,False,1024,0,powerlaw_cluster,15.7890625,False,25,False,blueprint,0.5,normal,both,8192,1024,Llama-3.1-Minitaur-8B-BluePrint,Llama-3.1-Minitaur-8B,True,0.3214111328125,0.5567220039559871,-0.0059814453125,0.096923828125,0.7744140625,0.7265625,-0.0478515625,0.7702368811129258,0.8463541013584316,0.000809327303113683,0.6066315549961949,0.38607125185551705,0.621764539763212,0.34488389908280725,-0.011340289946713052,0.4130859375,0.3899788061777751,2633,0.980630459551842,0.2590390446971136,,,9,True
visualizer_v2_e5_scale_cadence_50036.json,e5_scale_cadence,50036,9833013,36,50036,marcelbinz/Llama-3.1-Minitaur-8B,False,1024,0,powerlaw_cluster,15.810546875,False,29,False,blueprint,0.5,normal,both,8192,1024,Llama-3.1-Minitaur-8B-BluePrint,Llama-3.1-Minitaur-8B,True,0.074462890625,0.43275537618897636,-0.004638671875,0.025634765625,1.0,0.962890625,-0.037109375,0.0,0.2288780584184795,-0.001886111819749513,0.9290403810738849,0.06658431130327362,0.9306811004232226,0.0700578436925648,-0.001886111819749513,0.10145399305555555,1.5744228892856174,610,0.6540983606557377,0.8386542648565574,,,9,True
visualizer_v2_e5_scale_cadence_50037.json,e5_scale_cadence,50037,9833014,37,50037,Qwen/Qwen2.5-7B-Instruct,False,64,0,powerlaw_cluster,13.75,False,25,False,blueprint,0.5,normal,both,512,64,Qwen2.5-7B-Instruct-BluePrint,Qwen2.5-7B-Instruct,True,0.060546875,0.475,-0.009765625,0.025390625,1.0,0.921875,-0.078125,0.0,0.3955378064564774,-0.027397260273972428,0.8540383375447443,0.17045454545454544,0.841077966422669,0.1404120049085134,-0.027397260273972428,0.9548611111111112,1.1125193701850042,31,0.8387096774193549,0.4150449691280242,,,9,True
visualizer_v2_e5_scale_cadence_50038.json,e5_scale_cadence,50038,9833015,38,50038,marcelbinz/Llama-3.1-Minitaur-8B,False,64,0,powerlaw_cluster,13.5,False,25,False,blueprint,0.5,normal,both,512,64,Llama-3.1-Minitaur-8B-BluePrint,Llama-3.1-Minitaur-8B,True,0.31640625,0.518915400059288,-0.01171875,0.10546875,0.640625,0.546875,-0.09375,0.9421631690835512,0.9936507116910405,0.04605971821276244,0.5826122088198815,0.47453703703703703,0.5252895580654667,0.4967778131821261,0.0341514986368112,0.4496527777777778,0.3255886501736111,162,0.9753086419753086,0.2332959587191358,,,9,True
visualizer_v2_e5_scale_cadence_50039.json,e5_scale_cadence,50039,9833016,39,50039,marcelbinz/Llama-3.1-Minitaur-8B,False,1024,0,powerlaw_cluster,15.798828125,False,28,False,blueprint,0.5,normal,both,8192,1024,Llama-3.1-Minitaur-8B-BluePrint,Llama-3.1-Minitaur-8B,True,0.34130859375,0.5320684875572932,-0.016357421875,0.10595703125,0.720703125,0.58984375,-0.130859375,0.8544909836023519,0.9765824414334774,0.021575538410222108,0.5389815759216784,0.4692792681419211,0.5234399802009162,0.43701979298695737,0.028769455049786206,0.4523654513888889,0.3631724781460232,2796,0.9735336194563662,0.25386669502749465,,,9,True
visualizer_v2_e5_scale_cadence_50040.json,e5_scale_cadence,50040,9833017,40,50040,marcelbinz/Llama-3.1-Minitaur-8B,False,1024,0,powerlaw_cluster,15.79296875,False,29,False,blueprint,0.5,normal,both,8192,1024,Llama-3.1-Minitaur-8B-BluePrint,Llama-3.1-Minitaur-8B,True,0.0782470703125,0.44596509925202044,-0.0035400390625,0.02734375,1.0,0.9716796875,-0.0283203125,0.0,0.18589706961664482,-0.014384017871128911,0.9436830153233514,0.04872619342072718,0.9458370521003848,0.05140581162352935,-0.014384017871128911,0.10546875,1.5958614879184299,641,0.6489859594383776,0.8314500353451638,,,9,True
visualizer_v2_e5_scale_cadence_50041.json,e5_scale_cadence,50041,9833018,41,50041,Qwen/Qwen2.5-7B-Instruct,False,256,0,powerlaw_cluster,15.3359375,False,28,False,blueprint,0.5,normal,both,2048,256,Qwen2.5-7B-Instruct-BluePrint,Qwen2.5-7B-Instruct,True,0.00537109375,0.34375,-0.00146484375,0.001953125,1.0,0.98828125,-0.01171875,0.0,0.09198335195381278,-0.01071446084441047,0.9676837865932253,0.021395822720326033,0.9829319975034458,0.017704590268257464,-0.01071446084441047,0.9965277777777778,1.0458838144938152,11,0.9090909090909091,0.3366033380681818,,,9,True
visualizer_v2_e5_scale_cadence_50042.json,e5_scale_cadence,50042,9833019,42,50042,marcelbinz/Llama-3.1-Minitaur-8B,False,256,0,powerlaw_cluster,15.3359375,False,29,False,blueprint,0.5,normal,both,2048,256,Llama-3.1-Minitaur-8B-BluePrint,Llama-3.1-Minitaur-8B,True,0.09033203125,0.40834563446239225,-0.00634765625,0.03125,1.0,0.94921875,-0.05078125,0.0,0.2897064269060978,0.01982210042268605,0.9047132693230203,0.08762098828323994,0.8982973803810731,0.11223971640300406,0.01982210042268605,0.1154513888888889,1.5054634941948786,185,0.6648648648648648,0.8148595861486486,,,9,True
visualizer_v2_e5_scale_cadence_50043.json,e5_scale_cadence,50043,9833020,43,50043,Qwen/Qwen2.5-7B-Instruct,False,1024,0,powerlaw_cluster,15.794921875,False,25,False,blueprint,0.5,normal,both,8192,1024,Qwen2.5-7B-Instruct-BluePrint,Qwen2.5-7B-Instruct,True,0.040771484375,0.43561609226735765,-0.00439453125,0.014404296875,1.0,0.96484375,-0.03515625,0.0,0.21962487806876488,0.004612860548217129,0.9389404383274708,0.07283294175837764,0.9354428016200326,0.06495385996651562,0.004612860548217129,0.9745008680555556,1.338683040605651,334,0.9011976047904192,0.36459825709908306,,,9,True
visualizer_v2_e5_scale_cadence_50044.json,e5_scale_cadence,50044,9833021,44,50044,Qwen/Qwen2.5-7B-Instruct,False,256,0,powerlaw_cluster,15.3203125,False,25,False,blueprint,0.5,normal,both,2048,256,Qwen2.5-7B-Instruct-BluePrint,Qwen2.5-7B-Instruct,True,0.03759765625,0.3891826923076923,-0.00439453125,0.013671875,1.0,0.96484375,-0.03515625,0.0,0.21962487806876488,-0.0364102310620016,0.9271651094487643,0.07088220295767465,0.9079288914127992,0.10372382793160609,-0.0364102310620016,0.9765625,1.237458758884006,77,0.8961038961038961,0.4189492758218344,,,9,True
visualizer_v2_e5_scale_cadence_50045.json,e5_scale_cadence,50045,9833022,45,50045,Qwen/Qwen2.5-7B-Instruct,False,256,0,powerlaw_cluster,15.3203125,False,28,False,blueprint,0.5,normal,both,2048,256,Qwen2.5-7B-Instruct-BluePrint,Qwen2.5-7B-Instruct,True,0.0078125,0.4375,-0.0009765625,0.00341796875,1.0,0.9921875,-0.0078125,0.0,0.06591441234324169,-0.005469150572565193,0.9849228131239837,0.01223865374808771,0.9876174494592892,0.00951583318234385,-0.005469150572565193,0.9956597222222222,1.0716088347964816,16,0.8125,0.444580078125,,,9,True
visualizer_v2_e5_scale_cadence_50046.json,e5_scale_cadence,50046,9833023,46,50046,marcelbinz/Llama-3.1-Minitaur-8B,False,256,0,powerlaw_cluster,15.28125,False,25,False,blueprint,0.5,normal,both,2048,256,Llama-3.1-Minitaur-8B-BluePrint,Llama-3.1-Minitaur-8B,True,0.2880859375,0.5237735263751523,-0.0078125,0.091796875,0.72265625,0.66015625,-0.0625,0.8518061887486322,0.924669105974498,0.023873700423565628,0.5726592677439617,0.4320040899795501,0.5530044318527109,0.4118517714210663,0.05633178587193946,0.3580729166666667,0.4389912287394206,590,0.9813559322033898,0.28144282971398304,,,9,True
visualizer_v2_e5_scale_cadence_50047.json,e5_scale_cadence,50047,9833024,47,50047,marcelbinz/Llama-3.1-Minitaur-8B,False,64,0,powerlaw_cluster,13.40625,False,25,False,blueprint,0.5,normal,both,512,64,Llama-3.1-Minitaur-8B-BluePrint,Llama-3.1-Minitaur-8B,True,0.3203125,0.5204417293233082,0.0078125,0.1015625,0.640625,0.703125,0.0625,0.9421631690835512,0.877437311089633,0.005338078291814998,0.5915739192289413,0.40093240093240096,0.5236270623192905,0.526118222758952,0.004416240438241787,0.3923611111111111,0.3397776285807292,164,0.9939024390243902,0.23599764195884146,,,9,True
visualizer_v2_e5_scale_cadence_50048.json,e5_scale_cadence,50048,9833025,48,50048,marcelbinz/Llama-3.1-Minitaur-8B,False,64,0,powerlaw_cluster,13.53125,False,28,False,blueprint,0.5,normal,both,512,64,Llama-3.1-Minitaur-8B-BluePrint,Llama-3.1-Minitaur-8B,True,0.32421875,0.5176988820890676,0.0,0.095703125,0.609375,0.609375,0.0,0.9652016987500656,0.9652016987500656,0.021801592349702765,0.523511159455468,0.47575057736720555,0.5337342360211437,0.5344060617488637,0.015417260091784828,0.3940972222222222,0.3894755045572917,166,0.9879518072289156,0.2303863893072289,,,9,True
visualizer_v2_e5_scale_cadence_50049.json,e5_scale_cadence,50049,9833026,49,50049,Qwen/Qwen2.5-7B-Instruct,False,256,0,powerlaw_cluster,15.3671875,False,25,False,blueprint,0.5,normal,both,2048,256,Qwen2.5-7B-Instruct-BluePrint,Qwen2.5-7B-Instruct,True,0.046875,0.43981349532820124,-0.00390625,0.01904296875,1.0,0.96875,-0.03125,0.0,0.20062232431271465,0.01781635854904407,0.9398851642617856,0.08591764107778342,0.9533330169151268,0.04473960961421416,0.01781635854904407,0.97265625,1.226141956117418,96,0.8958333333333334,0.3366292317708333,,,9,True
visualizer_v2_e5_scale_cadence_50050.json,e5_scale_cadence,50050,9833027,50,50050,marcelbinz/Llama-3.1-Minitaur-8B,False,64,0,powerlaw_cluster,13.59375,False,29,False,blueprint,0.5,normal,both,512,64,Llama-3.1-Minitaur-8B-BluePrint,Llama-3.1-Minitaur-8B,True,0.04296875,0.3958333333333333,-0.01171875,0.013671875,1.0,0.90625,-0.09375,0.0,0.4488644887230295,-0.03097773475314597,0.8096994898874296,0.1632183908045977,0.8488196384893242,0.17127715144403968,-0.03097773475314597,0.059027777777777776,2.0633680555555554,22,0.36363636363636365,1.3895596590909092,,,9,True
visualizer_v2_e5_scale_cadence_50051.json,e5_scale_cadence,50051,9833028,51,50051,Qwen/Qwen2.5-7B-Instruct,False,256,0,powerlaw_cluster,15.296875,False,29,False,blueprint,0.5,normal,both,2048,256,Qwen2.5-7B-Instruct-BluePrint,Qwen2.5-7B-Instruct,True,0.19140625,0.48673417152194864,-0.0029296875,0.06494140625,0.76171875,0.73828125,-0.0234375,0.7921703563573823,0.829328929927916,-0.002152080344332716,0.6012304045963888,0.3891726251276813,0.5986709248405288,0.37483418320461187,-0.01521484294395725,0.7465277777777778,0.8998582892947726,392,0.8010204081632653,0.6031160938496493,,,9,True
visualizer_v2_e5_scale_cadence_50052.json,e5_scale_cadence,50052,9833029,52,50052,marcelbinz/Llama-3.1-Minitaur-8B,False,64,0,powerlaw_cluster,13.75,False,25,False,blueprint,0.5,normal,both,512,64,Llama-3.1-Minitaur-8B-BluePrint,Llama-3.1-Minitaur-8B,True,0.3515625,0.5043414016324234,-0.0078125,0.1171875,0.640625,0.578125,-0.0625,0.9421631690835512,0.9823166080205502,-0.025906735751295484,0.5192783114141313,0.4909090909090909,0.5252399364269696,0.5185537241820508,0.0016963062165946709,0.4045138888888889,0.3739878336588542,180,0.9722222222222222,0.2935574001736111,,,9,True
visualizer_v2_e5_scale_cadence_50053.json,e5_scale_cadence,50053,9833030,53,50053,Qwen/Qwen2.5-7B-Instruct,False,1024,0,powerlaw_cluster,15.787109375,False,25,False,blueprint,0.5,normal,both,8192,1024,Qwen2.5-7B-Instruct-BluePrint,Qwen2.5-7B-Instruct,True,0.037109375,0.4669212517673167,-0.003173828125,0.01318359375,1.0,0.974609375,-0.025390625,0.0,0.17072104882982966,-0.006917195227755442,0.9500935323338804,0.056043548187554124,0.9527053785090029,0.04315468560093719,-0.006917195227755442,0.9760199652777778,1.327407134903802,304,0.8486842105263158,0.42269074289422287,,,9,True
visualizer_v2_e5_scale_cadence_50054.json,e5_scale_cadence,50054,9833031,54,50054,marcelbinz/Llama-3.1-Minitaur-8B,False,1024,0,powerlaw_cluster,15.791015625,False,28,False,blueprint,0.5,normal,both,8192,1024,Llama-3.1-Minitaur-8B-BluePrint,Llama-3.1-Minitaur-8B,True,0.3270263671875,0.5367823139417549,-0.0157470703125,0.1038818359375,0.720703125,0.5947265625,-0.1259765625,0.8544909836023519,0.9739518946365374,0.02048495470570102,0.5221609397994923,0.4666666666666667,0.5147428996178318,0.43877596399781454,0.02118850568383231,0.4448784722222222,0.36903802553812665,2679,0.9772303098170959,0.24980917115761478,,,9,True
visualizer_v2_e5_scale_cadence_50055.json,e5_scale_cadence,50055,9833032,55,50055,marcelbinz/Llama-3.1-Minitaur-8B,False,256,0,powerlaw_cluster,15.2734375,False,28,False,blueprint,0.5,normal,both,2048,256,Llama-3.1-Minitaur-8B-BluePrint,Llama-3.1-Minitaur-8B,True,0.3330078125,0.5250049351212027,-0.009765625,0.1005859375,0.6796875,0.6015625,-0.078125,0.9047209661860878,0.9700292494214555,-0.02692932267249747,0.48844952561359206,0.5033248081841433,0.5131580869336246,0.44389981274940604,-0.06985999436144316,0.4574652777777778,0.36563724941677517,682,0.9750733137829912,0.24480431520344575,,,9,True
visualizer_v2_e5_scale_cadence_50056.json,e5_scale_cadence,50056,9833033,56,50056,Qwen/Qwen2.5-7B-Instruct,False,64,0,powerlaw_cluster,13.8125,False,25,False,blueprint,0.5,normal,both,512,64,Qwen2.5-7B-Instruct-BluePrint,Qwen2.5-7B-Instruct,True,0.083984375,0.44375,-0.005859375,0.033203125,1.0,0.953125,-0.046875,0.0,0.2729708579140699,0.02008346374543487,0.8975910225750378,0.07692307692307693,0.8901180992424538,0.1067032851187368,0.02008346374543487,0.9427083333333334,1.0874462127685547,43,0.8837209302325582,0.3916838889898256,,,9,True
visualizer_v2_e5_scale_cadence_50057.json,e5_scale_cadence,50057,9833034,57,50057,marcelbinz/Llama-3.1-Minitaur-8B,False,64,0,powerlaw_cluster,13.78125,False,28,False,blueprint,0.5,normal,both,512,64,Llama-3.1-Minitaur-8B-BluePrint,Llama-3.1-Minitaur-8B,True,0.353515625,0.6198788380895663,0.005859375,0.126953125,0.609375,0.65625,0.046875,0.9652016987500656,0.9283620723948678,-0.004001379786133312,0.5052850567452074,0.4489795918367347,0.531183140319745,0.5298856084530736,0.03325972141834324,0.453125,0.35697513156467015,181,0.9723756906077348,0.25264103504834257,,,9,True
visualizer_v2_e5_scale_cadence_50058.json,e5_scale_cadence,50058,9833035,58,50058,marcelbinz/Llama-3.1-Minitaur-8B,False,256,0,powerlaw_cluster,15.3125,False,28,False,blueprint,0.5,normal,both,2048,256,Llama-3.1-Minitaur-8B-BluePrint,Llama-3.1-Minitaur-8B,True,0.3271484375,0.5319366496612716,-0.0087890625,0.10693359375,0.6796875,0.609375,-0.0703125,0.9047209661860878,0.9652016987500656,0.05321832622800918,0.5567671292284809,0.4474489795918367,0.5201693440101371,0.46036953151083104,0.07906245231926773,0.4305555555555556,0.38215721978081596,670,0.9761194029850746,0.26457993236940297,,,9,True
visualizer_v2_e5_scale_cadence_50059.json,e5_scale_cadence,50059,9833036,59,50059,marcelbinz/Llama-3.1-Minitaur-8B,False,256,0,powerlaw_cluster,15.2578125,False,25,False,blueprint,0.5,normal,both,2048,256,Llama-3.1-Minitaur-8B-BluePrint,Llama-3.1-Minitaur-8B,True,0.24853515625,0.5890772958117385,0.02001953125,0.0751953125,0.72265625,0.8828125,0.16015625,0.8518061887486322,0.5212220180699689,-0.036957279681699935,0.781021782215311,0.23860727086533537,0.8241981551299483,0.1611524394682254,-0.03459732975868603,0.3771701388888889,0.6070596906873915,509,0.9685658153241651,0.29202672212671904,,,9,True
visualizer_v2_e5_scale_cadence_50060.json,e5_scale_cadence,50060,9833037,60,50060,marcelbinz/Llama-3.1-Minitaur-8B,False,256,0,powerlaw_cluster,15.28125,False,28,False,blueprint,0.5,normal,both,2048,256,Llama-3.1-Minitaur-8B-BluePrint,Llama-3.1-Minitaur-8B,True,0.333984375,0.542371917619221,0.0009765625,0.11474609375,0.6796875,0.6875,0.0078125,0.9047209661860878,0.8960382325345574,-0.02137650660395518,0.5722287078081129,0.42433537832310836,0.5737605712111853,0.3939780592772387,-0.007115163190314749,0.42578125,0.38445525699191624,684,0.9751461988304093,0.2726172731633772,,,9,True
visualizer_v2_e5_scale_cadence_50061.json,e5_scale_cadence,50061,9833038,61,50061,Qwen/Qwen2.5-7B-Instruct,False,64,0,powerlaw_cluster,13.65625,False,29,False,blueprint,0.5,normal,both,512,64,Qwen2.5-7B-Instruct-BluePrint,Qwen2.5-7B-Instruct,True,0.10546875,0.5511904761904762,0.0078125,0.046875,0.796875,0.859375,0.0625,0.7281342378690551,0.5858732928619206,0.019681706594430335,0.7573667076203221,0.2425629290617849,0.7320652392602002,0.3085929186598672,0.018190163958525216,0.8211805555555556,1.1716045803493924,54,0.8518518518518519,0.5667317708333334,,,9,True
visualizer_v2_e5_scale_cadence_50062.json,e5_scale_cadence,50062,9833039,62,50062,marcelbinz/Llama-3.1-Minitaur-8B,False,256,0,powerlaw_cluster,15.296875,False,29,False,blueprint,0.5,normal,both,2048,256,Llama-3.1-Minitaur-8B-BluePrint,Llama-3.1-Minitaur-8B,True,0.09033203125,0.3833068589116976,-0.01123046875,0.03076171875,1.0,0.91015625,-0.08984375,0.0,0.43594805979000545,-0.03341201307745219,0.7998017204783092,0.18386108273748722,0.8377596395041391,0.164730407599422,-0.03341201307745219,0.12456597222222222,1.5773616366916232,185,0.6378378378378379,0.8420344172297297,,,9,True
visualizer_v2_e5_scale_cadence_50063.json,e5_scale_cadence,50063,9833040,63,50063,marcelbinz/Llama-3.1-Minitaur-8B,False,1024,0,powerlaw_cluster,15.806640625,False,25,False,blueprint,0.5,normal,both,8192,1024,Llama-3.1-Minitaur-8B-BluePrint,Llama-3.1-Minitaur-8B,True,0.3455810546875,0.5314423850638132,-0.0145263671875,0.1004638671875,0.7744140625,0.658203125,-0.1162109375,0.7702368811129258,0.9265278206465941,0.0012045112802211609,0.5607852618380026,0.4414926479673792,0.5463044377866887,0.4110638833051387,0.001248860721316607,0.4322916666666667,0.3577590650982327,2831,0.9819851642529142,0.26451045622129987,,,9,True
visualizer_v2_e5_scale_cadence_50064.json,e5_scale_cadence,50064,9833041,64,50064,Qwen/Qwen2.5-7B-Instruct,False,256,0,powerlaw_cluster,15.34375,False,28,False,blueprint,0.5,normal,both,2048,256,Qwen2.5-7B-Instruct-BluePrint,Qwen2.5-7B-Instruct,True,0.0126953125,0.46354166666666663,-0.0009765625,0.00390625,1.0,0.9921875,-0.0078125,0.0,0.06591441234324169,-0.009223147464968278,0.9887822931759296,0.01985743380855397,0.9883215688943613,0.014275750002103915,-0.009223147464968278,0.9921875,1.0066947407192655,26,0.8076923076923077,0.39693509615384615,,,9,True
visualizer_v2_e5_scale_cadence_50065.json,e5_scale_cadence,50065,9833042,65,50065,marcelbinz/Llama-3.1-Minitaur-8B,False,256,0,powerlaw_cluster,15.296875,False,25,False,blueprint,0.5,normal,both,2048,256,Llama-3.1-Minitaur-8B-BluePrint,Llama-3.1-Minitaur-8B,True,0.29736328125,0.5968672328799849,0.01708984375,0.09033203125,0.72265625,0.859375,0.13671875,0.8518061887486322,0.5858732928619206,-0.029264010870481735,0.7268270219845934,0.21654749744637386,0.7721007200576797,0.21848682034058423,-0.05350679682136346,0.4166666666666667,0.46092065175374347,609,0.9786535303776683,0.26140926467569786,,,9,True
visualizer_v2_e5_scale_cadence_50066.json,e5_scale_cadence,50066,9833043,66,50066,marcelbinz/Llama-3.1-Minitaur-8B,False,64,0,powerlaw_cluster,13.65625,False,29,False,blueprint,0.5,normal,both,512,64,Llama-3.1-Minitaur-8B-BluePrint,Llama-3.1-Minitaur-8B,True,0.0625,0.41041666666666665,-0.00390625,0.0234375,1.0,0.96875,-0.03125,0.0,0.20062232431271465,-0.017744260840638133,0.903372591176939,0.04805491990846682,0.9343706334590893,0.11309213563704121,-0.017744260840638133,0.06076388888888889,1.6944986979166667,32,0.46875,1.0333251953125,,,9,True
visualizer_v2_e5_scale_cadence_50067.json,e5_scale_cadence,50067,9833044,67,50067,Qwen/Qwen2.5-7B-Instruct,False,1024,0,powerlaw_cluster,15.818359375,False,29,False,blueprint,0.5,normal,both,8192,1024,Qwen2.5-7B-Instruct-BluePrint,Qwen2.5-7B-Instruct,True,0.138916015625,0.5256462244260383,0.0087890625,0.0521240234375,0.744140625,0.814453125,0.0703125,0.8204336100852311,0.6920623575822954,-0.00961027253184154,0.6870166517858275,0.2983084331398938,0.6889669882064603,0.29054974132281414,-0.0023772307288160823,0.8152126736111112,1.0400898920165167,1138,0.79701230228471,0.5873019414543058,,,9,True
visualizer_v2_e5_scale_cadence_50068.json,e5_scale_cadence,50068,9833045,68,50068,Qwen/Qwen2.5-7B-Instruct,False,1024,0,powerlaw_cluster,15.818359375,False,28,False,blueprint,0.5,normal,both,8192,1024,Qwen2.5-7B-Instruct-BluePrint,Qwen2.5-7B-Instruct,True,0.0081787109375,0.45840617715617715,-0.0003662109375,0.0032958984375,1.0,0.9970703125,-0.0029296875,0.0,0.028873878370704313,-0.002773444271082793,0.9935594180296893,0.005556241511297691,0.9933232916914928,0.0061091819972938196,-0.002773444271082793,0.9955512152777778,1.0746666424804263,67,0.8955223880597015,0.35048390858208955,,,9,True
visualizer_v2_e5_scale_cadence_50069.json,e5_scale_cadence,50069,9833046,69,50069,marcelbinz/Llama-3.1-Minitaur-8B,False,64,0,powerlaw_cluster,13.625,False,25,False,blueprint,0.5,normal,both,512,64,Llama-3.1-Minitaur-8B-BluePrint,Llama-3.1-Minitaur-8B,True,0.3046875,0.5284197012138189,0.00390625,0.072265625,0.640625,0.671875,0.03125,0.9421631690835512,0.9129992135852474,-0.06693691912200893,0.46361763123803024,0.4541284403669725,0.5272634435008214,0.5172892430134306,-0.03202903060051645,0.3940972222222222,0.3640814887152778,156,0.9935897435897436,0.24908290765224358,,,9,True
visualizer_v2_e5_scale_cadence_50070.json,e5_scale_cadence,50070,9833047,70,50070,marcelbinz/Llama-3.1-Minitaur-8B,False,256,0,powerlaw_cluster,15.34375,False,25,False,blueprint,0.5,normal,both,2048,256,Llama-3.1-Minitaur-8B-BluePrint,Llama-3.1-Minitaur-8B,True,0.38525390625,0.5131862105657976,-0.02197265625,0.11328125,0.72265625,0.546875,-0.17578125,0.8518061887486322,0.9936507116910405,-0.026511688377047805,0.5002415042823267,0.5076374745417516,0.4986965962163907,0.4478994916233381,-0.02013606498276029,0.4735243055555556,0.3539259168836806,789,0.9784537389100126,0.2688993930212294,,,9,True
visualizer_v2_e5_scale_cadence_50071.json,e5_scale_cadence,50071,9832976,71,50071,marcelbinz/Llama-3.1-Minitaur-8B,False,1024,0,powerlaw_cluster,15.810546875,False,29,False,blueprint,0.5,normal,both,8192,1024,Llama-3.1-Minitaur-8B-BluePrint,Llama-3.1-Minitaur-8B,True,0.0736083984375,0.4449721440324854,-0.0047607421875,0.0263671875,1.0,0.9619140625,-0.0380859375,0.0,0.23344638460526349,-0.004085892981373883,0.9224523968390225,0.0625077208153181,0.931829552555375,0.0668736888031837,-0.004085892981373883,0.10774739583333333,1.615524000591702,603,0.6086235489220564,0.9004254443926202,,,9,True
